Workbook

Sheet Policy_Decisions
A1: POLICY DECISIONS
A4: Policy | B4: Selected Decision | C4: Allowed Values | D4: Formula Impact | E4: Owner | F4: Status | G4: Comments
A5: Malus method | B5: Proportional | C5: Proportional | Percentage points | D5: Final Achievement = Gross x (1-Malus), or Gross-Malus | E5: HR / Compensation | F5: Validated
A6: Extra PCS treatment | B6: Additive | C6: Additive | Replacement | D6: Additive sums standard and extra PCS; Replacement keeps the higher PCS award | E6: Operations / HR | F6: Validated
A7: Target bonus rate basis | B7: Monthly | C7: Monthly | Annual | D7: Annual rates are divided by 12 before monthly payout calculation | E7: HR / Payroll | F7: Validated
A8: Proration denominator | B8: Calendar days | C8: Calendar days | Working days | Planned days | D8: Determines how Scheduled Days and Eligible Days must be populated | E8: HR / Payroll | F8: Validated
A9: Absence treatment | B9: KPI only | C9: KPI only | Eligibility only | Both | D9: Prevents unintended double reduction unless Both is explicitly approved | E9: HR / Operations | F9: Validated
A10: Achievement cap | B10: 1.3 | C10: 0% to 200% | D10: Caps Gross Achievement after KPI aggregation | E10: HR / Compensation | F10: Validated
A11: Rounding | B11: Centime | C11: Centime | Whole MAD | D11: Final Payout rounded to 2 decimals or 0 decimals | E11: Payroll | F11: To validate
A12: Employee eligibility | B12: Active eligible population | C12: Policy reference required | D12: Controls joiners, leavers, probation and exclusions | E12: HR | F12: To validate

Sheet Control_Checks
A1: CONTROL CHECKS
A4: Area | B4: Check | C4: Count / Value | D4: Expected | E4: Status | F4: Owner | G4: Evidence | H4: Comment
A5: Monetary inputs | B5: Missing currency | C5: =COUNTIFS(Raw_Data!A5:A206,"<>",Raw_Data!M5:M206,"") -> 0 | D5: 0 | E5: =IF(D5="INFO","INFO",IF(C5=D5,"OK","REVIEW")) -> OK | F5: WFM / HR
A6: Monetary inputs | B6: Currency different from MAD | C6: =COUNTIFS(Raw_Data!A5:A206,"<>",Raw_Data!M5:M206,"<>MAD") -> 0 | D6: 0 | E6: =IF(D6="INFO","INFO",IF(C6=D6,"OK","REVIEW")) -> OK | F6: WFM / HR
A7: Monetary inputs | B7: Missing salary/rate and override | C7: =SUMPRODUCT(--(Raw_Data!A5:A206<>""),--(Raw_Data!P5:P206=""),--((Raw_Data!N5:N206="")+(Raw_Data!O5:O206="")>0)) -> 0 | D7: 0 | E7: =IF(D7="INFO","INFO",IF(C7=D7,"OK","REVIEW")) -> OK | F7: WFM / HR
A8: Proration | B8: Missing or zero Scheduled Days | C8: =SUMPRODUCT(--(Raw_Data!A5:A206<>""),--((Raw_Data!R5:R206="")+(Raw_Data!R5:R206<=0)>0)) -> 0 | D8: 0 | E8: =IF(D8="INFO","INFO",IF(C8=D8,"OK","REVIEW")) -> OK | F8: WFM / HR
A9: Proration | B9: Eligible Days greater than Scheduled Days | C9: =SUMPRODUCT(--(Raw_Data!A5:A206<>""),--(Raw_Data!Q5:Q206>Raw_Data!R5:R206)) -> 0 | D9: 0 | E9: =IF(D9="INFO","INFO",IF(C9=D9,"OK","REVIEW")) -> OK | F9: WFM / HR
A10: Dashboard readiness | B10: Period different from 2026-07 | C10: =COUNTIFS(Raw_Data!A5:A206,"<>",Raw_Data!D5:D206,"<>2026-07") -> 0 | D10: 0 | E10: =IF(D10="INFO","INFO",IF(C10=D10,"OK","REVIEW")) -> OK | F10: WFM / HR
A11: Dashboard readiness | B11: LOB missing from KPI configuration | C11: =SUMPRODUCT(--(Raw_Data!$A$5:$A$206<>""),--(COUNTIF(KPI_Config!$A$5:$A$46,Raw_Data!$C$5:$C$206)=0)) -> 0 | D11: 0 | E11: =IF(D11="INFO","INFO",IF(C11=D11,"OK","REVIEW")) -> OK | F11: WFM / HR
A12: Dashboard readiness | B12: Duplicate Agent ID + Period | C12: =SUMPRODUCT((Raw_Data!A5:A206<>"")*(COUNTIFS(Raw_Data!A5:A206,Raw_Data!A5:A206,Raw_Data!D5:D206,Raw_Data!D5:D206)>1))/2 -> 0 | D12: 0 | E12: =IF(D12="INFO","INFO",IF(C12=D12,"OK","REVIEW")) -> OK | F12: WFM / HR
A13: Policy | B13: Policy decisions not validated | C13: =COUNTIF(Policy_Decisions!F5:F12,"<>Validated") -> 2 | D13: 0 | E13: =IF(D13="INFO","INFO",IF(C13=D13,"OK","REVIEW")) -> REVIEW | F13: WFM / HR
A14: Data status | B14: Synthetic demonstration records | C14: =COUNTIF(Raw_Data!S5:S206,"SYNTHETIC") -> 0 | D14: 0 | E14: =IF(D14="INFO","INFO",IF(C14=D14,"OK","REVIEW")) -> OK | F14: WFM / HR
A15: Roster mapping | B15: Agents without Team Lead mapping | C15: =COUNTIFS(Raw_Data!$A$5:$A$206,"<>",Raw_Data!$T$5:$T$206,"Unmapped") -> 0 | D15: 0 | E15: =IF(C15=D15,"OK","REVIEW") -> OK | F15: WFM / HR
A16: Information | B16: Total loaded records | C16: =COUNTA(Raw_Data!A5:A206) -> 167 | D16: INFO | E16: =IF(D15="INFO","INFO",IF(C15=D15,"OK","REVIEW")) -> OK | F16: WFM / HR
A17: Information | B17: Estimated final payout | C17: =SUM(Results!Y5:Y206) -> 143600 | D17: INFO | E17: =IF(D16="INFO","INFO",IF(C16=D16,"OK","REVIEW")) -> INFO | F17: WFM / HR

Sheet KPI_Config
A1: BONUS CONFIGURATION
A4: Population | B4: KPI | C4: Direction | D4: Tier 1 Bonus % | E4: Tier 1 Target | F4: Tier 2 Bonus % | G4: Tier 2 Target | I4: VOC Detractor Count | J4: Malus Impact
A5: Ford GER | B5: AHT | C5: L | D5: 0.15 | E5: 450 | F5: 0 | G5: 0 | I5: 0 | J5: 0
A6: Ford GER | B6: Productivity | C6: H | D6: 0.15 | E6: 7 | F6: 0 | G6: 0 | I6: 1 | J6: 0.1
A7: Ford GER | B7: PCS Score | C7: H | D7: 0.2 | E7: 4.3 | F7: 0.15 | G7: 4.1 | I7: 2 | J7: 0.2
A8: Ford GER | B8: PCS % (Participation) | C8: H | D8: 0.15 | E8: 0.5 | F8: 0.1 | G8: 0.4 | I8: 3 | J8: 0.5
A9: Ford GER | B9: QM | C9: H | D9: 0.2 | E9: 0.9 | F9: 0.15 | G9: 0.8 | I9: 4 | J9: 0.75
A10: Ford GER | B10: Abs% | C10: L | D10: 0.15 | E10: 0.05 | F10: 0 | G10: 0 | I10: 5 | J10: 1
A11: Ford GER | B11: Extra Bonus (PCS Score) | C11: H | D11: 0.3 | E11: 4.5 | F11: 0.2 | G11: 4.3
A12: Ford Dutch | B12: AHT | C12: L | D12: 0.15 | E12: 450 | F12: 0 | G12: 0 | I12: 0 | J12: 0
A13: Ford Dutch | B13: Productivity | C13: H | D13: 0.15 | E13: 7 | F13: 0 | G13: 0 | I13: 1 | J13: 0.1
A14: Ford Dutch | B14: PCS Score | C14: H | D14: 0.2 | E14: 4.3 | F14: 0.15 | G14: 4.1 | I14: 2 | J14: 0.2
A15: Ford Dutch | B15: PCS % (Participation) | C15: H | D15: 0.15 | E15: 0.5 | F15: 0.1 | G15: 0.4 | I15: 3 | J15: 0.5
A16: Ford Dutch | B16: QM | C16: H | D16: 0.2 | E16: 0.9 | F16: 0.15 | G16: 0.8 | I16: 4 | J16: 0.75
A17: Ford Dutch | B17: Abs% | C17: L | D17: 0.15 | E17: 0.05 | F17: 0 | G17: 0 | I17: 5 | J17: 1
A18: Ford Dutch | B18: Extra Bonus (PCS Score) | C18: H | D18: 0.3 | E18: 4.5 | F18: 0.2 | G18: 4.3
A19: OEM FR | B19: AHT | C19: L | D19: 0.15 | E19: 450 | F19: 0 | G19: 0 | I19: 0 | J19: 0
A20: OEM FR | B20: Productivity | C20: H | D20: 0.15 | E20: 7 | F20: 0 | G20: 0 | I20: 1 | J20: 0.1
A21: OEM FR | B21: PCS Score | C21: H | D21: 0.2 | E21: 4.3 | F21: 0.15 | G21: 4.1 | I21: 2 | J21: 0.2
A22: OEM FR | B22: PCS % (Participation) | C22: H | D22: 0.15 | E22: 0.5 | F22: 0.1 | G22: 0.4 | I22: 3 | J22: 0.5
A23: OEM FR | B23: QM | C23: H | D23: 0.2 | E23: 0.9 | F23: 0.15 | G23: 0.8 | I23: 4 | J23: 0.75
A24: OEM FR | B24: Abs% | C24: L | D24: 0.15 | E24: 0.05 | F24: 0 | G24: 0 | I24: 5 | J24: 1
A25: OEM FR | B25: Extra Bonus (PCS Score) | C25: H | D25: 0.3 | E25: 4.5 | F25: 0.2 | G25: 4.3
A26: RSA FR | B26: AHT | C26: L | D26: 0.15 | E26: 450 | F26: 0 | G26: 0 | I26: 0 | J26: 0
A27: RSA FR | B27: Productivity | C27: H | D27: 0.15 | E27: 7 | F27: 0 | G27: 0 | I27: 1 | J27: 0.1
A28: RSA FR | B28: PCS Score | C28: H | D28: 0.2 | E28: 4.3 | F28: 0.15 | G28: 4.1 | I28: 2 | J28: 0.2
A29: RSA FR | B29: PCS % (Participation) | C29: H | D29: 0.15 | E29: 0.5 | F29: 0.1 | G29: 0.4 | I29: 3 | J29: 0.5
A30: RSA FR | B30: QM | C30: H | D30: 0.2 | E30: 0.9 | F30: 0.15 | G30: 0.8 | I30: 4 | J30: 0.75
A31: RSA FR | B31: Abs% | C31: L | D31: 0.15 | E31: 0.05 | F31: 0 | G31: 0 | I31: 5 | J31: 1
A32: RSA FR | B32: Extra Bonus (PCS Score) | C32: H | D32: 0.3 | E32: 4.5 | F32: 0.2 | G32: 4.3
A33: RSA NL | B33: AHT | C33: L | D33: 0.15 | E33: 450 | F33: 0 | G33: 0 | I33: 0 | J33: 0
A34: RSA NL | B34: Productivity | C34: H | D34: 0.15 | E34: 7 | F34: 0 | G34: 0 | I34: 1 | J34: 0.1
A35: RSA NL | B35: PCS Score | C35: H | D35: 0.2 | E35: 4.3 | F35: 0.15 | G35: 4.1 | I35: 2 | J35: 0.2
A36: RSA NL | B36: PCS % (Participation) | C36: H | D36: 0.15 | E36: 0.5 | F36: 0.1 | G36: 0.4 | I36: 3 | J36: 0.5
A37: RSA NL | B37: QM | C37: H | D37: 0.2 | E37: 0.9 | F37: 0.15 | G37: 0.8 | I37: 4 | J37: 0.75
A38: RSA NL | B38: Abs% | C38: L | D38: 0.15 | E38: 0.05 | F38: 0 | G38: 0 | I38: 5 | J38: 1
A39: RSA NL | B39: Extra Bonus (PCS Score) | C39: H | D39: 0.3 | E39: 4.5 | F39: 0.2 | G39: 4.3
A40: RSA VL | B40: AHT | C40: L | D40: 0.15 | E40: 450 | F40: 0 | G40: 0 | I40: 0 | J40: 0
A41: RSA VL | B41: Productivity | C41: H | D41: 0.15 | E41: 7 | F41: 0 | G41: 0 | I41: 1 | J41: 0.1
A42: RSA VL | B42: PCS Score | C42: H | D42: 0.2 | E42: 4.3 | F42: 0.15 | G42: 4.1 | I42: 2 | J42: 0.2
A43: RSA VL | B43: PCS % (Participation) | C43: H | D43: 0.15 | E43: 0.5 | F43: 0.1 | G43: 0.4 | I43: 3 | J43: 0.5
A44: RSA VL | B44: QM | C44: H | D44: 0.2 | E44: 0.9 | F44: 0.15 | G44: 0.8 | I44: 4 | J44: 0.75
A45: RSA VL | B45: Abs% | C45: L | D45: 0.15 | E45: 0.05 | F45: 0 | G45: 0 | I45: 5 | J45: 1
A46: RSA VL | B46: Extra Bonus (PCS Score) | C46: H | D46: 0.3 | E46: 4.5 | F46: 0.2 | G46: 4.3

Sheet Raw_Data
A1: RAW PERFORMANCE DATA
A4: Agent ID | B4: Agent Name | C4: Population | D4: Period | E4: AHT | F4: Productivity | G4: PCS Score | H4: PCS % Participation | I4: QM | J4: Abs% | K4: VOC Detractor Count | L4: Notes | M4: Currency | N4: Monthly Fixed Salary | O4: Target Bonus Rate | P4: Reference Bonus Override | Q4: Eligible Days | R4: Scheduled Days | S4: Data Status | T4: Team Lead | U4: Ops Manager
A5: 204341 | B5: Felhane Mohamed Amine | C5: Ford GER | D5: 2026-07 | E5: 451.41525 | F5: 7.3103422 | G5: 2.1538462 | H5: 0.091872792 | K5: 0 | M5: MAD | P5: 2000 | Q5: 31 | R5: 31 | S5: ICMP | T5: Grouh Jaouad | U5: Anas OUAKKAD
A6: 204342 | B6: Zekhnini Mustapha | C6: Ford GER | D6: 2026-07 | E6: 664.04077 | F6: 4.9695744 | G6: 4.7142857 | H6: 0.090128755 | K6: 0 | M6: MAD | P6: 2000 | Q6: 31 | R6: 31 | S6: ICMP | T6: Grouh Jaouad | U6: Anas OUAKKAD
A7: 204343 | B7: Talhajit Abdellah | C7: Ford GER | D7: 2026-07 | E7: 589.97174 | F7: 5.5934883 | G7: 1 | H7: 0.109375 | K7: 0 | M7: MAD | P7: 2000 | Q7: 31 | R7: 31 | S7: ICMP | T7: Grouh Jaouad | U7: Anas OUAKKAD
A8: 204344 | B8: AYMAZ Abdelhay | C8: Ford GER | D8: 2026-07 | E8: 717.1025 | F8: 4.6018526 | G8: 4.7 | H8: 0.12389381 | K8: 0 | M8: MAD | P8: 2000 | Q8: 31 | R8: 31 | S8: ICMP | T8: Grouh Jaouad | U8: Anas OUAKKAD
A9: 204345 | B9: MOUSSA Amjad | C9: Ford GER | D9: 2026-07 | E9: 784.95633 | F9: 4.2040555 | G9: 4 | H9: 0.029850746 | K9: 0 | M9: MAD | P9: 2000 | Q9: 31 | R9: 31 | S9: ICMP | T9: Grouh Jaouad | U9: Anas OUAKKAD
A10: 204602 | B10: DRISSI Sidi Youssef | C10: Ford GER | D10: 2026-07 | E10: 707.70197 | F10: 4.6629798 | G10: 3.8461538 | H10: 0.082987552 | K10: 0 | M10: MAD | P10: 2000 | Q10: 31 | R10: 31 | S10: ICMP | T10: Grouh Jaouad | U10: Anas OUAKKAD
A11: 204349 | B11: NABACH Lara | C11: Ford GER | D11: 2026-07 | E11: 459.94248 | F11: 7.1748102 | G11: 4.2222222 | H11: 0.10655738 | K11: 0 | M11: MAD | P11: 2000 | Q11: 31 | R11: 31 | S11: ICMP | T11: Grouh Jaouad | U11: Anas OUAKKAD
A12: 228205 | B12: Mohamed Amine MERSAK | C12: OEM FR | D12: 2026-07 | E12: 437.32258 | F12: 7.5459172 | G12: 4.9310345 | H12: 0.39303483 | I12: 0.636 | K12: 0 | M12: MAD | P12: 2000 | Q12: 31 | R12: 31 | S12: ICMP | T12: Farouk BOUAZZAOUI | U12: Anas OUAKKAD
A13: 204018 | B13: Mejhed Asmaa | C13: Ford Dutch | D13: 2026-07 | G13: 4.1111111 | H13: 0.056672761 | I13: 0 | K13: 0 | M13: MAD | P13: 2000 | Q13: 31 | R13: 31 | S13: ICMP | T13: DERRAZI Ilyasse | U13: Anas OUAKKAD
A14: 250749 | B14: Achraf ENNAJAH | C14: OEM FR | D14: 2026-07 | K14: 0 | M14: MAD | P14: 2000 | Q14: 31 | R14: 31 | S14: ICMP | T14: Zineb MOUFID | U14: Anas OUAKKAD
A15: 250750 | B15: Ayoub EL ADRAOUI | C15: OEM FR | D15: 2026-07 | K15: 0 | M15: MAD | P15: 2000 | Q15: 31 | R15: 31 | S15: ICMP | T15: Kenza EL MOUMNI | U15: Anas OUAKKAD
A16: 266361 | B16: Mohamed Zuljami | C16: RSA VL | D16: 2026-07 | K16: 0 | M16: MAD | P16: 2000 | Q16: 31 | R16: 31 | S16: ICMP | T16: KAIKAI Faissal | U16: Anas OUAKKAD
A17: 204037 | B17: Ouadie REGRAGUI | C17: RSA NL | D17: 2026-07 | E17: 497.66292 | F17: 6.6309943 | G17: 3 | H17: 0.036184211 | I17: 0.88 | J17: 0.14 | K17: 0 | M17: MAD | P17: 2000 | Q17: 31 | R17: 31 | S17: ICMP | T17: EL GHAZI Youssef | U17: Anas OUAKKAD
A18: 232195 | B18: Khalid BOJADA | C18: RSA NL | D18: 2026-07 | E18: 431.0938 | F18: 7.6549466 | G18: 4.1707317 | H18: 0.10742188 | I18: 0.45 | J18: 0.12 | K18: 0 | M18: MAD | P18: 2000 | Q18: 31 | R18: 31 | S18: ICMP | T18: EL GHAZI Youssef | U18: Anas OUAKKAD
A19: 228217 | B19: Zineb ZAAROURI | C19: OEM FR | D19: 2026-07 | E19: 457.88506 | F19: 7.2070489 | G19: 5 | H19: 0.19166667 | I19: 0.849 | J19: 0 | K19: 0 | M19: MAD | P19: 2000 | Q19: 31 | R19: 31 | S19: ICMP | T19: Malak AZERKI | U19: Anas OUAKKAD
A20: 204033 | B20: Oulad Abdelaziz Youssef | C20: Ford Dutch | D20: 2026-07 | E20: 331.95904 | F20: 9.9409854 | G20: 3.5294118 | H20: 0.059925094 | I20: 0.2 | J20: 0.2 | K20: 0 | M20: MAD | P20: 2000 | Q20: 31 | R20: 31 | S20: ICMP | T20: EL GHAZI Youssef | U20: Anas OUAKKAD
A21: 228202 | B21: Youssef AZIZ | C21: OEM FR | D21: 2026-07 | E21: 619.22154 | F21: 5.329272 | G21: 4.627451 | H21: 0.37016575 | I21: 0.56416667 | J21: 0 | K21: 0 | M21: MAD | P21: 2000 | Q21: 31 | R21: 31 | S21: ICMP | T21: Kenza EL MOUMNI | U21: Anas OUAKKAD
A22: 228201 | B22: Youssef AMNAD | C22: OEM FR | D22: 2026-07 | E22: 459.58571 | F22: 7.1803798 | G22: 4.9705882 | H22: 0.28965517 | I22: 0.65666667 | J22: 0 | K22: 0 | M22: MAD | P22: 2000 | Q22: 31 | R22: 31 | S22: ICMP | T22: Malak AZERKI | U22: Anas OUAKKAD
A23: 250753 | B23: Youness ZBATI | C23: OEM FR | D23: 2026-07 | J23: 0 | K23: 0 | M23: MAD | P23: 2000 | Q23: 31 | R23: 31 | S23: ICMP | T23: Kenza EL MOUMNI | U23: Anas OUAKKAD
A24: 249778 | B24: Youness OUAHBI | C24: RSA FR | D24: 2026-07 | J24: 0 | K24: 0 | M24: MAD | P24: 2000 | Q24: 31 | R24: 31 | S24: ICMP | T24: Farouk BOUAZZAOUI | U24: Anas OUAKKAD
A25: 96496 | B25: HADRI Younes | C25: RSA VL | D25: 2026-07 | E25: 323.5027 | F25: 10.200842 | G25: 3.3333333 | H25: 0.075812274 | I25: 0.96333333 | J25: 0 | K25: 0 | M25: MAD | P25: 2000 | Q25: 31 | R25: 31 | S25: ICMP | T25: Glenn Antoon | U25: Anas OUAKKAD
A26: 228215 | B26: Younes EL FELLAH EL OUAZZANI | C26: OEM FR | D26: 2026-07 | E26: 450.93291 | F26: 7.3181619 | G26: 4.5882353 | H26: 0.20098039 | I26: 0.66461538 | J26: 0 | K26: 0 | M26: MAD | P26: 2000 | Q26: 31 | R26: 31 | S26: ICMP | T26: Zineb MOUFID | U26: Anas OUAKKAD
A27: 228211 | B27: Yazid LAGDEM | C27: OEM FR | D27: 2026-07 | E27: 630.17832 | F27: 5.236613 | G27: 4.8918919 | H27: 0.29310345 | I27: 0.76 | J27: 0 | K27: 0 | M27: MAD | P27: 2000 | Q27: 31 | R27: 31 | S27: ICMP | T27: Kenza EL MOUMNI | U27: Anas OUAKKAD
A28: 232196 | B28: Yassir Issarti | C28: RSA NL | D28: 2026-07 | E28: 645.55617 | F28: 5.1118712 | G28: 4.2142857 | H28: 0.089775561 | I28: 0.176 | J28: 0 | K28: 0 | M28: MAD | P28: 2000 | Q28: 31 | R28: 31 | S28: ICMP | T28: AL TAMIMI Zeynab | U28: Anas OUAKKAD
A29: 203614 | B29: El Mekkaoui Yassir | C29: OEM FR | D29: 2026-07 | E29: 477.53503 | F29: 6.9104878 | G29: 4.5925926 | H29: 0.20574163 | I29: 0.62714286 | J29: 0 | K29: 0 | M29: MAD | P29: 2000 | Q29: 31 | R29: 31 | S29: ICMP | T29: Zineb MOUFID | U29: Anas OUAKKAD
A30: 244554 | B30: Yassine Athmane | C30: RSA NL | D30: 2026-07 | K30: 0 | M30: MAD | P30: 2000 | Q30: 31 | R30: 31 | S30: ICMP | T30: KAIKAI Faissal | U30: Anas OUAKKAD
A31: 203646 | B31: Jemkar Yasmine | C31: OEM FR | D31: 2026-07 | E31: 365.87097 | F31: 9.0195733 | G31: 4.5405405 | H31: 0.20425532 | I31: 0.67923077 | J31: 0 | K31: 0 | M31: MAD | P31: 2000 | Q31: 31 | R31: 31 | S31: ICMP | T31: Kenza EL MOUMNI | U31: Anas OUAKKAD
A32: 96486 | B32: EL BAROUDI El Yassmine | C32: RSA NL | D32: 2026-07 | E32: 246.35317 | F32: 13.395403 | G32: 3.375 | H32: 0.067039106 | I32: 0.2075 | J32: 0 | K32: 0 | M32: MAD | P32: 2000 | Q32: 31 | R32: 31 | S32: ICMP | T32: AL TAMIMI Zeynab | U32: Anas OUAKKAD
A33: 204024 | B33: Van der Laan Tim | C33: Ford Dutch | D33: 2026-07 | E33: 374.85809 | F33: 8.8033314 | G33: 4.1568627 | H33: 0.11347518 | I33: 0 | J33: 0.15 | K33: 0 | M33: MAD | P33: 2000 | Q33: 31 | R33: 31 | S33: ICMP | T33: EL GHAZI Youssef | U33: Anas OUAKKAD
A34: 224102 | B34: Tasnim NAJI | C34: RSA NL | D34: 2026-07 | E34: 574 | F34: 5.7491289 | G34: 4 | H34: 0.062135922 | I34: 0.58666667 | J34: 0.09 | K34: 0 | M34: MAD | P34: 2000 | Q34: 31 | R34: 31 | S34: ICMP | T34: JEANNE NKIKIO RWIBUTSO | U34: Anas OUAKKAD
A35: 228213 | B35: Taoufik MANOUNI | C35: OEM FR | D35: 2026-07 | E35: 415.82136 | F35: 7.9361003 | G35: 4.7083333 | H35: 0.40863787 | I35: 0.73083333 | J35: 0 | K35: 0 | M35: MAD | P35: 2000 | Q35: 31 | R35: 31 | S35: ICMP | T35: Zineb MOUFID | U35: Anas OUAKKAD
A36: 244550 | B36: taissir Bakour | C36: RSA NL | D36: 2026-07 | K36: 0 | M36: MAD | P36: 2000 | Q36: 31 | R36: 31 | S36: ICMP | T36: KAIKAI Faissal | U36: Anas OUAKKAD
A37: 207437 | B37: Taha Aboulhaoul | C37: RSA FR | D37: 2026-07 | E37: 303.85647 | F37: 10.860391 | G37: 2.9090909 | H37: 0.061630219 | I37: 0.79571429 | J37: 0 | K37: 0 | M37: MAD | P37: 2000 | Q37: 31 | R37: 31 | S37: ICMP | T37: Mohamed-Amine SADKI | U37: Anas OUAKKAD
A38: 240747 | B38: Soufiane ROUH | C38: RSA NL | D38: 2026-07 | G38: 1 | H38: 0.05 | K38: 0 | M38: MAD | P38: 2000 | Q38: 31 | R38: 31 | S38: ICMP | T38: EL GHAZI Youssef | U38: Anas OUAKKAD
A39: 221751 | B39: Shaib Hashemi | C39: RSA NL | D39: 2026-07 | E39: 375.34 | F39: 8.7920286 | G39: 3.4 | H39: 0.053299492 | I39: 0 | J39: 0.3 | K39: 0 | M39: MAD | P39: 2000 | Q39: 31 | R39: 31 | S39: ICMP | T39: JEANNE NKIKIO RWIBUTSO | U39: Anas OUAKKAD
A40: 232190 | B40: SCOTT BAHRU DE COENE | C40: RSA VL | D40: 2026-07 | E40: 523.15679 | F40: 6.3078603 | G40: 2.7142857 | H40: 0.057522124 | I40: 0.625 | J40: 0 | K40: 0 | M40: MAD | P40: 2000 | Q40: 31 | R40: 31 | S40: ICMP | T40: Glenn Antoon | U40: Anas OUAKKAD
A41: 204045 | B41: Ait El Bashir Salah Eddine | C41: Ford Dutch | D41: 2026-07 | E41: 358.18152 | F41: 9.2132057 | G41: 4.2278481 | H41: 0.18081181 | I41: 0.66666667 | J41: 0.01 | K41: 0 | M41: MAD | P41: 2000 | Q41: 31 | R41: 31 | S41: ICMP | T41: DERRAZI Ilyasse | U41: Anas OUAKKAD
A42: 96457 | B42: SAMAR Said | C42: RSA NL | D42: 2026-07 | E42: 446.86827 | F42: 7.3847266 | G42: 3.6078431 | H42: 0.12006861 | I42: 0.29333333 | J42: 0.13 | K42: 0 | M42: MAD | P42: 2000 | Q42: 31 | R42: 31 | S42: ICMP | T42: JEANNE NKIKIO RWIBUTSO | U42: Anas OUAKKAD
A43: 96526 | B43: HAJHOUJ Said | C43: RSA NL | D43: 2026-07 | E43: 305.96697 | F43: 10.785478 | G43: 2.75 | H43: 0.079365079 | I43: 0.6 | J43: 0.28 | K43: 0 | M43: MAD | P43: 2000 | Q43: 31 | R43: 31 | S43: ICMP | T43: AL TAMIMI Zeynab | U43: Anas OUAKKAD
A44: 204049 | B44: Chantoufi Said | C44: Ford Dutch | D44: 2026-07 | E44: 460.69303 | F44: 7.1631212 | G44: 4.3819444 | H44: 0.23766816 | I44: 0.15833333 | J44: 0.06 | K44: 0 | M44: MAD | P44: 2000 | Q44: 31 | R44: 31 | S44: ICMP | T44: EL GHAZI Youssef | U44: Anas OUAKKAD
A45: 204047 | B45: Rhauni Safwane | C45: Ford Dutch | D45: 2026-07 | E45: 341.5661 | F45: 9.6613803 | G45: 3.4375 | H45: 0.043392505 | I45: 0 | J45: 0 | K45: 0 | M45: MAD | P45: 2000 | Q45: 31 | R45: 31 | S45: ICMP | T45: DERRAZI Ilyasse | U45: Anas OUAKKAD
A46: 96516 | B46: EZZOHARI Saad | C46: RSA NL | D46: 2026-07 | E46: 305.45571 | F46: 10.80353 | G46: 3.7258065 | H46: 0.091 | I46: 0 | J46: 0 | K46: 0 | M46: MAD | P46: 2000 | Q46: 31 | R46: 31 | S46: ICMP | T46: AL TAMIMI Zeynab | U46: Anas OUAKKAD
A47: 244553 | B47: Rim Fatih | C47: RSA NL | D47: 2026-07 | K47: 0 | M47: MAD | P47: 2000 | Q47: 31 | R47: 31 | S47: ICMP | T47: KAIKAI Faissal | U47: Anas OUAKKAD
A48: 232188 | B48: Redwane Ajouaoui | C48: RSA VL | D48: 2026-07 | E48: 310.33634 | F48: 10.633624 | G48: 4.5625 | H48: 0.05801105 | I48: 0.89 | J48: 0 | K48: 0 | M48: MAD | P48: 2000 | Q48: 31 | R48: 31 | S48: ICMP | T48: Glenn Antoon | U48: Anas OUAKKAD
A49: 205224 | B49: Ghalbi Redouane | C49: Ford Dutch | D49: 2026-07 | E49: 410.71875 | F49: 8.0346953 | G49: 4.1363636 | H49: 0.076732673 | I49: 0 | J49: 0.29 | K49: 0 | M49: MAD | P49: 2000 | Q49: 31 | R49: 31 | S49: ICMP | T49: EL GHAZI Youssef | U49: Anas OUAKKAD
A50: 96462 | B50: OUASKIOT Rachida | C50: RSA NL | D50: 2026-07 | E50: 381.71457 | F50: 8.6452031 | G50: 3.8333333 | H50: 0.069148936 | I50: 0.88 | J50: 0 | K50: 0 | M50: MAD | P50: 2000 | Q50: 31 | R50: 31 | S50: ICMP | T50: JEANNE NKIKIO RWIBUTSO | U50: Anas OUAKKAD
A51: 134404 | B51: Rachid Mourad | C51: RSA NL | D51: 2026-07 | K51: 0 | M51: MAD | P51: 2000 | Q51: 31 | R51: 31 | S51: ICMP | T51: Glenn Antoon | U51: Anas OUAKKAD
A52: 96523 | B52: EL HARRAK Rachid | C52: RSA NL | D52: 2026-07 | E52: 326.95088 | F52: 10.093259 | G52: 3.4193548 | H52: 0.063354037 | I52: 0.075 | J52: 0.1 | K52: 0 | M52: MAD | P52: 2000 | Q52: 31 | R52: 31 | S52: ICMP | T52: AL TAMIMI Zeynab | U52: Anas OUAKKAD
A53: 203627 | B53: Sy Ousmane | C53: OEM FR | D53: 2026-07 | E53: 578.25556 | F53: 5.7068194 | G53: 4.962963 | H53: 0.32407407 | I53: 0.58769231 | J53: 0 | K53: 0 | M53: MAD | P53: 2000 | Q53: 31 | R53: 31 | S53: ICMP | T53: Kenza EL MOUMNI | U53: Anas OUAKKAD
A54: 249777 | B54: Oumaima LARIANI | C54: RSA FR | D54: 2026-07 | J54: 0 | K54: 0 | M54: MAD | P54: 2000 | Q54: 31 | R54: 31 | S54: ICMP | T54: Farouk BOUAZZAOUI | U54: Anas OUAKKAD
A55: 207051 | B55: Fifadji Orphélia Yvelines | C55: OEM FR | D55: 2026-07 | E55: 520.44295 | F55: 6.3407526 | G55: 4.9411765 | H55: 0.10984848 | I55: 0.68142857 | J55: 0 | K55: 0 | M55: MAD | P55: 2000 | Q55: 31 | R55: 31 | S55: ICMP | T55: Zineb MOUFID | U55: Anas OUAKKAD
A56: 144565 | B56: NABAT Nouhaila | C56: RSA FR | D56: 2026-07 | E56: 334.34836 | F56: 9.8699452 | G56: 3.6206897 | H56: 0.10644258 | I56: 0.9 | J56: 0 | K56: 0 | M56: MAD | P56: 2000 | Q56: 31 | R56: 31 | S56: ICMP | T56: Mohamed-Amine SADKI | U56: Anas OUAKKAD
A57: 203080 | B57: Lamtibbou Nizar | C57: RSA FR | D57: 2026-07 | E57: 257.51675 | F57: 12.8147 | G57: 2.2727273 | H57: 0.06744186 | I57: 0.55333333 | J57: 0.13 | K57: 0 | M57: MAD | P57: 2000 | Q57: 31 | R57: 31 | S57: ICMP | T57: Mohamed-Amine SADKI | U57: Anas OUAKKAD
A58: 223882 | B58: Nassim Abdelrzak STITOU | C58: RSA VL | D58: 2026-07 | E58: 331.76399 | F58: 9.9468301 | G58: 3.2777778 | H58: 0.059471366 | I58: 0.415 | J58: 0.19 | K58: 0 | M58: MAD | P58: 2000 | Q58: 31 | R58: 31 | S58: ICMP | T58: Glenn Antoon | U58: Anas OUAKKAD
A59: 123229 | B59: EL ARKOUBI Nasseri | C59: RSA NL | D59: 2026-07 | E59: 381.44548 | F59: 8.651302 | G59: 4.4285714 | H59: 0.048275862 | I59: 0.95 | J59: 0 | K59: 0 | M59: MAD | P59: 2000 | Q59: 31 | R59: 31 | S59: ICMP | T59: AL TAMIMI Zeynab | U59: Anas OUAKKAD
A60: 228668 | B60: Najib Abdelhadi | C60: OEM FR | D60: 2026-07 | E60: 719.05537 | F60: 4.5893545 | G60: 4.4285714 | H60: 0.18918919 | I60: 0.6275 | J60: 0 | K60: 0 | M60: MAD | P60: 2000 | Q60: 31 | R60: 31 | S60: ICMP | T60: Zineb MOUFID | U60: Anas OUAKKAD
A61: 96164 | B61: ERRAIT Najia | C61: RSA VL | D61: 2026-07 | E61: 501.39578 | F61: 6.581627 | G61: 4.2666667 | H61: 0.064189189 | I61: 0.66 | J61: 0 | K61: 0 | M61: MAD | P61: 2000 | Q61: 31 | R61: 31 | S61: ICMP | T61: Glenn Antoon | U61: Anas OUAKKAD
A62: 203606 | B62: Ennajari Naima | C62: OEM FR | D62: 2026-07 | E62: 390.03354 | F62: 8.4608109 | G62: 4.6666667 | H62: 0.17801047 | I62: 0.67928571 | J62: 0 | K62: 0 | M62: MAD | P62: 2000 | Q62: 31 | R62: 31 | S62: ICMP | T62: Malak AZERKI | U62: Anas OUAKKAD
A63: 224096 | B63: Nahid TALLIH | C63: RSA NL | D63: 2026-07 | E63: 240.12933 | F63: 13.742594 | G63: 2.7356322 | H63: 0.12012645 | I63: 0 | J63: 0.04 | K63: 0 | M63: MAD | P63: 2000 | Q63: 31 | R63: 31 | S63: ICMP | T63: JEANNE NKIKIO RWIBUTSO | U63: Anas OUAKKAD
A64: 203591 | B64: El Mornaki Mustapha | C64: OEM FR | D64: 2026-07 | E64: 492.87097 | F64: 6.6954644 | G64: 3.6 | H64: 0.16923077 | I64: 0.285 | J64: 0 | K64: 0 | M64: MAD | P64: 2000 | Q64: 31 | R64: 31 | S64: ICMP | T64: Farouk BOUAZZAOUI | U64: Anas OUAKKAD
A65: 203575 | B65: Diallo Mustapha Salam | C65: OEM FR | D65: 2026-07 | E65: 541.3012 | F65: 6.0964209 | G65: 3 | H65: 0.10884354 | I65: 0.85866667 | J65: 0 | K65: 0 | M65: MAD | P65: 2000 | Q65: 31 | R65: 31 | S65: ICMP | T65: Kenza EL MOUMNI | U65: Anas OUAKKAD
A66: 250747 | B66: Mouna SAHIL | C66: OEM FR | D66: 2026-07 | J66: 0 | K66: 0 | M66: MAD | P66: 2000 | Q66: 31 | R66: 31 | S66: ICMP | T66: Malak AZERKI | U66: Anas OUAKKAD
A67: 203607 | B67: Nissaoui Morad | C67: OEM FR | D67: 2026-07 | E67: 455.85714 | F67: 7.23911 | G67: 5 | H67: 0.14634146 | I67: 0.68545455 | J67: 0 | K67: 0 | M67: MAD | P67: 2000 | Q67: 31 | R67: 31 | S67: ICMP | T67: Malak AZERKI | U67: Anas OUAKKAD
A68: 224101 | B68: Monir Chouhaibi | C68: RSA NL | D68: 2026-07 | E68: 304.54715 | F68: 10.83576 | G68: 3.8780488 | H68: 0.079847909 | I68: 0.6 | J68: 0.12 | K68: 0 | M68: MAD | P68: 2000 | Q68: 31 | R68: 31 | S68: ICMP | T68: JEANNE NKIKIO RWIBUTSO | U68: Anas OUAKKAD
A69: 96499 | B69: VERMEIRE Monique | C69: RSA NL | D69: 2026-07 | E69: 252.70568 | F69: 13.05867 | G69: 4 | H69: 0.06547619 | I69: 0.88 | J69: 0 | K69: 0 | M69: MAD | P69: 2000 | Q69: 31 | R69: 31 | S69: ICMP | T69: AL TAMIMI Zeynab | U69: Anas OUAKKAD
A70: 96452 | B70: QNICHER Mohammed Ali | C70: RSA NL | D70: 2026-07 | E70: 245.49681 | F70: 13.44213 | G70: 3.84 | H70: 0.093690249 | I70: 0.415 | J70: 0 | K70: 0 | M70: MAD | P70: 2000 | Q70: 31 | R70: 31 | S70: ICMP | T70: JEANNE NKIKIO RWIBUTSO | U70: Anas OUAKKAD
A71: 244549 | B71: Amine Bensid | C71: RSA NL | D71: 2026-07 | K71: 0 | M71: MAD | P71: 2000 | Q71: 31 | R71: 31 | S71: ICMP | T71: KAIKAI Faissal | U71: Anas OUAKKAD
A72: 262905 | B72: Mohamed ALHABIB AIT HAMID | C72: OEM FR | D72: 2026-07 | J72: 0 | K72: 0 | M72: MAD | P72: 2000 | Q72: 31 | R72: 31 | S72: ICMP | T72: Malak AZERKI | U72: Anas OUAKKAD
A73: 228200 | B73: Mohamed ABOURHAZAOUAT | C73: OEM FR | D73: 2026-07 | E73: 583.46154 | F73: 5.6558998 | G73: 4.5 | H73: 0.15714286 | I73: 0.335 | J73: 0 | K73: 0 | M73: MAD | P73: 2000 | Q73: 31 | R73: 31 | S73: ICMP | T73: Zineb MOUFID | U73: Anas OUAKKAD
A74: 244552 | B74: Mohamed Mansour El hassnaoui | C74: RSA NL | D74: 2026-07 | K74: 0 | M74: MAD | P74: 2000 | Q74: 31 | R74: 31 | S74: ICMP | T74: KAIKAI Faissal | U74: Anas OUAKKAD
A75: 228672 | B75: Mohamed Ali Dreif | C75: OEM FR | D75: 2026-07 | E75: 373.26132 | F75: 8.840991 | G75: 4.3333333 | H75: 0.089928058 | I75: 0.3875 | J75: 0 | K75: 0 | M75: MAD | P75: 2000 | Q75: 31 | R75: 31 | S75: ICMP | T75: Zineb MOUFID | U75: Anas OUAKKAD
A76: 232191 | B76: Mohamed adnane saidi | C76: RSA FR | D76: 2026-07 | E76: 550.79456 | F76: 5.9913446 | G76: 2.5 | H76: 0.016736402 | I76: 0.662 | J76: 0 | K76: 0 | M76: MAD | P76: 2000 | Q76: 31 | R76: 31 | S76: ICMP | T76: Mohamed-Amine SADKI | U76: Anas OUAKKAD
A77: 228663 | B77: M’hammed BELLOUARAK | C77: OEM FR | D77: 2026-07 | E77: 424.13386 | F77: 7.7805625 | G77: 4.1923077 | H77: 0.34444444 | I77: 0.656 | J77: 0 | K77: 0 | M77: MAD | P77: 2000 | Q77: 31 | R77: 31 | S77: ICMP | T77: Kenza EL MOUMNI | U77: Anas OUAKKAD
A78: 96527 | B78: NASSER Meryem | C78: RSA FR | D78: 2026-07 | E78: 207.88189 | F78: 15.874399 | G78: 2 | H78: 0.046728972 | I78: 0.9225 | J78: 0 | K78: 0 | M78: MAD | P78: 2000 | Q78: 31 | R78: 31 | S78: ICMP | T78: Mohamed-Amine SADKI | U78: Anas OUAKKAD
A79: 96472 | B79: LAOOUINA Meryem | C79: RSA FR | D79: 2026-07 | E79: 219.47766 | F79: 15.035699 | G79: 2.8 | H79: 0.074561404 | I79: 0.945 | J79: 0.13 | K79: 0 | M79: MAD | P79: 2000 | Q79: 31 | R79: 31 | S79: ICMP | T79: Mohamed-Amine SADKI | U79: Anas OUAKKAD
A80: 250743 | B80: Meryem GHAYOR | C80: OEM FR | D80: 2026-07 | J80: 0 | K80: 0 | M80: MAD | P80: 2000 | Q80: 31 | R80: 31 | S80: ICMP | T80: Malak AZERKI | U80: Anas OUAKKAD
A81: 96468 | B81: MADHLOUM Mehdi | C81: RSA NL | D81: 2026-07 | E81: 225.09859 | F81: 14.660243 | G81: 0 | H81: 0 | J81: 0.13 | K81: 0 | M81: MAD | P81: 2000 | Q81: 31 | R81: 31 | S81: ICMP | T81: JEANNE NKIKIO RWIBUTSO | U81: Anas OUAKKAD
A82: 203629 | B82: Serigne Mouhamadou Mansour Sy Gueye | C82: OEM FR | D82: 2026-07 | E82: 593.20325 | F82: 5.5630174 | G82: 5 | H82: 0.21794872 | I82: 0.80411765 | J82: 0 | K82: 0 | M82: MAD | P82: 2000 | Q82: 31 | R82: 31 | S82: ICMP | T82: Malak AZERKI | U82: Anas OUAKKAD
A83: 134407 | B83: EL MAGHROUDI Malak | C83: RSA NL | D83: 2026-07 | E83: 289.68033 | F83: 11.391868 | G83: 2.2105263 | H83: 0.066502463 | I83: 0.7 | J83: 0 | K83: 0 | M83: MAD | P83: 2000 | Q83: 31 | R83: 31 | S83: ICMP | T83: AL TAMIMI Zeynab | U83: Anas OUAKKAD
A84: 204016 | B84: Vermeire Linda | C84: Ford Dutch | D84: 2026-07 | E84: 388.41636 | F84: 8.4960377 | G84: 2.6363636 | H84: 0.056 | I84: 0 | J84: 0 | K84: 0 | M84: MAD | P84: 2000 | Q84: 31 | R84: 31 | S84: ICMP | T84: DERRAZI Ilyasse | U84: Anas OUAKKAD
A85: 204015 | B85: Dekker Leila | C85: Ford Dutch | D85: 2026-07 | E85: 355.83333 | F85: 9.2740047 | G85: 0 | H85: 0.010416667 | J85: 0 | K85: 0 | M85: MAD | P85: 2000 | Q85: 31 | R85: 31 | S85: ICMP | T85: DERRAZI Ilyasse | U85: Anas OUAKKAD
A86: 203638 | B86: Boeckx Lars | C86: Ford Dutch | D86: 2026-07 | E86: 243.71701 | F86: 13.540294 | G86: 3.3913043 | H86: 0.070588235 | I86: 0 | J86: 0.01 | K86: 0 | M86: MAD | P86: 2000 | Q86: 31 | R86: 31 | S86: ICMP | T86: DERRAZI Ilyasse | U86: Anas OUAKKAD
A87: 250738 | B87: Lahcen OUASSIT | C87: OEM FR | D87: 2026-07 | J87: 0 | K87: 0 | M87: MAD | P87: 2000 | Q87: 31 | R87: 31 | S87: ICMP | T87: Kenza EL MOUMNI | U87: Anas OUAKKAD
A88: 249776 | B88: Khawla EL BOUAANANI | C88: RSA FR | D88: 2026-07 | J88: 0 | K88: 0 | M88: MAD | P88: 2000 | Q88: 31 | R88: 31 | S88: ICMP | T88: Farouk BOUAZZAOUI | U88: Anas OUAKKAD
A89: 199529 | B89: Ajermite Khalil | C89: RSA NL | D89: 2026-07 | E89: 377.25966 | F89: 8.7472909 | G89: 4.2666667 | H89: 0.047016275 | I89: 0.61 | J89: 0.15 | K89: 0 | M89: MAD | P89: 2000 | Q89: 31 | R89: 31 | S89: ICMP | T89: AL TAMIMI Zeynab | U89: Anas OUAKKAD
A90: 204052 | B90: Ajaouaou Khalid | C90: Ford Dutch | D90: 2026-07 | E90: 562.63907 | F90: 5.8652166 | G90: 4.4054054 | H90: 0.22660099 | I90: 0 | J90: 0.32 | K90: 0 | M90: MAD | P90: 2000 | Q90: 31 | R90: 31 | S90: ICMP | T90: EL GHAZI Youssef | U90: Anas OUAKKAD
A91: 96458 | B91: MOKHTAR Kawtar | C91: RSA FR | D91: 2026-07 | E91: 252.86747 | F91: 13.050314 | G91: 5 | H91: 0.049180328 | I91: 0.95 | J91: 0.86 | K91: 0 | M91: MAD | P91: 2000 | Q91: 31 | R91: 31 | S91: ICMP | T91: Mohamed-Amine SADKI | U91: Anas OUAKKAD
A92: 203618 | B92: Benmrieh Kawtar | C92: OEM FR | D92: 2026-07 | E92: 358.76448 | F92: 9.198235 | G92: 3.25 | H92: 0.1459854 | I92: 0.49142857 | J92: 0.09 | K92: 0 | M92: MAD | P92: 2000 | Q92: 31 | R92: 31 | S92: ICMP | T92: Kenza EL MOUMNI | U92: Anas OUAKKAD
A93: 204030 | B93: Saoud Karim | C93: Ford Dutch | D93: 2026-07 | E93: 504.51351 | F93: 6.5409546 | G93: 5 | H93: 0.4 | I93: 0.4875 | J93: 0.01 | K93: 0 | M93: MAD | P93: 2000 | Q93: 31 | R93: 31 | S93: ICMP | T93: EL GHAZI Youssef | U93: Anas OUAKKAD
A94: 96493 | B94: BENABDALLAH Karim | C94: RSA VL | D94: 2026-07 | E94: 270.12844 | F94: 12.216411 | G94: 2.7777778 | H94: 0.050505051 | I94: 0.455 | J94: 0.14 | K94: 0 | M94: MAD | P94: 2000 | Q94: 31 | R94: 31 | S94: ICMP | T94: Glenn Antoon | U94: Anas OUAKKAD
A95: 202682 | B95: Beekman Kai | C95: Ford Dutch | D95: 2026-07 | E95: 504.31852 | F95: 6.5434837 | G95: 2.5 | H95: 0.087378641 | I95: 0 | J95: 0.26 | K95: 0 | M95: MAD | P95: 2000 | Q95: 31 | R95: 31 | S95: ICMP | T95: DERRAZI Ilyasse | U95: Anas OUAKKAD
A96: 224299 | B96: Jacqueline SINT | C96: RSA NL | D96: 2026-07 | E96: 435.2969 | F96: 7.5810327 | G96: 4.4782609 | H96: 0.075144509 | I96: 0.29666667 | J96: 0.33 | K96: 0 | M96: MAD | P96: 2000 | Q96: 31 | R96: 31 | S96: ICMP | T96: JEANNE NKIKIO RWIBUTSO | U96: Anas OUAKKAD
A97: 244551 | B97: jalal BARHMI | C97: RSA NL | D97: 2026-07 | K97: 0 | M97: MAD | P97: 2000 | Q97: 31 | R97: 31 | S97: ICMP | T97: KAIKAI Faissal | U97: Anas OUAKKAD
A98: 249780 | B98: Issam MESKOURI | C98: RSA FR | D98: 2026-07 | J98: 0 | K98: 0 | M98: MAD | P98: 2000 | Q98: 31 | R98: 31 | S98: ICMP | T98: Farouk BOUAZZAOUI | U98: Anas OUAKKAD
A99: 228216 | B99: Insafe OUAJAL | C99: OEM FR | D99: 2026-07 | E99: 485.06186 | F99: 6.803256 | G99: 3.7142857 | H99: 0.14705882 | I99: 0.63833333 | J99: 0 | K99: 0 | M99: MAD | P99: 2000 | Q99: 31 | R99: 31 | S99: ICMP | T99: Malak AZERKI | U99: Anas OUAKKAD
A100: 228207 | B100: Imane LAHOUCINE | C100: OEM FR | D100: 2026-07 | E100: 515.17341 | F100: 6.4056101 | G100: 4.8571429 | H100: 0.39823009 | I100: 0.82083333 | J100: 0 | K100: 0 | M100: MAD | P100: 2000 | Q100: 31 | R100: 31 | S100: ICMP | T100: Malak AZERKI | U100: Anas OUAKKAD
A101: 228673 | B101: Imane Karoui | C101: OEM FR | D101: 2026-07 | E101: 626.58224 | F101: 5.266667 | G101: 4.7272727 | H101: 0.14130435 | I101: 0.51363636 | J101: 0 | K101: 0 | M101: MAD | P101: 2000 | Q101: 31 | R101: 31 | S101: ICMP | T101: Zineb MOUFID | U101: Anas OUAKKAD
A102: 96485 | B102: BANANE Imane | C102: RSA FR | D102: 2026-07 | G102: 0 | H102: 0 | J102: 0 | K102: 0 | M102: MAD | P102: 2000 | Q102: 31 | R102: 31 | S102: ICMP | T102: Mohamed-Amine SADKI | U102: Anas OUAKKAD
...

Sheet Results
A1: BONUS RESULTS
A4: Agent ID | B4: Agent Name | C4: LOB | D4: Period | E4: AHT Earned | F4: Productivity Earned | G4: PCS Earned | H4: Participation Earned | I4: QM Earned | J4: Abs Earned | K4: Extra PCS Earned | L4: Gross Achievement | M4: VOC Detractor Count | N4: Malus Impact | O4: Final Achievement | P4: Status | Q4: Currency | R4: Monthly Fixed Salary | S4: Target Bonus Rate | T4: Reference Bonus Amount | U4: Proration Factor | V4: Prorated Bonus Base | W4: Gross Payout | X4: Malus Deduction | Y4: Final Payout | Z4: Team Lead | AA4: Ops Manager
A5: =IF(Raw_Data!A5="","",Raw_Data!A5) -> 204341 | B5: =IF(Raw_Data!B5="","",Raw_Data!B5) -> Felhane Mohamed Amine | C5: =IF(Raw_Data!C5="","",Raw_Data!C5) -> Ford GER | D5: =IF(Raw_Data!D5="","",Raw_Data!D5) -> 2026-07 | E5: =IF($A5="","",IF(Raw_Data!E5="",0,IF(KPI_Config!$C$5="L",IF(Raw_Data!E5<=KPI_Config!$E$5,KPI_Config!$D$5,IF(AND(KPI_Config!$F$5>0,Raw_Data!E5<=KPI_Config!$G$5),KPI_Config!$F$5,0)),IF(Raw_Data!E5>=KPI_Config!$E$5,KPI_Config!$D$5,IF(AND(KPI_Config!$F$5>0,Raw_Data!E5>=KPI_Config!$G$5),KPI_Config!$F$5,0))))) -> 0 | F5: =IF($A5="","",IF(Raw_Data!F5="",0,IF(KPI_Config!$C$6="L",IF(Raw_Data!F5<=KPI_Config!$E$6,KPI_Config!$D$6,IF(AND(KPI_Config!$F$6>0,Raw_Data!F5<=KPI_Config!$G$6),KPI_Config!$F$6,0)),IF(Raw_Data!F5>=KPI_Config!$E$6,KPI_Config!$D$6,IF(AND(KPI_Config!$F$6>0,Raw_Data!F5>=KPI_Config!$G$6),KPI_Config!$F$6,0))))) -> 0.15 | G5: =IF($A5="","",IF(Raw_Data!G5="",0,IF(KPI_Config!$C$7="L",IF(Raw_Data!G5<=KPI_Config!$E$7,KPI_Config!$D$7,IF(AND(KPI_Config!$F$7>0,Raw_Data!G5<=KPI_Config!$G$7),KPI_Config!$F$7,0)),IF(Raw_Data!G5>=KPI_Config!$E$7,KPI_Config!$D$7,IF(AND(KPI_Config!$F$7>0,Raw_Data!G5>=KPI_Config!$G$7),KPI_Config!$F$7,0))))) -> 0 | H5: =IF($A5="","",IF(Raw_Data!H5="",0,IF(KPI_Config!$C$8="L",IF(Raw_Data!H5<=KPI_Config!$E$8,KPI_Config!$D$8,IF(AND(KPI_Config!$F$8>0,Raw_Data!H5<=KPI_Config!$G$8),KPI_Config!$F$8,0)),IF(Raw_Data!H5>=KPI_Config!$E$8,KPI_Config!$D$8,IF(AND(KPI_Config!$F$8>0,Raw_Data!H5>=KPI_Config!$G$8),KPI_Config!$F$8,0))))) -> 0 | I5: =IF($A5="","",IF(Raw_Data!I5="",0,IF(KPI_Config!$C$9="L",IF(Raw_Data!I5<=KPI_Config!$E$9,KPI_Config!$D$9,IF(AND(KPI_Config!$F$9>0,Raw_Data!I5<=KPI_Config!$G$9),KPI_Config!$F$9,0)),IF(Raw_Data!I5>=KPI_Config!$E$9,KPI_Config!$D$9,IF(AND(KPI_Config!$F$9>0,Raw_Data!I5>=KPI_Config!$G$9),KPI_Config!$F$9,0))))) -> 0 | J5: =IF($A5="","",IF(Raw_Data!J5="",0,IF(KPI_Config!$C$10="L",IF(Raw_Data!J5<=KPI_Config!$E$10,KPI_Config!$D$10,IF(AND(KPI_Config!$F$10>0,Raw_Data!J5<=KPI_Config!$G$10),KPI_Config!$F$10,0)),IF(Raw_Data!J5>=KPI_Config!$E$10,KPI_Config!$D$10,IF(AND(KPI_Config!$F$10>0,Raw_Data!J5>=KPI_Config!$G$10),KPI_Config!$F$10,0))))) -> 0 | K5: =IF($A5="","",IF(Raw_Data!G5="",0,IF(KPI_Config!$C$11="L",IF(Raw_Data!G5<=KPI_Config!$E$11,KPI_Config!$D$11,IF(AND(KPI_Config!$F$11>0,Raw_Data!G5<=KPI_Config!$G$11),KPI_Config!$F$11,0)),IF(Raw_Data!G5>=KPI_Config!$E$11,KPI_Config!$D$11,IF(AND(KPI_Config!$F$11>0,Raw_Data!G5>=KPI_Config!$G$11),KPI_Config!$F$11,0))))) -> 0 | L5: =IF($A5="","",MIN(Policy_Decisions!$B$10,IF(Policy_Decisions!$B$6="Additive",SUM(E5:K5),SUM(E5:J5)-G5+MAX(G5,K5)))) -> 0.15 | M5: =IF($A5="","",Raw_Data!K5) -> 0 | N5: =IF($A5="","",IFERROR(VLOOKUP(M5,KPI_Config!$I$5:$J$10,2,FALSE()),0)) -> 0 | O5: =IF($A5="","",IF(Policy_Decisions!$B$5="Percentage points",MAX(0,L5-N5),L5*(1-N5))) -> 0.15 | P5: =IF($A5="","",IF(U5="","Review proration",IF(O5=0,"No payout",IF(N5>0,"Malus applied","Eligible")))) -> Eligible | Q5: =IF($A5="","",Raw_Data!M5) -> MAD | R5: =IF($A5="","",Raw_Data!N5) -> 0 | S5: =IF($A5="","",Raw_Data!O5) -> 0 | T5: =IF($A5="","",IF(Raw_Data!P5>0,Raw_Data!P5,Raw_Data!N5*Raw_Data!O5/IF(Policy_Decisions!$B$7="Annual",12,1))) -> 2000 | U5: =IF($A5="","",IF(OR(Raw_Data!R5="",Raw_Data!R5<=0),"",MIN(1,MAX(0,Raw_Data!Q5/Raw_Data!R5)))) -> 1 | V5: =IF(OR($A5="",U5=""),"",T5*U5) -> 2000 | W5: =IF(OR($A5="",V5=""),"",V5*L5) -> 300 | X5: =IF(OR($A5="",V5=""),"",V5*L5-V5*O5) -> 0 | Y5: =IF(OR($A5="",V5=""),"",ROUND(V5*O5,IF(Policy_Decisions!$B$11="Whole MAD",0,2))) -> 300 | Z5: =Raw_Data!T5 -> Grouh Jaouad | AA5: =Raw_Data!U5 -> Anas OUAKKAD
A6: =IF(Raw_Data!A6="","",Raw_Data!A6) -> 204342 | B6: =IF(Raw_Data!B6="","",Raw_Data!B6) -> Zekhnini Mustapha | C6: =IF(Raw_Data!C6="","",Raw_Data!C6) -> Ford GER | D6: =IF(Raw_Data!D6="","",Raw_Data!D6) -> 2026-07 | E6: =IF($A6="","",IF(Raw_Data!E6="",0,IF(KPI_Config!$C$5="L",IF(Raw_Data!E6<=KPI_Config!$E$5,KPI_Config!$D$5,IF(AND(KPI_Config!$F$5>0,Raw_Data!E6<=KPI_Config!$G$5),KPI_Config!$F$5,0)),IF(Raw_Data!E6>=KPI_Config!$E$5,KPI_Config!$D$5,IF(AND(KPI_Config!$F$5>0,Raw_Data!E6>=KPI_Config!$G$5),KPI_Config!$F$5,0))))) -> 0 | F6: =IF($A6="","",IF(Raw_Data!F6="",0,IF(KPI_Config!$C$6="L",IF(Raw_Data!F6<=KPI_Config!$E$6,KPI_Config!$D$6,IF(AND(KPI_Config!$F$6>0,Raw_Data!F6<=KPI_Config!$G$6),KPI_Config!$F$6,0)),IF(Raw_Data!F6>=KPI_Config!$E$6,KPI_Config!$D$6,IF(AND(KPI_Config!$F$6>0,Raw_Data!F6>=KPI_Config!$G$6),KPI_Config!$F$6,0))))) -> 0 | G6: =IF($A6="","",IF(Raw_Data!G6="",0,IF(KPI_Config!$C$7="L",IF(Raw_Data!G6<=KPI_Config!$E$7,KPI_Config!$D$7,IF(AND(KPI_Config!$F$7>0,Raw_Data!G6<=KPI_Config!$G$7),KPI_Config!$F$7,0)),IF(Raw_Data!G6>=KPI_Config!$E$7,KPI_Config!$D$7,IF(AND(KPI_Config!$F$7>0,Raw_Data!G6>=KPI_Config!$G$7),KPI_Config!$F$7,0))))) -> 0.2 | H6: =IF($A6="","",IF(Raw_Data!H6="",0,IF(KPI_Config!$C$8="L",IF(Raw_Data!H6<=KPI_Config!$E$8,KPI_Config!$D$8,IF(AND(KPI_Config!$F$8>0,Raw_Data!H6<=KPI_Config!$G$8),KPI_Config!$F$8,0)),IF(Raw_Data!H6>=KPI_Config!$E$8,KPI_Config!$D$8,IF(AND(KPI_Config!$F$8>0,Raw_Data!H6>=KPI_Config!$G$8),KPI_Config!$F$8,0))))) -> 0 | I6: =IF($A6="","",IF(Raw_Data!I6="",0,IF(KPI_Config!$C$9="L",IF(Raw_Data!I6<=KPI_Config!$E$9,KPI_Config!$D$9,IF(AND(KPI_Config!$F$9>0,Raw_Data!I6<=KPI_Config!$G$9),KPI_Config!$F$9,0)),IF(Raw_Data!I6>=KPI_Config!$E$9,KPI_Config!$D$9,IF(AND(KPI_Config!$F$9>0,Raw_Data!I6>=KPI_Config!$G$9),KPI_Config!$F$9,0))))) -> 0 | J6: =IF($A6="","",IF(Raw_Data!J6="",0,IF(KPI_Config!$C$10="L",IF(Raw_Data!J6<=KPI_Config!$E$10,KPI_Config!$D$10,IF(AND(KPI_Config!$F$10>0,Raw_Data!J6<=KPI_Config!$G$10),KPI_Config!$F$10,0)),IF(Raw_Data!J6>=KPI_Config!$E$10,KPI_Config!$D$10,IF(AND(KPI_Config!$F$10>0,Raw_Data!J6>=KPI_Config!$G$10),KPI_Config!$F$10,0))))) -> 0 | K6: =IF($A6="","",IF(Raw_Data!G6="",0,IF(KPI_Config!$C$11="L",IF(Raw_Data!G6<=KPI_Config!$E$11,KPI_Config!$D$11,IF(AND(KPI_Config!$F$11>0,Raw_Data!G6<=KPI_Config!$G$11),KPI_Config!$F$11,0)),IF(Raw_Data!G6>=KPI_Config!$E$11,KPI_Config!$D$11,IF(AND(KPI_Config!$F$11>0,Raw_Data!G6>=KPI_Config!$G$11),KPI_Config!$F$11,0))))) -> 0.3 | L6: =IF($A6="","",MIN(Policy_Decisions!$B$10,IF(Policy_Decisions!$B$6="Additive",SUM(E6:K6),SUM(E6:J6)-G6+MAX(G6,K6)))) -> 0.5 | M6: =IF($A6="","",Raw_Data!K6) -> 0 | N6: =IF($A6="","",IFERROR(VLOOKUP(M6,KPI_Config!$I$5:$J$10,2,FALSE()),0)) -> 0 | O6: =IF($A6="","",IF(Policy_Decisions!$B$5="Percentage points",MAX(0,L6-N6),L6*(1-N6))) -> 0.5 | P6: =IF($A6="","",IF(U6="","Review proration",IF(O6=0,"No payout",IF(N6>0,"Malus applied","Eligible")))) -> Eligible | Q6: =IF($A6="","",Raw_Data!M6) -> MAD | R6: =IF($A6="","",Raw_Data!N6) -> 0 | S6: =IF($A6="","",Raw_Data!O6) -> 0 | T6: =IF($A6="","",IF(Raw_Data!P6>0,Raw_Data!P6,Raw_Data!N6*Raw_Data!O6/IF(Policy_Decisions!$B$7="Annual",12,1))) -> 2000 | U6: =IF($A6="","",IF(OR(Raw_Data!R6="",Raw_Data!R6<=0),"",MIN(1,MAX(0,Raw_Data!Q6/Raw_Data!R6)))) -> 1 | V6: =IF(OR($A6="",U6=""),"",T6*U6) -> 2000 | W6: =IF(OR($A6="",V6=""),"",V6*L6) -> 1000 | X6: =IF(OR($A6="",V6=""),"",V6*L6-V6*O6) -> 0 | Y6: =IF(OR($A6="",V6=""),"",ROUND(V6*O6,IF(Policy_Decisions!$B$11="Whole MAD",0,2))) -> 1000 | Z6: =Raw_Data!T6 -> Grouh Jaouad | AA6: =Raw_Data!U6 -> Anas OUAKKAD
A7: =IF(Raw_Data!A7="","",Raw_Data!A7) -> 204343 | B7: =IF(Raw_Data!B7="","",Raw_Data!B7) -> Talhajit Abdellah | C7: =IF(Raw_Data!C7="","",Raw_Data!C7) -> Ford GER | D7: =IF(Raw_Data!D7="","",Raw_Data!D7) -> 2026-07 | E7: =IF($A7="","",IF(Raw_Data!E7="",0,IF(KPI_Config!$C$5="L",IF(Raw_Data!E7<=KPI_Config!$E$5,KPI_Config!$D$5,IF(AND(KPI_Config!$F$5>0,Raw_Data!E7<=KPI_Config!$G$5),KPI_Config!$F$5,0)),IF(Raw_Data!E7>=KPI_Config!$E$5,KPI_Config!$D$5,IF(AND(KPI_Config!$F$5>0,Raw_Data!E7>=KPI_Config!$G$5),KPI_Config!$F$5,0))))) -> 0 | F7: =IF($A7="","",IF(Raw_Data!F7="",0,IF(KPI_Config!$C$6="L",IF(Raw_Data!F7<=KPI_Config!$E$6,KPI_Config!$D$6,IF(AND(KPI_Config!$F$6>0,Raw_Data!F7<=KPI_Config!$G$6),KPI_Config!$F$6,0)),IF(Raw_Data!F7>=KPI_Config!$E$6,KPI_Config!$D$6,IF(AND(KPI_Config!$F$6>0,Raw_Data!F7>=KPI_Config!$G$6),KPI_Config!$F$6,0))))) -> 0 | G7: =IF($A7="","",IF(Raw_Data!G7="",0,IF(KPI_Config!$C$7="L",IF(Raw_Data!G7<=KPI_Config!$E$7,KPI_Config!$D$7,IF(AND(KPI_Config!$F$7>0,Raw_Data!G7<=KPI_Config!$G$7),KPI_Config!$F$7,0)),IF(Raw_Data!G7>=KPI_Config!$E$7,KPI_Config!$D$7,IF(AND(KPI_Config!$F$7>0,Raw_Data!G7>=KPI_Config!$G$7),KPI_Config!$F$7,0))))) -> 0 | H7: =IF($A7="","",IF(Raw_Data!H7="",0,IF(KPI_Config!$C$8="L",IF(Raw_Data!H7<=KPI_Config!$E$8,KPI_Config!$D$8,IF(AND(KPI_Config!$F$8>0,Raw_Data!H7<=KPI_Config!$G$8),KPI_Config!$F$8,0)),IF(Raw_Data!H7>=KPI_Config!$E$8,KPI_Config!$D$8,IF(AND(KPI_Config!$F$8>0,Raw_Data!H7>=KPI_Config!$G$8),KPI_Config!$F$8,0))))) -> 0 | I7: =IF($A7="","",IF(Raw_Data!I7="",0,IF(KPI_Config!$C$9="L",IF(Raw_Data!I7<=KPI_Config!$E$9,KPI_Config!$D$9,IF(AND(KPI_Config!$F$9>0,Raw_Data!I7<=KPI_Config!$G$9),KPI_Config!$F$9,0)),IF(Raw_Data!I7>=KPI_Config!$E$9,KPI_Config!$D$9,IF(AND(KPI_Config!$F$9>0,Raw_Data!I7>=KPI_Config!$G$9),KPI_Config!$F$9,0))))) -> 0 | J7: =IF($A7="","",IF(Raw_Data!J7="",0,IF(KPI_Config!$C$10="L",IF(Raw_Data!J7<=KPI_Config!$E$10,KPI_Config!$D$10,IF(AND(KPI_Config!$F$10>0,Raw_Data!J7<=KPI_Config!$G$10),KPI_Config!$F$10,0)),IF(Raw_Data!J7>=KPI_Config!$E$10,KPI_Config!$D$10,IF(AND(KPI_Config!$F$10>0,Raw_Data!J7>=KPI_Config!$G$10),KPI_Config!$F$10,0))))) -> 0 | K7: =IF($A7="","",IF(Raw_Data!G7="",0,IF(KPI_Config!$C$11="L",IF(Raw_Data!G7<=KPI_Config!$E$11,KPI_Config!$D$11,IF(AND(KPI_Config!$F$11>0,Raw_Data!G7<=KPI_Config!$G$11),KPI_Config!$F$11,0)),IF(Raw_Data!G7>=KPI_Config!$E$11,KPI_Config!$D$11,IF(AND(KPI_Config!$F$11>0,Raw_Data!G7>=KPI_Config!$G$11),KPI_Config!$F$11,0))))) -> 0 | L7: =IF($A7="","",MIN(Policy_Decisions!$B$10,IF(Policy_Decisions!$B$6="Additive",SUM(E7:K7),SUM(E7:J7)-G7+MAX(G7,K7)))) -> 0 | M7: =IF($A7="","",Raw_Data!K7) -> 0 | N7: =IF($A7="","",IFERROR(VLOOKUP(M7,KPI_Config!$I$5:$J$10,2,FALSE()),0)) -> 0 | O7: =IF($A7="","",IF(Policy_Decisions!$B$5="Percentage points",MAX(0,L7-N7),L7*(1-N7))) -> 0 | P7: =IF($A7="","",IF(U7="","Review proration",IF(O7=0,"No payout",IF(N7>0,"Malus applied","Eligible")))) -> No payout | Q7: =IF($A7="","",Raw_Data!M7) -> MAD | R7: =IF($A7="","",Raw_Data!N7) -> 0 | S7: =IF($A7="","",Raw_Data!O7) -> 0 | T7: =IF($A7="","",IF(Raw_Data!P7>0,Raw_Data!P7,Raw_Data!N7*Raw_Data!O7/IF(Policy_Decisions!$B$7="Annual",12,1))) -> 2000 | U7: =IF($A7="","",IF(OR(Raw_Data!R7="",Raw_Data!R7<=0),"",MIN(1,MAX(0,Raw_Data!Q7/Raw_Data!R7)))) -> 1 | V7: =IF(OR($A7="",U7=""),"",T7*U7) -> 2000 | W7: =IF(OR($A7="",V7=""),"",V7*L7) -> 0 | X7: =IF(OR($A7="",V7=""),"",V7*L7-V7*O7) -> 0 | Y7: =IF(OR($A7="",V7=""),"",ROUND(V7*O7,IF(Policy_Decisions!$B$11="Whole MAD",0,2))) -> 0 | Z7: =Raw_Data!T7 -> Grouh Jaouad | AA7: =Raw_Data!U7 -> Anas OUAKKAD
A8: =IF(Raw_Data!A8="","",Raw_Data!A8) -> 204344 | B8: =IF(Raw_Data!B8="","",Raw_Data!B8) -> AYMAZ Abdelhay | C8: =IF(Raw_Data!C8="","",Raw_Data!C8) -> Ford GER | D8: =IF(Raw_Data!D8="","",Raw_Data!D8) -> 2026-07 | E8: =IF($A8="","",IF(Raw_Data!E8="",0,IF(KPI_Config!$C$5="L",IF(Raw_Data!E8<=KPI_Config!$E$5,KPI_Config!$D$5,IF(AND(KPI_Config!$F$5>0,Raw_Data!E8<=KPI_Config!$G$5),KPI_Config!$F$5,0)),IF(Raw_Data!E8>=KPI_Config!$E$5,KPI_Config!$D$5,IF(AND(KPI_Config!$F$5>0,Raw_Data!E8>=KPI_Config!$G$5),KPI_Config!$F$5,0))))) -> 0 | F8: =IF($A8="","",IF(Raw_Data!F8="",0,IF(KPI_Config!$C$6="L",IF(Raw_Data!F8<=KPI_Config!$E$6,KPI_Config!$D$6,IF(AND(KPI_Config!$F$6>0,Raw_Data!F8<=KPI_Config!$G$6),KPI_Config!$F$6,0)),IF(Raw_Data!F8>=KPI_Config!$E$6,KPI_Config!$D$6,IF(AND(KPI_Config!$F$6>0,Raw_Data!F8>=KPI_Config!$G$6),KPI_Config!$F$6,0))))) -> 0 | G8: =IF($A8="","",IF(Raw_Data!G8="",0,IF(KPI_Config!$C$7="L",IF(Raw_Data!G8<=KPI_Config!$E$7,KPI_Config!$D$7,IF(AND(KPI_Config!$F$7>0,Raw_Data!G8<=KPI_Config!$G$7),KPI_Config!$F$7,0)),IF(Raw_Data!G8>=KPI_Config!$E$7,KPI_Config!$D$7,IF(AND(KPI_Config!$F$7>0,Raw_Data!G8>=KPI_Config!$G$7),KPI_Config!$F$7,0))))) -> 0.2 | H8: =IF($A8="","",IF(Raw_Data!H8="",0,IF(KPI_Config!$C$8="L",IF(Raw_Data!H8<=KPI_Config!$E$8,KPI_Config!$D$8,IF(AND(KPI_Config!$F$8>0,Raw_Data!H8<=KPI_Config!$G$8),KPI_Config!$F$8,0)),IF(Raw_Data!H8>=KPI_Config!$E$8,KPI_Config!$D$8,IF(AND(KPI_Config!$F$8>0,Raw_Data!H8>=KPI_Config!$G$8),KPI_Config!$F$8,0))))) -> 0 | I8: =IF($A8="","",IF(Raw_Data!I8="",0,IF(KPI_Config!$C$9="L",IF(Raw_Data!I8<=KPI_Config!$E$9,KPI_Config!$D$9,IF(AND(KPI_Config!$F$9>0,Raw_Data!I8<=KPI_Config!$G$9),KPI_Config!$F$9,0)),IF(Raw_Data!I8>=KPI_Config!$E$9,KPI_Config!$D$9,IF(AND(KPI_Config!$F$9>0,Raw_Data!I8>=KPI_Config!$G$9),KPI_Config!$F$9,0))))) -> 0 | J8: =IF($A8="","",IF(Raw_Data!J8="",0,IF(KPI_Config!$C$10="L",IF(Raw_Data!J8<=KPI_Config!$E$10,KPI_Config!$D$10,IF(AND(KPI_Config!$F$10>0,Raw_Data!J8<=KPI_Config!$G$10),KPI_Config!$F$10,0)),IF(Raw_Data!J8>=KPI_Config!$E$10,KPI_Config!$D$10,IF(AND(KPI_Config!$F$10>0,Raw_Data!J8>=KPI_Config!$G$10),KPI_Config!$F$10,0))))) -> 0 | K8: =IF($A8="","",IF(Raw_Data!G8="",0,IF(KPI_Config!$C$11="L",IF(Raw_Data!G8<=KPI_Config!$E$11,KPI_Config!$D$11,IF(AND(KPI_Config!$F$11>0,Raw_Data!G8<=KPI_Config!$G$11),KPI_Config!$F$11,0)),IF(Raw_Data!G8>=KPI_Config!$E$11,KPI_Config!$D$11,IF(AND(KPI_Config!$F$11>0,Raw_Data!G8>=KPI_Config!$G$11),KPI_Config!$F$11,0))))) -> 0.3 | L8: =IF($A8="","",MIN(Policy_Decisions!$B$10,IF(Policy_Decisions!$B$6="Additive",SUM(E8:K8),SUM(E8:J8)-G8+MAX(G8,K8)))) -> 0.5 | M8: =IF($A8="","",Raw_Data!K8) -> 0 | N8: =IF($A8="","",IFERROR(VLOOKUP(M8,KPI_Config!$I$5:$J$10,2,FALSE()),0)) -> 0 | O8: =IF($A8="","",IF(Policy_Decisions!$B$5="Percentage points",MAX(0,L8-N8),L8*(1-N8))) -> 0.5 | P8: =IF($A8="","",IF(U8="","Review proration",IF(O8=0,"No payout",IF(N8>0,"Malus applied","Eligible")))) -> Eligible | Q8: =IF($A8="","",Raw_Data!M8) -> MAD | R8: =IF($A8="","",Raw_Data!N8) -> 0 | S8: =IF($A8="","",Raw_Data!O8) -> 0 | T8: =IF($A8="","",IF(Raw_Data!P8>0,Raw_Data!P8,Raw_Data!N8*Raw_Data!O8/IF(Policy_Decisions!$B$7="Annual",12,1))) -> 2000 | U8: =IF($A8="","",IF(OR(Raw_Data!R8="",Raw_Data!R8<=0),"",MIN(1,MAX(0,Raw_Data!Q8/Raw_Data!R8)))) -> 1 | V8: =IF(OR($A8="",U8=""),"",T8*U8) -> 2000 | W8: =IF(OR($A8="",V8=""),"",V8*L8) -> 1000 | X8: =IF(OR($A8="",V8=""),"",V8*L8-V8*O8) -> 0 | Y8: =IF(OR($A8="",V8=""),"",ROUND(V8*O8,IF(Policy_Decisions!$B$11="Whole MAD",0,2))) -> 1000 | Z8: =Raw_Data!T8 -> Grouh Jaouad | AA8: =Raw_Data!U8 -> Anas OUAKKAD
A9: =IF(Raw_Data!A9="","",Raw_Data!A9) -> 204345 | B9: =IF(Raw_Data!B9="","",Raw_Data!B9) -> MOUSSA Amjad | C9: =IF(Raw_Data!C9="","",Raw_Data!C9) -> Ford GER | D9: =IF(Raw_Data!D9="","",Raw_Data!D9) -> 2026-07 | E9: =IF($A9="","",IF(Raw_Data!E9="",0,IF(KPI_Config!$C$5="L",IF(Raw_Data!E9<=KPI_Config!$E$5,KPI_Config!$D$5,IF(AND(KPI_Config!$F$5>0,Raw_Data!E9<=KPI_Config!$G$5),KPI_Config!$F$5,0)),IF(Raw_Data!E9>=KPI_Config!$E$5,KPI_Config!$D$5,IF(AND(KPI_Config!$F$5>0,Raw_Data!E9>=KPI_Config!$G$5),KPI_Config!$F$5,0))))) -> 0 | F9: =IF($A9="","",IF(Raw_Data!F9="",0,IF(KPI_Config!$C$6="L",IF(Raw_Data!F9<=KPI_Config!$E$6,KPI_Config!$D$6,IF(AND(KPI_Config!$F$6>0,Raw_Data!F9<=KPI_Config!$G$6),KPI_Config!$F$6,0)),IF(Raw_Data!F9>=KPI_Config!$E$6,KPI_Config!$D$6,IF(AND(KPI_Config!$F$6>0,Raw_Data!F9>=KPI_Config!$G$6),KPI_Config!$F$6,0))))) -> 0 | G9: =IF($A9="","",IF(Raw_Data!G9="",0,IF(KPI_Config!$C$7="L",IF(Raw_Data!G9<=KPI_Config!$E$7,KPI_Config!$D$7,IF(AND(KPI_Config!$F$7>0,Raw_Data!G9<=KPI_Config!$G$7),KPI_Config!$F$7,0)),IF(Raw_Data!G9>=KPI_Config!$E$7,KPI_Config!$D$7,IF(AND(KPI_Config!$F$7>0,Raw_Data!G9>=KPI_Config!$G$7),KPI_Config!$F$7,0))))) -> 0 | H9: =IF($A9="","",IF(Raw_Data!H9="",0,IF(KPI_Config!$C$8="L",IF(Raw_Data!H9<=KPI_Config!$E$8,KPI_Config!$D$8,IF(AND(KPI_Config!$F$8>0,Raw_Data!H9<=KPI_Config!$G$8),KPI_Config!$F$8,0)),IF(Raw_Data!H9>=KPI_Config!$E$8,KPI_Config!$D$8,IF(AND(KPI_Config!$F$8>0,Raw_Data!H9>=KPI_Config!$G$8),KPI_Config!$F$8,0))))) -> 0 | I9: =IF($A9="","",IF(Raw_Data!I9="",0,IF(KPI_Config!$C$9="L",IF(Raw_Data!I9<=KPI_Config!$E$9,KPI_Config!$D$9,IF(AND(KPI_Config!$F$9>0,Raw_Data!I9<=KPI_Config!$G$9),KPI_Config!$F$9,0)),IF(Raw_Data!I9>=KPI_Config!$E$9,KPI_Config!$D$9,IF(AND(KPI_Config!$F$9>0,Raw_Data!I9>=KPI_Config!$G$9),KPI_Config!$F$9,0))))) -> 0 | J9: =IF($A9="","",IF(Raw_Data!J9="",0,IF(KPI_Config!$C$10="L",IF(Raw_Data!J9<=KPI_Config!$E$10,KPI_Config!$D$10,IF(AND(KPI_Config!$F$10>0,Raw_Data!J9<=KPI_Config!$G$10),KPI_Config!$F$10,0)),IF(Raw_Data!J9>=KPI_Config!$E$10,KPI_Config!$D$10,IF(AND(KPI_Config!$F$10>0,Raw_Data!J9>=KPI_Config!$G$10),KPI_Config!$F$10,0))))) -> 0 | K9: =IF($A9="","",IF(Raw_Data!G9="",0,IF(KPI_Config!$C$11="L",IF(Raw_Data!G9<=KPI_Config!$E$11,KPI_Config!$D$11,IF(AND(KPI_Config!$F$11>0,Raw_Data!G9<=KPI_Config!$G$11),KPI_Config!$F$11,0)),IF(Raw_Data!G9>=KPI_Config!$E$11,KPI_Config!$D$11,IF(AND(KPI_Config!$F$11>0,Raw_Data!G9>=KPI_Config!$G$11),KPI_Config!$F$11,0))))) -> 0 | L9: =IF($A9="","",MIN(Policy_Decisions!$B$10,IF(Policy_Decisions!$B$6="Additive",SUM(E9:K9),SUM(E9:J9)-G9+MAX(G9,K9)))) -> 0 | M9: =IF($A9="","",Raw_Data!K9) -> 0 | N9: =IF($A9="","",IFERROR(VLOOKUP(M9,KPI_Config!$I$5:$J$10,2,FALSE()),0)) -> 0 | O9: =IF($A9="","",IF(Policy_Decisions!$B$5="Percentage points",MAX(0,L9-N9),L9*(1-N9))) -> 0 | P9: =IF($A9="","",IF(U9="","Review proration",IF(O9=0,"No payout",IF(N9>0,"Malus applied","Eligible")))) -> No payout | Q9: =IF($A9="","",Raw_Data!M9) -> MAD | R9: =IF($A9="","",Raw_Data!N9) -> 0 | S9: =IF($A9="","",Raw_Data!O9) -> 0 | T9: =IF($A9="","",IF(Raw_Data!P9>0,Raw_Data!P9,Raw_Data!N9*Raw_Data!O9/IF(Policy_Decisions!$B$7="Annual",12,1))) -> 2000 | U9: =IF($A9="","",IF(OR(Raw_Data!R9="",Raw_Data!R9<=0),"",MIN(1,MAX(0,Raw_Data!Q9/Raw_Data!R9)))) -> 1 | V9: =IF(OR($A9="",U9=""),"",T9*U9) -> 2000 | W9: =IF(OR($A9="",V9=""),"",V9*L9) -> 0 | X9: =IF(OR($A9="",V9=""),"",V9*L9-V9*O9) -> 0 | Y9: =IF(OR($A9="",V9=""),"",ROUND(V9*O9,IF(Policy_Decisions!$B$11="Whole MAD",0,2))) -> 0 | Z9: =Raw_Data!T9 -> Grouh Jaouad | AA9: =Raw_Data!U9 -> Anas OUAKKAD
A10: =IF(Raw_Data!A10="","",Raw_Data!A10) -> 204602 | B10: =IF(Raw_Data!B10="","",Raw_Data!B10) -> DRISSI Sidi Youssef | C10: =IF(Raw_Data!C10="","",Raw_Data!C10) -> Ford GER | D10: =IF(Raw_Data!D10="","",Raw_Data!D10) -> 2026-07 | E10: =IF($A10="","",IF(Raw_Data!E10="",0,IF(KPI_Config!$C$5="L",IF(Raw_Data!E10<=KPI_Config!$E$5,KPI_Config!$D$5,IF(AND(KPI_Config!$F$5>0,Raw_Data!E10<=KPI_Config!$G$5),KPI_Config!$F$5,0)),IF(Raw_Data!E10>=KPI_Config!$E$5,KPI_Config!$D$5,IF(AND(KPI_Config!$F$5>0,Raw_Data!E10>=KPI_Config!$G$5),KPI_Config!$F$5,0))))) -> 0 | F10: =IF($A10="","",IF(Raw_Data!F10="",0,IF(KPI_Config!$C$6="L",IF(Raw_Data!F10<=KPI_Config!$E$6,KPI_Config!$D$6,IF(AND(KPI_Config!$F$6>0,Raw_Data!F10<=KPI_Config!$G$6),KPI_Config!$F$6,0)),IF(Raw_Data!F10>=KPI_Config!$E$6,KPI_Config!$D$6,IF(AND(KPI_Config!$F$6>0,Raw_Data!F10>=KPI_Config!$G$6),KPI_Config!$F$6,0))))) -> 0 | G10: =IF($A10="","",IF(Raw_Data!G10="",0,IF(KPI_Config!$C$7="L",IF(Raw_Data!G10<=KPI_Config!$E$7,KPI_Config!$D$7,IF(AND(KPI_Config!$F$7>0,Raw_Data!G10<=KPI_Config!$G$7),KPI_Config!$F$7,0)),IF(Raw_Data!G10>=KPI_Config!$E$7,KPI_Config!$D$7,IF(AND(KPI_Config!$F$7>0,Raw_Data!G10>=KPI_Config!$G$7),KPI_Config!$F$7,0))))) -> 0 | H10: =IF($A10="","",IF(Raw_Data!H10="",0,IF(KPI_Config!$C$8="L",IF(Raw_Data!H10<=KPI_Config!$E$8,KPI_Config!$D$8,IF(AND(KPI_Config!$F$8>0,Raw_Data!H10<=KPI_Config!$G$8),KPI_Config!$F$8,0)),IF(Raw_Data!H10>=KPI_Config!$E$8,KPI_Config!$D$8,IF(AND(KPI_Config!$F$8>0,Raw_Data!H10>=KPI_Config!$G$8),KPI_Config!$F$8,0))))) -> 0 | I10: =IF($A10="","",IF(Raw_Data!I10="",0,IF(KPI_Config!$C$9="L",IF(Raw_Data!I10<=KPI_Config!$E$9,KPI_Config!$D$9,IF(AND(KPI_Config!$F$9>0,Raw_Data!I10<=KPI_Config!$G$9),KPI_Config!$F$9,0)),IF(Raw_Data!I10>=KPI_Config!$E$9,KPI_Config!$D$9,IF(AND(KPI_Config!$F$9>0,Raw_Data!I10>=KPI_Config!$G$9),KPI_Config!$F$9,0))))) -> 0 | J10: =IF($A10="","",IF(Raw_Data!J10="",0,IF(KPI_Config!$C$10="L",IF(Raw_Data!J10<=KPI_Config!$E$10,KPI_Config!$D$10,IF(AND(KPI_Config!$F$10>0,Raw_Data!J10<=KPI_Config!$G$10),KPI_Config!$F$10,0)),IF(Raw_Data!J10>=KPI_Config!$E$10,KPI_Config!$D$10,IF(AND(KPI_Config!$F$10>0,Raw_Data!J10>=KPI_Config!$G$10),KPI_Config!$F$10,0))))) -> 0 | K10: =IF($A10="","",IF(Raw_Data!G10="",0,IF(KPI_Config!$C$11="L",IF(Raw_Data!G10<=KPI_Config!$E$11,KPI_Config!$D$11,IF(AND(KPI_Config!$F$11>0,Raw_Data!G10<=KPI_Config!$G$11),KPI_Config!$F$11,0)),IF(Raw_Data!G10>=KPI_Config!$E$11,KPI_Config!$D$11,IF(AND(KPI_Config!$F$11>0,Raw_Data!G10>=KPI_Config!$G$11),KPI_Config!$F$11,0))))) -> 0 | L10: =IF($A10="","",MIN(Policy_Decisions!$B$10,IF(Policy_Decisions!$B$6="Additive",SUM(E10:K10),SUM(E10:J10)-G10+MAX(G10,K10)))) -> 0 | M10: =IF($A10="","",Raw_Data!K10) -> 0 | N10: =IF($A10="","",IFERROR(VLOOKUP(M10,KPI_Config!$I$5:$J$10,2,FALSE()),0)) -> 0 | O10: =IF($A10="","",IF(Policy_Decisions!$B$5="Percentage points",MAX(0,L10-N10),L10*(1-N10))) -> 0 | P10: =IF($A10="","",IF(U10="","Review proration",IF(O10=0,"No payout",IF(N10>0,"Malus applied","Eligible")))) -> No payout | Q10: =IF($A10="","",Raw_Data!M10) -> MAD | R10: =IF($A10="","",Raw_Data!N10) -> 0 | S10: =IF($A10="","",Raw_Data!O10) -> 0 | T10: =IF($A10="","",IF(Raw_Data!P10>0,Raw_Data!P10,Raw_Data!N10*Raw_Data!O10/IF(Policy_Decisions!$B$7="Annual",12,1))) -> 2000 | U10: =IF($A10="","",IF(OR(Raw_Data!R10="",Raw_Data!R10<=0),"",MIN(1,MAX(0,Raw_Data!Q10/Raw_Data!R10)))) -> 1 | V10: =IF(OR($A10="",U10=""),"",T10*U10) -> 2000 | W10: =IF(OR($A10="",V10=""),"",V10*L10) -> 0 | X10: =IF(OR($A10="",V10=""),"",V10*L10-V10*O10) -> 0 | Y10: =IF(OR($A10="",V10=""),"",ROUND(V10*O10,IF(Policy_Decisions!$B$11="Whole MAD",0,2))) -> 0 | Z10: =Raw_Data!T10 -> Grouh Jaouad | AA10: =Raw_Data!U10 -> Anas OUAKKAD
A11: =IF(Raw_Data!A11="","",Raw_Data!A11) -> 204349 | B11: =IF(Raw_Data!B11="","",Raw_Data!B11) -> NABACH Lara | C11: =IF(Raw_Data!C11="","",Raw_Data!C11) -> Ford GER | D11: =IF(Raw_Data!D11="","",Raw_Data!D11) -> 2026-07 | E11: =IF($A11="","",IF(Raw_Data!E11="",0,IF(KPI_Config!$C$5="L",IF(Raw_Data!E11<=KPI_Config!$E$5,KPI_Config!$D$5,IF(AND(KPI_Config!$F$5>0,Raw_Data!E11<=KPI_Config!$G$5),KPI_Config!$F$5,0)),IF(Raw_Data!E11>=KPI_Config!$E$5,KPI_Config!$D$5,IF(AND(KPI_Config!$F$5>0,Raw_Data!E11>=KPI_Config!$G$5),KPI_Config!$F$5,0))))) -> 0 | F11: =IF($A11="","",IF(Raw_Data!F11="",0,IF(KPI_Config!$C$6="L",IF(Raw_Data!F11<=KPI_Config!$E$6,KPI_Config!$D$6,IF(AND(KPI_Config!$F$6>0,Raw_Data!F11<=KPI_Config!$G$6),KPI_Config!$F$6,0)),IF(Raw_Data!F11>=KPI_Config!$E$6,KPI_Config!$D$6,IF(AND(KPI_Config!$F$6>0,Raw_Data!F11>=KPI_Config!$G$6),KPI_Config!$F$6,0))))) -> 0.15 | G11: =IF($A11="","",IF(Raw_Data!G11="",0,IF(KPI_Config!$C$7="L",IF(Raw_Data!G11<=KPI_Config!$E$7,KPI_Config!$D$7,IF(AND(KPI_Config!$F$7>0,Raw_Data!G11<=KPI_Config!$G$7),KPI_Config!$F$7,0)),IF(Raw_Data!G11>=KPI_Config!$E$7,KPI_Config!$D$7,IF(AND(KPI_Config!$F$7>0,Raw_Data!G11>=KPI_Config!$G$7),KPI_Config!$F$7,0))))) -> 0.15 | H11: =IF($A11="","",IF(Raw_Data!H11="",0,IF(KPI_Config!$C$8="L",IF(Raw_Data!H11<=KPI_Config!$E$8,KPI_Config!$D$8,IF(AND(KPI_Config!$F$8>0,Raw_Data!H11<=KPI_Config!$G$8),KPI_Config!$F$8,0)),IF(Raw_Data!H11>=KPI_Config!$E$8,KPI_Config!$D$8,IF(AND(KPI_Config!$F$8>0,Raw_Data!H11>=KPI_Config!$G$8),KPI_Config!$F$8,0))))) -> 0 | I11: =IF($A11="","",IF(Raw_Data!I11="",0,IF(KPI_Config!$C$9="L",IF(Raw_Data!I11<=KPI_Config!$E$9,KPI_Config!$D$9,IF(AND(KPI_Config!$F$9>0,Raw_Data!I11<=KPI_Config!$G$9),KPI_Config!$F$9,0)),IF(Raw_Data!I11>=KPI_Config!$E$9,KPI_Config!$D$9,IF(AND(KPI_Config!$F$9>0,Raw_Data!I11>=KPI_Config!$G$9),KPI_Config!$F$9,0))))) -> 0 | J11: =IF($A11="","",IF(Raw_Data!J11="",0,IF(KPI_Config!$C$10="L",IF(Raw_Data!J11<=KPI_Config!$E$10,KPI_Config!$D$10,IF(AND(KPI_Config!$F$10>0,Raw_Data!J11<=KPI_Config!$G$10),KPI_Config!$F$10,0)),IF(Raw_Data!J11>=KPI_Config!$E$10,KPI_Config!$D$10,IF(AND(KPI_Config!$F$10>0,Raw_Data!J11>=KPI_Config!$G$10),KPI_Config!$F$10,0))))) -> 0 | K11: =IF($A11="","",IF(Raw_Data!G11="",0,IF(KPI_Config!$C$11="L",IF(Raw_Data!G11<=KPI_Config!$E$11,KPI_Config!$D$11,IF(AND(KPI_Config!$F$11>0,Raw_Data!G11<=KPI_Config!$G$11),KPI_Config!$F$11,0)),IF(Raw_Data!G11>=KPI_Config!$E$11,KPI_Config!$D$11,IF(AND(KPI_Config!$F$11>0,Raw_Data!G11>=KPI_Config!$G$11),KPI_Config!$F$11,0))))) -> 0 | L11: =IF($A11="","",MIN(Policy_Decisions!$B$10,IF(Policy_Decisions!$B$6="Additive",SUM(E11:K11),SUM(E11:J11)-G11+MAX(G11,K11)))) -> 0.3 | M11: =IF($A11="","",Raw_Data!K11) -> 0 | N11: =IF($A11="","",IFERROR(VLOOKUP(M11,KPI_Config!$I$5:$J$10,2,FALSE()),0)) -> 0 | O11: =IF($A11="","",IF(Policy_Decisions!$B$5="Percentage points",MAX(0,L11-N11),L11*(1-N11))) -> 0.3 | P11: =IF($A11="","",IF(U11="","Review proration",IF(O11=0,"No payout",IF(N11>0,"Malus applied","Eligible")))) -> Eligible | Q11: =IF($A11="","",Raw_Data!M11) -> MAD | R11: =IF($A11="","",Raw_Data!N11) -> 0 | S11: =IF($A11="","",Raw_Data!O11) -> 0 | T11: =IF($A11="","",IF(Raw_Data!P11>0,Raw_Data!P11,Raw_Data!N11*Raw_Data!O11/IF(Policy_Decisions!$B$7="Annual",12,1))) -> 2000 | U11: =IF($A11="","",IF(OR(Raw_Data!R11="",Raw_Data!R11<=0),"",MIN(1,MAX(0,Raw_Data!Q11/Raw_Data!R11)))) -> 1 | V11: =IF(OR($A11="",U11=""),"",T11*U11) -> 2000 | W11: =IF(OR($A11="",V11=""),"",V11*L11) -> 600 | X11: =IF(OR($A11="",V11=""),"",V11*L11-V11*O11) -> 0 | Y11: =IF(OR($A11="",V11=""),"",ROUND(V11*O11,IF(Policy_Decisions!$B$11="Whole MAD",0,2))) -> 600 | Z11: =Raw_Data!T11 -> Grouh Jaouad | AA11: =Raw_Data!U11 -> Anas OUAKKAD
A12: =IF(Raw_Data!A12="","",Raw_Data!A12) -> 228205 | B12: =IF(Raw_Data!B12="","",Raw_Data!B12) -> Mohamed Amine MERSAK | C12: =IF(Raw_Data!C12="","",Raw_Data!C12) -> OEM FR | D12: =IF(Raw_Data!D12="","",Raw_Data!D12) -> 2026-07 | E12: =IF($A12="","",IF(Raw_Data!E12="",0,IF(KPI_Config!$C$5="L",IF(Raw_Data!E12<=KPI_Config!$E$5,KPI_Config!$D$5,IF(AND(KPI_Config!$F$5>0,Raw_Data!E12<=KPI_Config!$G$5),KPI_Config!$F$5,0)),IF(Raw_Data!E12>=KPI_Config!$E$5,KPI_Config!$D$5,IF(AND(KPI_Config!$F$5>0,Raw_Data!E12>=KPI_Config!$G$5),KPI_Config!$F$5,0))))) -> 0.15 | F12: =IF($A12="","",IF(Raw_Data!F12="",0,IF(KPI_Config!$C$6="L",IF(Raw_Data!F12<=KPI_Config!$E$6,KPI_Config!$D$6,IF(AND(KPI_Config!$F$6>0,Raw_Data!F12<=KPI_Config!$G$6),KPI_Config!$F$6,0)),IF(Raw_Data!F12>=KPI_Config!$E$6,KPI_Config!$D$6,IF(AND(KPI_Config!$F$6>0,Raw_Data!F12>=KPI_Config!$G$6),KPI_Config!$F$6,0))))) -> 0.15 | G12: =IF($A12="","",IF(Raw_Data!G12="",0,IF(KPI_Config!$C$7="L",IF(Raw_Data!G12<=KPI_Config!$E$7,KPI_Config!$D$7,IF(AND(KPI_Config!$F$7>0,Raw_Data!G12<=KPI_Config!$G$7),KPI_Config!$F$7,0)),IF(Raw_Data!G12>=KPI_Config!$E$7,KPI_Config!$D$7,IF(AND(KPI_Config!$F$7>0,Raw_Data!G12>=KPI_Config!$G$7),KPI_Config!$F$7,0))))) -> 0.2 | H12: =IF($A12="","",IF(Raw_Data!H12="",0,IF(KPI_Config!$C$8="L",IF(Raw_Data!H12<=KPI_Config!$E$8,KPI_Config!$D$8,IF(AND(KPI_Config!$F$8>0,Raw_Data!H12<=KPI_Config!$G$8),KPI_Config!$F$8,0)),IF(Raw_Data!H12>=KPI_Config!$E$8,KPI_Config!$D$8,IF(AND(KPI_Config!$F$8>0,Raw_Data!H12>=KPI_Config!$G$8),KPI_Config!$F$8,0))))) -> 0 | I12: =IF($A12="","",IF(Raw_Data!I12="",0,IF(KPI_Config!$C$9="L",IF(Raw_Data!I12<=KPI_Config!$E$9,KPI_Config!$D$9,IF(AND(KPI_Config!$F$9>0,Raw_Data!I12<=KPI_Config!$G$9),KPI_Config!$F$9,0)),IF(Raw_Data!I12>=KPI_Config!$E$9,KPI_Config!$D$9,IF(AND(KPI_Config!$F$9>0,Raw_Data!I12>=KPI_Config!$G$9),KPI_Config!$F$9,0))))) -> 0 | J12: =IF($A12="","",IF(Raw_Data!J12="",0,IF(KPI_Config!$C$10="L",IF(Raw_Data!J12<=KPI_Config!$E$10,KPI_Config!$D$10,IF(AND(KPI_Config!$F$10>0,Raw_Data!J12<=KPI_Config!$G$10),KPI_Config!$F$10,0)),IF(Raw_Data!J12>=KPI_Config!$E$10,KPI_Config!$D$10,IF(AND(KPI_Config!$F$10>0,Raw_Data!J12>=KPI_Config!$G$10),KPI_Config!$F$10,0))))) -> 0 | K12: =IF($A12="","",IF(Raw_Data!G12="",0,IF(KPI_Config!$C$11="L",IF(Raw_Data!G12<=KPI_Config!$E$11,KPI_Config!$D$11,IF(AND(KPI_Config!$F$11>0,Raw_Data!G12<=KPI_Config!$G$11),KPI_Config!$F$11,0)),IF(Raw_Data!G12>=KPI_Config!$E$11,KPI_Config!$D$11,IF(AND(KPI_Config!$F$11>0,Raw_Data!G12>=KPI_Config!$G$11),KPI_Config!$F$11,0))))) -> 0.3 | L12: =IF($A12="","",MIN(Policy_Decisions!$B$10,IF(Policy_Decisions!$B$6="Additive",SUM(E12:K12),SUM(E12:J12)-G12+MAX(G12,K12)))) -> 0.8 | M12: =IF($A12="","",Raw_Data!K12) -> 0 | N12: =IF($A12="","",IFERROR(VLOOKUP(M12,KPI_Config!$I$5:$J$10,2,FALSE()),0)) -> 0 | O12: =IF($A12="","",IF(Policy_Decisions!$B$5="Percentage points",MAX(0,L12-N12),L12*(1-N12))) -> 0.8 | P12: =IF($A12="","",IF(U12="","Review proration",IF(O12=0,"No payout",IF(N12>0,"Malus applied","Eligible")))) -> Eligible | Q12: =IF($A12="","",Raw_Data!M12) -> MAD | R12: =IF($A12="","",Raw_Data!N12) -> 0 | S12: =IF($A12="","",Raw_Data!O12) -> 0 | T12: =IF($A12="","",IF(Raw_Data!P12>0,Raw_Data!P12,Raw_Data!N12*Raw_Data!O12/IF(Policy_Decisions!$B$7="Annual",12,1))) -> 2000 | U12: =IF($A12="","",IF(OR(Raw_Data!R12="",Raw_Data!R12<=0),"",MIN(1,MAX(0,Raw_Data!Q12/Raw_Data!R12)))) -> 1 | V12: =IF(OR($A12="",U12=""),"",T12*U12) -> 2000 | W12: =IF(OR($A12="",V12=""),"",V12*L12) -> 1600 | X12: =IF(OR($A12="",V12=""),"",V12*L12-V12*O12) -> 0 | Y12: =IF(OR($A12="",V12=""),"",ROUND(V12*O12,IF(Policy_Decisions!$B$11="Whole MAD",0,2))) -> 1600 | Z12: =Raw_Data!T12 -> Farouk BOUAZZAOUI | AA12: =Raw_Data!U12 -> Anas OUAKKAD
A13: =IF(Raw_Data!A13="","",Raw_Data!A13) -> 204018 | B13: =IF(Raw_Data!B13="","",Raw_Data!B13) -> Mejhed Asmaa | C13: =IF(Raw_Data!C13="","",Raw_Data!C13) -> Ford Dutch | D13: =IF(Raw_Data!D13="","",Raw_Data!D13) -> 2026-07 | E13: =IF($A13="","",IF(Raw_Data!E13="",0,IF(KPI_Config!$C$5="L",IF(Raw_Data!E13<=KPI_Config!$E$5,KPI_Config!$D$5,IF(AND(KPI_Config!$F$5>0,Raw_Data!E13<=KPI_Config!$G$5),KPI_Config!$F$5,0)),IF(Raw_Data!E13>=KPI_Config!$E$5,KPI_Config!$D$5,IF(AND(KPI_Config!$F$5>0,Raw_Data!E13>=KPI_Config!$G$5),KPI_Config!$F$5,0))))) -> 0 | F13: =IF($A13="","",IF(Raw_Data!F13="",0,IF(KPI_Config!$C$6="L",IF(Raw_Data!F13<=KPI_Config!$E$6,KPI_Config!$D$6,IF(AND(KPI_Config!$F$6>0,Raw_Data!F13<=KPI_Config!$G$6),KPI_Config!$F$6,0)),IF(Raw_Data!F13>=KPI_Config!$E$6,KPI_Config!$D$6,IF(AND(KPI_Config!$F$6>0,Raw_Data!F13>=KPI_Config!$G$6),KPI_Config!$F$6,0))))) -> 0 | G13: =IF($A13="","",IF(Raw_Data!G13="",0,IF(KPI_Config!$C$7="L",IF(Raw_Data!G13<=KPI_Config!$E$7,KPI_Config!$D$7,IF(AND(KPI_Config!$F$7>0,Raw_Data!G13<=KPI_Config!$G$7),KPI_Config!$F$7,0)),IF(Raw_Data!G13>=KPI_Config!$E$7,KPI_Config!$D$7,IF(AND(KPI_Config!$F$7>0,Raw_Data!G13>=KPI_Config!$G$7),KPI_Config!$F$7,0))))) -> 0.15 | H13: =IF($A13="","",IF(Raw_Data!H13="",0,IF(KPI_Config!$C$8="L",IF(Raw_Data!H13<=KPI_Config!$E$8,KPI_Config!$D$8,IF(AND(KPI_Config!$F$8>0,Raw_Data!H13<=KPI_Config!$G$8),KPI_Config!$F$8,0)),IF(Raw_Data!H13>=KPI_Config!$E$8,KPI_Config!$D$8,IF(AND(KPI_Config!$F$8>0,Raw_Data!H13>=KPI_Config!$G$8),KPI_Config!$F$8,0))))) -> 0 | I13: =IF($A13="","",IF(Raw_Data!I13="",0,IF(KPI_Config!$C$9="L",IF(Raw_Data!I13<=KPI_Config!$E$9,KPI_Config!$D$9,IF(AND(KPI_Config!$F$9>0,Raw_Data!I13<=KPI_Config!$G$9),KPI_Config!$F$9,0)),IF(Raw_Data!I13>=KPI_Config!$E$9,KPI_Config!$D$9,IF(AND(KPI_Config!$F$9>0,Raw_Data!I13>=KPI_Config!$G$9),KPI_Config!$F$9,0))))) -> 0 | J13: =IF($A13="","",IF(Raw_Data!J13="",0,IF(KPI_Config!$C$10="L",IF(Raw_Data!J13<=KPI_Config!$E$10,KPI_Config!$D$10,IF(AND(KPI_Config!$F$10>0,Raw_Data!J13<=KPI_Config!$G$10),KPI_Config!$F$10,0)),IF(Raw_Data!J13>=KPI_Config!$E$10,KPI_Config!$D$10,IF(AND(KPI_Config!$F$10>0,Raw_Data!J13>=KPI_Config!$G$10),KPI_Config!$F$10,0))))) -> 0 | K13: =IF($A13="","",IF(Raw_Data!G13="",0,IF(KPI_Config!$C$11="L",IF(Raw_Data!G13<=KPI_Config!$E$11,KPI_Config!$D$11,IF(AND(KPI_Config!$F$11>0,Raw_Data!G13<=KPI_Config!$G$11),KPI_Config!$F$11,0)),IF(Raw_Data!G13>=KPI_Config!$E$11,KPI_Config!$D$11,IF(AND(KPI_Config!$F$11>0,Raw_Data!G13>=KPI_Config!$G$11),KPI_Config!$F$11,0))))) -> 0 | L13: =IF($A13="","",MIN(Policy_Decisions!$B$10,IF(Policy_Decisions!$B$6="Additive",SUM(E13:K13),SUM(E13:J13)-G13+MAX(G13,K13)))) -> 0.15 | M13: =IF($A13="","",Raw_Data!K13) -> 0 | N13: =IF($A13="","",IFERROR(VLOOKUP(M13,KPI_Config!$I$5:$J$10,2,FALSE()),0)) -> 0 | O13: =IF($A13="","",IF(Policy_Decisions!$B$5="Percentage points",MAX(0,L13-N13),L13*(1-N13))) -> 0.15 | P13: =IF($A13="","",IF(U13="","Review proration",IF(O13=0,"No payout",IF(N13>0,"Malus applied","Eligible")))) -> Eligible | Q13: =IF($A13="","",Raw_Data!M13) -> MAD | R13: =IF($A13="","",Raw_Data!N13) -> 0 | S13: =IF($A13="","",Raw_Data!O13) -> 0 | T13: =IF($A13="","",IF(Raw_Data!P13>0,Raw_Data!P13,Raw_Data!N13*Raw_Data!O13/IF(Policy_Decisions!$B$7="Annual",12,1))) -> 2000 | U13: =IF($A13="","",IF(OR(Raw_Data!R13="",Raw_Data!R13<=0),"",MIN(1,MAX(0,Raw_Data!Q13/Raw_Data!R13)))) -> 1 | V13: =IF(OR($A13="",U13=""),"",T13*U13) -> 2000 | W13: =IF(OR($A13="",V13=""),"",V13*L13) -> 300 | X13: =IF(OR($A13="",V13=""),"",V13*L13-V13*O13) -> 0 | Y13: =IF(OR($A13="",V13=""),"",ROUND(V13*O13,IF(Policy_Decisions!$B$11="Whole MAD",0,2))) -> 300 | Z13: =Raw_Data!T13 -> DERRAZI Ilyasse | AA13: =Raw_Data!U13 -> Anas OUAKKAD
A14: =IF(Raw_Data!A14="","",Raw_Data!A14) -> 250749 | B14: =IF(Raw_Data!B14="","",Raw_Data!B14) -> Achraf ENNAJAH | C14: =IF(Raw_Data!C14="","",Raw_Data!C14) -> OEM FR | D14: =IF(Raw_Data!D14="","",Raw_Data!D14) -> 2026-07 | E14: =IF($A14="","",IF(Raw_Data!E14="",0,IF(KPI_Config!$C$5="L",IF(Raw_Data!E14<=KPI_Config!$E$5,KPI_Config!$D$5,IF(AND(KPI_Config!$F$5>0,Raw_Data!E14<=KPI_Config!$G$5),KPI_Config!$F$5,0)),IF(Raw_Data!E14>=KPI_Config!$E$5,KPI_Config!$D$5,IF(AND(KPI_Config!$F$5>0,Raw_Data!E14>=KPI_Config!$G$5),KPI_Config!$F$5,0))))) -> 0 | F14: =IF($A14="","",IF(Raw_Data!F14="",0,IF(KPI_Config!$C$6="L",IF(Raw_Data!F14<=KPI_Config!$E$6,KPI_Config!$D$6,IF(AND(KPI_Config!$F$6>0,Raw_Data!F14<=KPI_Config!$G$6),KPI_Config!$F$6,0)),IF(Raw_Data!F14>=KPI_Config!$E$6,KPI_Config!$D$6,IF(AND(KPI_Config!$F$6>0,Raw_Data!F14>=KPI_Config!$G$6),KPI_Config!$F$6,0))))) -> 0 | G14: =IF($A14="","",IF(Raw_Data!G14="",0,IF(KPI_Config!$C$7="L",IF(Raw_Data!G14<=KPI_Config!$E$7,KPI_Config!$D$7,IF(AND(KPI_Config!$F$7>0,Raw_Data!G14<=KPI_Config!$G$7),KPI_Config!$F$7,0)),IF(Raw_Data!G14>=KPI_Config!$E$7,KPI_Config!$D$7,IF(AND(KPI_Config!$F$7>0,Raw_Data!G14>=KPI_Config!$G$7),KPI_Config!$F$7,0))))) -> 0 | H14: =IF($A14="","",IF(Raw_Data!H14="",0,IF(KPI_Config!$C$8="L",IF(Raw_Data!H14<=KPI_Config!$E$8,KPI_Config!$D$8,IF(AND(KPI_Config!$F$8>0,Raw_Data!H14<=KPI_Config!$G$8),KPI_Config!$F$8,0)),IF(Raw_Data!H14>=KPI_Config!$E$8,KPI_Config!$D$8,IF(AND(KPI_Config!$F$8>0,Raw_Data!H14>=KPI_Config!$G$8),KPI_Config!$F$8,0))))) -> 0 | I14: =IF($A14="","",IF(Raw_Data!I14="",0,IF(KPI_Config!$C$9="L",IF(Raw_Data!I14<=KPI_Config!$E$9,KPI_Config!$D$9,IF(AND(KPI_Config!$F$9>0,Raw_Data!I14<=KPI_Config!$G$9),KPI_Config!$F$9,0)),IF(Raw_Data!I14>=KPI_Config!$E$9,KPI_Config!$D$9,IF(AND(KPI_Config!$F$9>0,Raw_Data!I14>=KPI_Config!$G$9),KPI_Config!$F$9,0))))) -> 0 | J14: =IF($A14="","",IF(Raw_Data!J14="",0,IF(KPI_Config!$C$10="L",IF(Raw_Data!J14<=KPI_Config!$E$10,KPI_Config!$D$10,IF(AND(KPI_Config!$F$10>0,Raw_Data!J14<=KPI_Config!$G$10),KPI_Config!$F$10,0)),IF(Raw_Data!J14>=KPI_Config!$E$10,KPI_Config!$D$10,IF(AND(KPI_Config!$F$10>0,Raw_Data!J14>=KPI_Config!$G$10),KPI_Config!$F$10,0))))) -> 0 | K14: =IF($A14="","",IF(Raw_Data!G14="",0,IF(KPI_Config!$C$11="L",IF(Raw_Data!G14<=KPI_Config!$E$11,KPI_Config!$D$11,IF(AND(KPI_Config!$F$11>0,Raw_Data!G14<=KPI_Config!$G$11),KPI_Config!$F$11,0)),IF(Raw_Data!G14>=KPI_Config!$E$11,KPI_Config!$D$11,IF(AND(KPI_Config!$F$11>0,Raw_Data!G14>=KPI_Config!$G$11),KPI_Config!$F$11,0))))) -> 0 | L14: =IF($A14="","",MIN(Policy_Decisions!$B$10,IF(Policy_Decisions!$B$6="Additive",SUM(E14:K14),SUM(E14:J14)-G14+MAX(G14,K14)))) -> 0 | M14: =IF($A14="","",Raw_Data!K14) -> 0 | N14: =IF($A14="","",IFERROR(VLOOKUP(M14,KPI_Config!$I$5:$J$10,2,FALSE()),0)) -> 0 | O14: =IF($A14="","",IF(Policy_Decisions!$B$5="Percentage points",MAX(0,L14-N14),L14*(1-N14))) -> 0 | P14: =IF($A14="","",IF(U14="","Review proration",IF(O14=0,"No payout",IF(N14>0,"Malus applied","Eligible")))) -> No payout | Q14: =IF($A14="","",Raw_Data!M14) -> MAD | R14: =IF($A14="","",Raw_Data!N14) -> 0 | S14: =IF($A14="","",Raw_Data!O14) -> 0 | T14: =IF($A14="","",IF(Raw_Data!P14>0,Raw_Data!P14,Raw_Data!N14*Raw_Data!O14/IF(Policy_Decisions!$B$7="Annual",12,1))) -> 2000 | U14: =IF($A14="","",IF(OR(Raw_Data!R14="",Raw_Data!R14<=0),"",MIN(1,MAX(0,Raw_Data!Q14/Raw_Data!R14)))) -> 1 | V14: =IF(OR($A14="",U14=""),"",T14*U14) -> 2000 | W14: =IF(OR($A14="",V14=""),"",V14*L14) -> 0 | X14: =IF(OR($A14="",V14=""),"",V14*L14-V14*O14) -> 0 | Y14: =IF(OR($A14="",V14=""),"",ROUND(V14*O14,IF(Policy_Decisions!$B$11="Whole MAD",0,2))) -> 0 | Z14: =Raw_Data!T14 -> Zineb MOUFID | AA14: =Raw_Data!U14 -> Anas OUAKKAD
A15: =IF(Raw_Data!A15="","",Raw_Data!A15) -> 250750 | B15: =IF(Raw_Data!B15="","",Raw_Data!B15) -> Ayoub EL ADRAOUI | C15: =IF(Raw_Data!C15="","",Raw_Data!C15) -> OEM FR | D15: =IF(Raw_Data!D15="","",Raw_Data!D15) -> 2026-07 | E15: =IF($A15="","",IF(Raw_Data!E15="",0,IF(KPI_Config!$C$5="L",IF(Raw_Data!E15<=KPI_Config!$E$5,KPI_Config!$D$5,IF(AND(KPI_Config!$F$5>0,Raw_Data!E15<=KPI_Config!$G$5),KPI_Config!$F$5,0)),IF(Raw_Data!E15>=KPI_Config!$E$5,KPI_Config!$D$5,IF(AND(KPI_Config!$F$5>0,Raw_Data!E15>=KPI_Config!$G$5),KPI_Config!$F$5,0))))) -> 0 | F15: =IF($A15="","",IF(Raw_Data!F15="",0,IF(KPI_Config!$C$6="L",IF(Raw_Data!F15<=KPI_Config!$E$6,KPI_Config!$D$6,IF(AND(KPI_Config!$F$6>0,Raw_Data!F15<=KPI_Config!$G$6),KPI_Config!$F$6,0)),IF(Raw_Data!F15>=KPI_Config!$E$6,KPI_Config!$D$6,IF(AND(KPI_Config!$F$6>0,Raw_Data!F15>=KPI_Config!$G$6),KPI_Config!$F$6,0))))) -> 0 | G15: =IF($A15="","",IF(Raw_Data!G15="",0,IF(KPI_Config!$C$7="L",IF(Raw_Data!G15<=KPI_Config!$E$7,KPI_Config!$D$7,IF(AND(KPI_Config!$F$7>0,Raw_Data!G15<=KPI_Config!$G$7),KPI_Config!$F$7,0)),IF(Raw_Data!G15>=KPI_Config!$E$7,KPI_Config!$D$7,IF(AND(KPI_Config!$F$7>0,Raw_Data!G15>=KPI_Config!$G$7),KPI_Config!$F$7,0))))) -> 0 | H15: =IF($A15="","",IF(Raw_Data!H15="",0,IF(KPI_Config!$C$8="L",IF(Raw_Data!H15<=KPI_Config!$E$8,KPI_Config!$D$8,IF(AND(KPI_Config!$F$8>0,Raw_Data!H15<=KPI_Config!$G$8),KPI_Config!$F$8,0)),IF(Raw_Data!H15>=KPI_Config!$E$8,KPI_Config!$D$8,IF(AND(KPI_Config!$F$8>0,Raw_Data!H15>=KPI_Config!$G$8),KPI_Config!$F$8,0))))) -> 0 | I15: =IF($A15="","",IF(Raw_Data!I15="",0,IF(KPI_Config!$C$9="L",IF(Raw_Data!I15<=KPI_Config!$E$9,KPI_Config!$D$9,IF(AND(KPI_Config!$F$9>0,Raw_Data!I15<=KPI_Config!$G$9),KPI_Config!$F$9,0)),IF(Raw_Data!I15>=KPI_Config!$E$9,KPI_Config!$D$9,IF(AND(KPI_Config!$F$9>0,Raw_Data!I15>=KPI_Config!$G$9),KPI_Config!$F$9,0))))) -> 0 | J15: =IF($A15="","",IF(Raw_Data!J15="",0,IF(KPI_Config!$C$10="L",IF(Raw_Data!J15<=KPI_Config!$E$10,KPI_Config!$D$10,IF(AND(KPI_Config!$F$10>0,Raw_Data!J15<=KPI_Config!$G$10),KPI_Config!$F$10,0)),IF(Raw_Data!J15>=KPI_Config!$E$10,KPI_Config!$D$10,IF(AND(KPI_Config!$F$10>0,Raw_Data!J15>=KPI_Config!$G$10),KPI_Config!$F$10,0))))) -> 0 | K15: =IF($A15="","",IF(Raw_Data!G15="",0,IF(KPI_Config!$C$11="L",IF(Raw_Data!G15<=KPI_Config!$E$11,KPI_Config!$D$11,IF(AND(KPI_Config!$F$11>0,Raw_Data!G15<=KPI_Config!$G$11),KPI_Config!$F$11,0)),IF(Raw_Data!G15>=KPI_Config!$E$11,KPI_Config!$D$11,IF(AND(KPI_Config!$F$11>0,Raw_Data!G15>=KPI_Config!$G$11),KPI_Config!$F$11,0))))) -> 0 | L15: =IF($A15="","",MIN(Policy_Decisions!$B$10,IF(Policy_Decisions!$B$6="Additive",SUM(E15:K15),SUM(E15:J15)-G15+MAX(G15,K15)))) -> 0 | M15: =IF($A15="","",Raw_Data!K15) -> 0 | N15: =IF($A15="","",IFERROR(VLOOKUP(M15,KPI_Config!$I$5:$J$10,2,FALSE()),0)) -> 0 | O15: =IF($A15="","",IF(Policy_Decisions!$B$5="Percentage points",MAX(0,L15-N15),L15*(1-N15))) -> 0 | P15: =IF($A15="","",IF(U15="","Review proration",IF(O15=0,"No payout",IF(N15>0,"Malus applied","Eligible")))) -> No payout | Q15: =IF($A15="","",Raw_Data!M15) -> MAD | R15: =IF($A15="","",Raw_Data!N15) -> 0 | S15: =IF($A15="","",Raw_Data!O15) -> 0 | T15: =IF($A15="","",IF(Raw_Data!P15>0,Raw_Data!P15,Raw_Data!N15*Raw_Data!O15/IF(Policy_Decisions!$B$7="Annual",12,1))) -> 2000 | U15: =IF($A15="","",IF(OR(Raw_Data!R15="",Raw_Data!R15<=0),"",MIN(1,MAX(0,Raw_Data!Q15/Raw_Data!R15)))) -> 1 | V15: =IF(OR($A15="",U15=""),"",T15*U15) -> 2000 | W15: =IF(OR($A15="",V15=""),"",V15*L15) -> 0 | X15: =IF(OR($A15="",V15=""),"",V15*L15-V15*O15) -> 0 | Y15: =IF(OR($A15="",V15=""),"",ROUND(V15*O15,IF(Policy_Decisions!$B$11="Whole MAD",0,2))) -> 0 | Z15: =Raw_Data!T15 -> Kenza EL MOUMNI | AA15: =Raw_Data!U15 -> Anas OUAKKAD
A16: =IF(Raw_Data!A16="","",Raw_Data!A16) -> 266361 | B16: =IF(Raw_Data!B16="","",Raw_Data!B16) -> Mohamed Zuljami | C16: =IF(Raw_Data!C16="","",Raw_Data!C16) -> RSA VL | D16: =IF(Raw_Data!D16="","",Raw_Data!D16) -> 2026-07 | E16: =IF($A16="","",IF(Raw_Data!E16="",0,IF(KPI_Config!$C$5="L",IF(Raw_Data!E16<=KPI_Config!$E$5,KPI_Config!$D$5,IF(AND(KPI_Config!$F$5>0,Raw_Data!E16<=KPI_Config!$G$5),KPI_Config!$F$5,0)),IF(Raw_Data!E16>=KPI_Config!$E$5,KPI_Config!$D$5,IF(AND(KPI_Config!$F$5>0,Raw_Data!E16>=KPI_Config!$G$5),KPI_Config!$F$5,0))))) -> 0 | F16: =IF($A16="","",IF(Raw_Data!F16="",0,IF(KPI_Config!$C$6="L",IF(Raw_Data!F16<=KPI_Config!$E$6,KPI_Config!$D$6,IF(AND(KPI_Config!$F$6>0,Raw_Data!F16<=KPI_Config!$G$6),KPI_Config!$F$6,0)),IF(Raw_Data!F16>=KPI_Config!$E$6,KPI_Config!$D$6,IF(AND(KPI_Config!$F$6>0,Raw_Data!F16>=KPI_Config!$G$6),KPI_Config!$F$6,0))))) -> 0 | G16: =IF($A16="","",IF(Raw_Data!G16="",0,IF(KPI_Config!$C$7="L",IF(Raw_Data!G16<=KPI_Config!$E$7,KPI_Config!$D$7,IF(AND(KPI_Config!$F$7>0,Raw_Data!G16<=KPI_Config!$G$7),KPI_Config!$F$7,0)),IF(Raw_Data!G16>=KPI_Config!$E$7,KPI_Config!$D$7,IF(AND(KPI_Config!$F$7>0,Raw_Data!G16>=KPI_Config!$G$7),KPI_Config!$F$7,0))))) -> 0 | H16: =IF($A16="","",IF(Raw_Data!H16="",0,IF(KPI_Config!$C$8="L",IF(Raw_Data!H16<=KPI_Config!$E$8,KPI_Config!$D$8,IF(AND(KPI_Config!$F$8>0,Raw_Data!H16<=KPI_Config!$G$8),KPI_Config!$F$8,0)),IF(Raw_Data!H16>=KPI_Config!$E$8,KPI_Config!$D$8,IF(AND(KPI_Config!$F$8>0,Raw_Data!H16>=KPI_Config!$G$8),KPI_Config!$F$8,0))))) -> 0 | I16: =IF($A16="","",IF(Raw_Data!I16="",0,IF(KPI_Config!$C$9="L",IF(Raw_Data!I16<=KPI_Config!$E$9,KPI_Config!$D$9,IF(AND(KPI_Config!$F$9>0,Raw_Data!I16<=KPI_Config!$G$9),KPI_Config!$F$9,0)),IF(Raw_Data!I16>=KPI_Config!$E$9,KPI_Config!$D$9,IF(AND(KPI_Config!$F$9>0,Raw_Data!I16>=KPI_Config!$G$9),KPI_Config!$F$9,0))))) -> 0 | J16: =IF($A16="","",IF(Raw_Data!J16="",0,IF(KPI_Config!$C$10="L",IF(Raw_Data!J16<=KPI_Config!$E$10,KPI_Config!$D$10,IF(AND(KPI_Config!$F$10>0,Raw_Data!J16<=KPI_Config!$G$10),KPI_Config!$F$10,0)),IF(Raw_Data!J16>=KPI_Config!$E$10,KPI_Config!$D$10,IF(AND(KPI_Config!$F$10>0,Raw_Data!J16>=KPI_Config!$G$10),KPI_Config!$F$10,0))))) -> 0 | K16: =IF($A16="","",IF(Raw_Data!G16="",0,IF(KPI_Config!$C$11="L",IF(Raw_Data!G16<=KPI_Config!$E$11,KPI_Config!$D$11,IF(AND(KPI_Config!$F$11>0,Raw_Data!G16<=KPI_Config!$G$11),KPI_Config!$F$11,0)),IF(Raw_Data!G16>=KPI_Config!$E$11,KPI_Config!$D$11,IF(AND(KPI_Config!$F$11>0,Raw_Data!G16>=KPI_Config!$G$11),KPI_Config!$F$11,0))))) -> 0 | L16: =IF($A16="","",MIN(Policy_Decisions!$B$10,IF(Policy_Decisions!$B$6="Additive",SUM(E16:K16),SUM(E16:J16)-G16+MAX(G16,K16)))) -> 0 | M16: =IF($A16="","",Raw_Data!K16) -> 0 | N16: =IF($A16="","",IFERROR(VLOOKUP(M16,KPI_Config!$I$5:$J$10,2,FALSE()),0)) -> 0 | O16: =IF($A16="","",IF(Policy_Decisions!$B$5="Percentage points",MAX(0,L16-N16),L16*(1-N16))) -> 0 | P16: =IF($A16="","",IF(U16="","Review proration",IF(O16=0,"No payout",IF(N16>0,"Malus applied","Eligible")))) -> No payout | Q16: =IF($A16="","",Raw_Data!M16) -> MAD | R16: =IF($A16="","",Raw_Data!N16) -> 0 | S16: =IF($A16="","",Raw_Data!O16) -> 0 | T16: =IF($A16="","",IF(Raw_Data!P16>0,Raw_Data!P16,Raw_Data!N16*Raw_Data!O16/IF(Policy_Decisions!$B$7="Annual",12,1))) -> 2000 | U16: =IF($A16="","",IF(OR(Raw_Data!R16="",Raw_Data!R16<=0),"",MIN(1,MAX(0,Raw_Data!Q16/Raw_Data!R16)))) -> 1 | V16: =IF(OR($A16="",U16=""),"",T16*U16) -> 2000 | W16: =IF(OR($A16="",V16=""),"",V16*L16) -> 0 | X16: =IF(OR($A16="",V16=""),"",V16*L16-V16*O16) -> 0 | Y16: =IF(OR($A16="",V16=""),"",ROUND(V16*O16,IF(Policy_Decisions!$B$11="Whole MAD",0,2))) -> 0 | Z16: =Raw_Data!T16 -> KAIKAI Faissal | AA16: =Raw_Data!U16 -> Anas OUAKKAD
... A206: =IF(Raw_Data!A206="","",Raw_Data!A206) | B206: =IF(Raw_Data!B206="","",Raw_Data!B206) | C206: =IF(Raw_Data!C206="","",Raw_Data!C206) | D206: =IF(Raw_Data!D206="","",Raw_Data!D206) | E206: =IF($A206="","",IF(Raw_Data!E206="",0,IF(KPI_Config!$C$5="L",IF(Raw_Data!E206<=KPI_Config!$E$5,KPI_Config!$D$5,IF(AND(KPI_Config!$F$5>0,Raw_Data!E206<=KPI_Config!$G$5),KPI_Config!$F$5,0)),IF(Raw_Data!E206>=KPI_Config!$E$5,KPI_Config!$D$5,IF(AND(KPI_Config!$F$5>0,Raw_Data!E206>=KPI_Config!$G$5),KPI_Config!$F$5,0))))) | F206: =IF($A206="","",IF(Raw_Data!F206="",0,IF(KPI_Config!$C$6="L",IF(Raw_Data!F206<=KPI_Config!$E$6,KPI_Config!$D$6,IF(AND(KPI_Config!$F$6>0,Raw_Data!F206<=KPI_Config!$G$6),KPI_Config!$F$6,0)),IF(Raw_Data!F206>=KPI_Config!$E$6,KPI_Config!$D$6,IF(AND(KPI_Config!$F$6>0,Raw_Data!F206>=KPI_Config!$G$6),KPI_Config!$F$6,0))))) | G206: =IF($A206="","",IF(Raw_Data!G206="",0,IF(KPI_Config!$C$7="L",IF(Raw_Data!G206<=KPI_Config!$E$7,KPI_Config!$D$7,IF(AND(KPI_Config!$F$7>0,Raw_Data!G206<=KPI_Config!$G$7),KPI_Config!$F$7,0)),IF(Raw_Data!G206>=KPI_Config!$E$7,KPI_Config!$D$7,IF(AND(KPI_Config!$F$7>0,Raw_Data!G206>=KPI_Config!$G$7),KPI_Config!$F$7,0))))) | H206: =IF($A206="","",IF(Raw_Data!H206="",0,IF(KPI_Config!$C$8="L",IF(Raw_Data!H206<=KPI_Config!$E$8,KPI_Config!$D$8,IF(AND(KPI_Config!$F$8>0,Raw_Data!H206<=KPI_Config!$G$8),KPI_Config!$F$8,0)),IF(Raw_Data!H206>=KPI_Config!$E$8,KPI_Config!$D$8,IF(AND(KPI_Config!$F$8>0,Raw_Data!H206>=KPI_Config!$G$8),KPI_Config!$F$8,0))))) | I206: =IF($A206="","",IF(Raw_Data!I206="",0,IF(KPI_Config!$C$9="L",IF(Raw_Data!I206<=KPI_Config!$E$9,KPI_Config!$D$9,IF(AND(KPI_Config!$F$9>0,Raw_Data!I206<=KPI_Config!$G$9),KPI_Config!$F$9,0)),IF(Raw_Data!I206>=KPI_Config!$E$9,KPI_Config!$D$9,IF(AND(KPI_Config!$F$9>0,Raw_Data!I206>=KPI_Config!$G$9),KPI_Config!$F$9,0))))) | J206: =IF($A206="","",IF(Raw_Data!J206="",0,IF(KPI_Config!$C$10="L",IF(Raw_Data!J206<=KPI_Config!$E$10,KPI_Config!$D$10,IF(AND(KPI_Config!$F$10>0,Raw_Data!J206<=KPI_Config!$G$10),KPI_Config!$F$10,0)),IF(Raw_Data!J206>=KPI_Config!$E$10,KPI_Config!$D$10,IF(AND(KPI_Config!$F$10>0,Raw_Data!J206>=KPI_Config!$G$10),KPI_Config!$F$10,0))))) | K206: =IF($A206="","",IF(Raw_Data!G206="",0,IF(KPI_Config!$C$11="L",IF(Raw_Data!G206<=KPI_Config!$E$11,KPI_Config!$D$11,IF(AND(KPI_Config!$F$11>0,Raw_Data!G206<=KPI_Config!$G$11),KPI_Config!$F$11,0)),IF(Raw_Data!G206>=KPI_Config!$E$11,KPI_Config!$D$11,IF(AND(KPI_Config!$F$11>0,Raw_Data!G206>=KPI_Config!$G$11),KPI_Config!$F$11,0))))) | L206: =IF($A206="","",MIN(Policy_Decisions!$B$10,IF(Policy_Decisions!$B$6="Additive",SUM(E206:K206),SUM(E206:J206)-G206+MAX(G206,K206)))) | M206: =IF($A206="","",Raw_Data!K206) | N206: =IF($A206="","",IFERROR(VLOOKUP(M206,KPI_Config!$I$5:$J$10,2,FALSE()),0)) | O206: =IF($A206="","",IF(Policy_Decisions!$B$5="Percentage points",MAX(0,L206-N206),L206*(1-N206))) | P206: =IF($A206="","",IF(U206="","Review proration",IF(O206=0,"No payout",IF(N206>0,"Malus applied","Eligible")))) | Q206: =IF($A206="","",Raw_Data!M206) | R206: =IF($A206="","",Raw_Data!N206) | S206: =IF($A206="","",Raw_Data!O206) | T206: =IF($A206="","",IF(Raw_Data!P206>0,Raw_Data!P206,Raw_Data!N206*Raw_Data!O206/IF(Policy_Decisions!$B$7="Annual",12,1))) | U206: =IF($A206="","",IF(OR(Raw_Data!R206="",Raw_Data!R206<=0),"",MIN(1,MAX(0,Raw_Data!Q206/Raw_Data!R206)))) | V206: =IF(OR($A206="",U206=""),"",T206*U206) | W206: =IF(OR($A206="",V206=""),"",V206*L206) | X206: =IF(OR($A206="",V206=""),"",V206*L206-V206*O206) | Y206: =IF(OR($A206="",V206=""),"",ROUND(V206*O206,IF(Policy_Decisions!$B$11="Whole MAD",0,2))) | Z206: =Raw_Data!T206 -> 0 | AA206: =Raw_Data!U206 -> 0

Sheet KPI_Analysis
A1: JULY 2026 | KPI PERFORMANCE DRIVERS
A5: KPI | B5: Agents with Data | C5: Agents Earning | D5: Attainment Rate | E5: Average Award Contribution | F5: Sum of Agent Award Points | H5: KPI ATTAINMENT RATE BY LOB
A6: AHT | B6: =COUNT(Raw_Data!E5:E206) -> 133 | C6: =COUNTIF(Results!E5:E206,">0") -> 74 | D6: =IFERROR(C6/B6,0) -> 0.55639098 | E6: =AVERAGE(Results!E5:E206) -> 0.066467066 | F6: =SUM(Results!E5:E206) -> 11.1 | I6: Ford GER | J6: Ford Dutch | K6: OEM FR | L6: RSA FR | M6: RSA NL | N6: RSA VL
A7: Productivity | B7: =COUNT(Raw_Data!F5:F206) -> 133 | C7: =COUNTIF(Results!F5:F206,">0") -> 83 | D7: =IFERROR(C7/B7,0) -> 0.62406015 | E7: =AVERAGE(Results!F5:F206) -> 0.074550898 | F7: =SUM(Results!F5:F206) -> 12.45 | H7: AHT | I7: =IFERROR(COUNTIFS(Results!$C$5:$C$206,I$6,Results!$E$5:$E$206,">0")/COUNTIF(Results!$C$5:$C$206,I$6),0) -> 0 | J7: =IFERROR(COUNTIFS(Results!$C$5:$C$206,J$6,Results!$E$5:$E$206,">0")/COUNTIF(Results!$C$5:$C$206,J$6),0) -> 0.5 | K7: =IFERROR(COUNTIFS(Results!$C$5:$C$206,K$6,Results!$E$5:$E$206,">0")/COUNTIF(Results!$C$5:$C$206,K$6),0) -> 0.22033898 | L7: =IFERROR(COUNTIFS(Results!$C$5:$C$206,L$6,Results!$E$5:$E$206,">0")/COUNTIF(Results!$C$5:$C$206,L$6),0) -> 0.55555556 | M7: =IFERROR(COUNTIFS(Results!$C$5:$C$206,M$6,Results!$E$5:$E$206,">0")/COUNTIF(Results!$C$5:$C$206,M$6),0) -> 0.66666667 | N7: =IFERROR(COUNTIFS(Results!$C$5:$C$206,N$6,Results!$E$5:$E$206,">0")/COUNTIF(Results!$C$5:$C$206,N$6),0) -> 0.64285714
A8: PCS Score | B8: =COUNT(Raw_Data!G5:G206) -> 137 | C8: =COUNTIF(Results!G5:G206,">0") -> 71 | D8: =IFERROR(C8/B8,0) -> 0.51824818 | E8: =AVERAGE(Results!G5:G206) -> 0.079341317 | F8: =SUM(Results!G5:G206) -> 13.25 | H8: Productivity | I8: =IFERROR(COUNTIFS(Results!$C$5:$C$206,I$6,Results!$F$5:$F$206,">0")/COUNTIF(Results!$C$5:$C$206,I$6),0) -> 0.28571429 | J8: =IFERROR(COUNTIFS(Results!$C$5:$C$206,J$6,Results!$F$5:$F$206,">0")/COUNTIF(Results!$C$5:$C$206,J$6),0) -> 0.625 | K8: =IFERROR(COUNTIFS(Results!$C$5:$C$206,K$6,Results!$F$5:$F$206,">0")/COUNTIF(Results!$C$5:$C$206,K$6),0) -> 0.30508475 | L8: =IFERROR(COUNTIFS(Results!$C$5:$C$206,L$6,Results!$F$5:$F$206,">0")/COUNTIF(Results!$C$5:$C$206,L$6),0) -> 0.55555556 | M8: =IFERROR(COUNTIFS(Results!$C$5:$C$206,M$6,Results!$F$5:$F$206,">0")/COUNTIF(Results!$C$5:$C$206,M$6),0) -> 0.64444444 | N8: =IFERROR(COUNTIFS(Results!$C$5:$C$206,N$6,Results!$F$5:$F$206,">0")/COUNTIF(Results!$C$5:$C$206,N$6),0) -> 0.64285714
A9: PCS Participation | B9: =COUNT(Raw_Data!H5:H206) -> 137 | C9: =COUNTIF(Results!H5:H206,">0") -> 3 | D9: =IFERROR(C9/B9,0) -> 0.02189781 | E9: =AVERAGE(Results!H5:H206) -> 0.0017964072 | F9: =SUM(Results!H5:H206) -> 0.3 | H9: PCS Score | I9: =IFERROR(COUNTIFS(Results!$C$5:$C$206,I$6,Results!$G$5:$G$206,">0")/COUNTIF(Results!$C$5:$C$206,I$6),0) -> 0.42857143 | J9: =IFERROR(COUNTIFS(Results!$C$5:$C$206,J$6,Results!$G$5:$G$206,">0")/COUNTIF(Results!$C$5:$C$206,J$6),0) -> 0.58333333 | K9: =IFERROR(COUNTIFS(Results!$C$5:$C$206,K$6,Results!$G$5:$G$206,">0")/COUNTIF(Results!$C$5:$C$206,K$6),0) -> 0.6440678 | L9: =IFERROR(COUNTIFS(Results!$C$5:$C$206,L$6,Results!$G$5:$G$206,">0")/COUNTIF(Results!$C$5:$C$206,L$6),0) -> 0.11111111 | M9: =IFERROR(COUNTIFS(Results!$C$5:$C$206,M$6,Results!$G$5:$G$206,">0")/COUNTIF(Results!$C$5:$C$206,M$6),0) -> 0.22222222 | N9: =IFERROR(COUNTIFS(Results!$C$5:$C$206,N$6,Results!$G$5:$G$206,">0")/COUNTIF(Results!$C$5:$C$206,N$6),0) -> 0.28571429
A10: QM | B10: =COUNT(Raw_Data!I5:I206) -> 124 | C10: =COUNTIF(Results!I5:I206,">0") -> 24 | D10: =IFERROR(C10/B10,0) -> 0.19354839 | E10: =AVERAGE(Results!I5:I206) -> 0.023952096 | F10: =SUM(Results!I5:I206) -> 4 | H10: PCS Participation | I10: =IFERROR(COUNTIFS(Results!$C$5:$C$206,I$6,Results!$H$5:$H$206,">0")/COUNTIF(Results!$C$5:$C$206,I$6),0) -> 0 | J10: =IFERROR(COUNTIFS(Results!$C$5:$C$206,J$6,Results!$H$5:$H$206,">0")/COUNTIF(Results!$C$5:$C$206,J$6),0) -> 0.041666667 | K10: =IFERROR(COUNTIFS(Results!$C$5:$C$206,K$6,Results!$H$5:$H$206,">0")/COUNTIF(Results!$C$5:$C$206,K$6),0) -> 0.033898305 | L10: =IFERROR(COUNTIFS(Results!$C$5:$C$206,L$6,Results!$H$5:$H$206,">0")/COUNTIF(Results!$C$5:$C$206,L$6),0) -> 0 | M10: =IFERROR(COUNTIFS(Results!$C$5:$C$206,M$6,Results!$H$5:$H$206,">0")/COUNTIF(Results!$C$5:$C$206,M$6),0) -> 0 | N10: =IFERROR(COUNTIFS(Results!$C$5:$C$206,N$6,Results!$H$5:$H$206,">0")/COUNTIF(Results!$C$5:$C$206,N$6),0) -> 0
A11: Absence | B11: =COUNT(Raw_Data!J5:J206) -> 142 | C11: =COUNTIF(Results!J5:J206,">0") -> 108 | D11: =IFERROR(C11/B11,0) -> 0.76056338 | E11: =AVERAGE(Results!J5:J206) -> 0.097005988 | F11: =SUM(Results!J5:J206) -> 16.2 | H11: QM | I11: =IFERROR(COUNTIFS(Results!$C$5:$C$206,I$6,Results!$I$5:$I$206,">0")/COUNTIF(Results!$C$5:$C$206,I$6),0) -> 0 | J11: =IFERROR(COUNTIFS(Results!$C$5:$C$206,J$6,Results!$I$5:$I$206,">0")/COUNTIF(Results!$C$5:$C$206,J$6),0) -> 0 | K11: =IFERROR(COUNTIFS(Results!$C$5:$C$206,K$6,Results!$I$5:$I$206,">0")/COUNTIF(Results!$C$5:$C$206,K$6),0) -> 0.10169492 | L11: =IFERROR(COUNTIFS(Results!$C$5:$C$206,L$6,Results!$I$5:$I$206,">0")/COUNTIF(Results!$C$5:$C$206,L$6),0) -> 0.44444444 | M11: =IFERROR(COUNTIFS(Results!$C$5:$C$206,M$6,Results!$I$5:$I$206,">0")/COUNTIF(Results!$C$5:$C$206,M$6),0) -> 0.13333333 | N11: =IFERROR(COUNTIFS(Results!$C$5:$C$206,N$6,Results!$I$5:$I$206,">0")/COUNTIF(Results!$C$5:$C$206,N$6),0) -> 0.28571429
A12: Extra PCS | B12: =COUNT(Raw_Data!G5:G206) -> 137 | C12: =COUNTIF(Results!K5:K206,">0") -> 52 | D12: =IFERROR(C12/B12,0) -> 0.37956204 | E12: =AVERAGE(Results!K5:K206) -> 0.086826347 | F12: =SUM(Results!K5:K206) -> 14.5 | H12: Absence | I12: =IFERROR(COUNTIFS(Results!$C$5:$C$206,I$6,Results!$J$5:$J$206,">0")/COUNTIF(Results!$C$5:$C$206,I$6),0) -> 0 | J12: =IFERROR(COUNTIFS(Results!$C$5:$C$206,J$6,Results!$J$5:$J$206,">0")/COUNTIF(Results!$C$5:$C$206,J$6),0) -> 0.58333333 | K12: =IFERROR(COUNTIFS(Results!$C$5:$C$206,K$6,Results!$J$5:$J$206,">0")/COUNTIF(Results!$C$5:$C$206,K$6),0) -> 0.89830508 | L12: =IFERROR(COUNTIFS(Results!$C$5:$C$206,L$6,Results!$J$5:$J$206,">0")/COUNTIF(Results!$C$5:$C$206,L$6),0) -> 0.77777778 | M12: =IFERROR(COUNTIFS(Results!$C$5:$C$206,M$6,Results!$J$5:$J$206,">0")/COUNTIF(Results!$C$5:$C$206,M$6),0) -> 0.42222222 | N12: =IFERROR(COUNTIFS(Results!$C$5:$C$206,N$6,Results!$J$5:$J$206,">0")/COUNTIF(Results!$C$5:$C$206,N$6),0) -> 0.57142857
H13: Extra PCS | I13: =IFERROR(COUNTIFS(Results!$C$5:$C$206,I$6,Results!$K$5:$K$206,">0")/COUNTIF(Results!$C$5:$C$206,I$6),0) -> 0.28571429 | J13: =IFERROR(COUNTIFS(Results!$C$5:$C$206,J$6,Results!$K$5:$K$206,">0")/COUNTIF(Results!$C$5:$C$206,J$6),0) -> 0.33333333 | K13: =IFERROR(COUNTIFS(Results!$C$5:$C$206,K$6,Results!$K$5:$K$206,">0")/COUNTIF(Results!$C$5:$C$206,K$6),0) -> 0.59322034 | L13: =IFERROR(COUNTIFS(Results!$C$5:$C$206,L$6,Results!$K$5:$K$206,">0")/COUNTIF(Results!$C$5:$C$206,L$6),0) -> 0.055555556 | M13: =IFERROR(COUNTIFS(Results!$C$5:$C$206,M$6,Results!$K$5:$K$206,">0")/COUNTIF(Results!$C$5:$C$206,M$6),0) -> 0.088888889 | N13: =IFERROR(COUNTIFS(Results!$C$5:$C$206,N$6,Results!$K$5:$K$206,">0")/COUNTIF(Results!$C$5:$C$206,N$6),0) -> 0.14285714

Sheet Team_Lead_Analysis
A1: JULY 2026 | TEAM LEAD PERFORMANCE
A5: Team Lead | B5: Agents | C5: Paid Agents | D5: Payout Rate | E5: Final Payout (MAD) | F5: Share of Total | G5: Average Paid Payout | H5: Zero Payout | I5: Review
A6: AL TAMIMI Zeynab | B6: =COUNTIF(Results!$Z$5:$Z$206,A6) -> 16 | C6: =COUNTIFS(Results!$Z$5:$Z$206,A6,Results!$Y$5:$Y$206,">0") -> 16 | D6: =IFERROR(C6/B6,0) -> 1 | E6: =SUMIF(Results!$Z$5:$Z$206,A6,Results!$Y$5:$Y$206) -> 16500 | F6: =IFERROR(E6/SUM($E$6:$E$17),0) -> 0.11490251 | G6: =IFERROR(E6/C6,0) -> 1031.25 | H6: =COUNTIFS(Results!$Z$5:$Z$206,A6,Results!$Y$5:$Y$206,0) -> 0 | I6: =COUNTIFS(Results!$Z$5:$Z$206,A6,Results!$P$5:$P$206,"Review proration") -> 0
A7: DERRAZI Ilyasse | B7: =COUNTIF(Results!$Z$5:$Z$206,A7) -> 14 | C7: =COUNTIFS(Results!$Z$5:$Z$206,A7,Results!$Y$5:$Y$206,">0") -> 13 | D7: =IFERROR(C7/B7,0) -> 0.92857143 | E7: =SUMIF(Results!$Z$5:$Z$206,A7,Results!$Y$5:$Y$206) -> 12200 | F7: =IFERROR(E7/SUM($E$6:$E$17),0) -> 0.084958217 | G7: =IFERROR(E7/C7,0) -> 938.46154 | H7: =COUNTIFS(Results!$Z$5:$Z$206,A7,Results!$Y$5:$Y$206,0) -> 1 | I7: =COUNTIFS(Results!$Z$5:$Z$206,A7,Results!$P$5:$P$206,"Review proration") -> 0
A8: EL GHAZI Youssef | B8: =COUNTIF(Results!$Z$5:$Z$206,A8) -> 14 | C8: =COUNTIFS(Results!$Z$5:$Z$206,A8,Results!$Y$5:$Y$206,">0") -> 13 | D8: =IFERROR(C8/B8,0) -> 0.92857143 | E8: =SUMIF(Results!$Z$5:$Z$206,A8,Results!$Y$5:$Y$206) -> 12400 | F8: =IFERROR(E8/SUM($E$6:$E$17),0) -> 0.086350975 | G8: =IFERROR(E8/C8,0) -> 953.84615 | H8: =COUNTIFS(Results!$Z$5:$Z$206,A8,Results!$Y$5:$Y$206,0) -> 1 | I8: =COUNTIFS(Results!$Z$5:$Z$206,A8,Results!$P$5:$P$206,"Review proration") -> 0
A9: Farouk BOUAZZAOUI | B9: =COUNTIF(Results!$Z$5:$Z$206,A9) -> 13 | C9: =COUNTIFS(Results!$Z$5:$Z$206,A9,Results!$Y$5:$Y$206,">0") -> 13 | D9: =IFERROR(C9/B9,0) -> 1 | E9: =SUMIF(Results!$Z$5:$Z$206,A9,Results!$Y$5:$Y$206) -> 11100 | F9: =IFERROR(E9/SUM($E$6:$E$17),0) -> 0.07729805 | G9: =IFERROR(E9/C9,0) -> 853.84615 | H9: =COUNTIFS(Results!$Z$5:$Z$206,A9,Results!$Y$5:$Y$206,0) -> 0 | I9: =COUNTIFS(Results!$Z$5:$Z$206,A9,Results!$P$5:$P$206,"Review proration") -> 0
A10: Glenn Antoon | B10: =COUNTIF(Results!$Z$5:$Z$206,A10) -> 14 | C10: =COUNTIFS(Results!$Z$5:$Z$206,A10,Results!$Y$5:$Y$206,">0") -> 11 | D10: =IFERROR(C10/B10,0) -> 0.78571429 | E10: =SUMIF(Results!$Z$5:$Z$206,A10,Results!$Y$5:$Y$206) -> 11700 | F10: =IFERROR(E10/SUM($E$6:$E$17),0) -> 0.081476323 | G10: =IFERROR(E10/C10,0) -> 1063.6364 | H10: =COUNTIFS(Results!$Z$5:$Z$206,A10,Results!$Y$5:$Y$206,0) -> 3 | I10: =COUNTIFS(Results!$Z$5:$Z$206,A10,Results!$P$5:$P$206,"Review proration") -> 0
A11: Grouh Jaouad | B11: =COUNTIF(Results!$Z$5:$Z$206,A11) -> 7 | C11: =COUNTIFS(Results!$Z$5:$Z$206,A11,Results!$Y$5:$Y$206,">0") -> 4 | D11: =IFERROR(C11/B11,0) -> 0.57142857 | E11: =SUMIF(Results!$Z$5:$Z$206,A11,Results!$Y$5:$Y$206) -> 2900 | F11: =IFERROR(E11/SUM($E$6:$E$17),0) -> 0.020194986 | G11: =IFERROR(E11/C11,0) -> 725 | H11: =COUNTIFS(Results!$Z$5:$Z$206,A11,Results!$Y$5:$Y$206,0) -> 3 | I11: =COUNTIFS(Results!$Z$5:$Z$206,A11,Results!$P$5:$P$206,"Review proration") -> 0
A12: JEANNE NKIKIO RWIBUTSO | B12: =COUNTIF(Results!$Z$5:$Z$206,A12) -> 14 | C12: =COUNTIFS(Results!$Z$5:$Z$206,A12,Results!$Y$5:$Y$206,">0") -> 13 | D12: =IFERROR(C12/B12,0) -> 0.92857143 | E12: =SUMIF(Results!$Z$5:$Z$206,A12,Results!$Y$5:$Y$206) -> 11000 | F12: =IFERROR(E12/SUM($E$6:$E$17),0) -> 0.076601671 | G12: =IFERROR(E12/C12,0) -> 846.15385 | H12: =COUNTIFS(Results!$Z$5:$Z$206,A12,Results!$Y$5:$Y$206,0) -> 1 | I12: =COUNTIFS(Results!$Z$5:$Z$206,A12,Results!$P$5:$P$206,"Review proration") -> 0
A13: KAIKAI Faissal | B13: =COUNTIF(Results!$Z$5:$Z$206,A13) -> 11 | C13: =COUNTIFS(Results!$Z$5:$Z$206,A13,Results!$Y$5:$Y$206,">0") -> 0 | D13: =IFERROR(C13/B13,0) -> 0 | E13: =SUMIF(Results!$Z$5:$Z$206,A13,Results!$Y$5:$Y$206) -> 0 | F13: =IFERROR(E13/SUM($E$6:$E$17),0) -> 0 | G13: =IFERROR(E13/C13,0) -> 0 | H13: =COUNTIFS(Results!$Z$5:$Z$206,A13,Results!$Y$5:$Y$206,0) -> 11 | I13: =COUNTIFS(Results!$Z$5:$Z$206,A13,Results!$P$5:$P$206,"Review proration") -> 0
A14: Kenza EL MOUMNI | B14: =COUNTIF(Results!$Z$5:$Z$206,A14) -> 19 | C14: =COUNTIFS(Results!$Z$5:$Z$206,A14,Results!$Y$5:$Y$206,">0") -> 18 | D14: =IFERROR(C14/B14,0) -> 0.94736842 | E14: =SUMIF(Results!$Z$5:$Z$206,A14,Results!$Y$5:$Y$206) -> 16600 | F14: =IFERROR(E14/SUM($E$6:$E$17),0) -> 0.11559889 | G14: =IFERROR(E14/C14,0) -> 922.22222 | H14: =COUNTIFS(Results!$Z$5:$Z$206,A14,Results!$Y$5:$Y$206,0) -> 1 | I14: =COUNTIFS(Results!$Z$5:$Z$206,A14,Results!$P$5:$P$206,"Review proration") -> 0
A15: Malak AZERKI | B15: =COUNTIF(Results!$Z$5:$Z$206,A15) -> 18 | C15: =COUNTIFS(Results!$Z$5:$Z$206,A15,Results!$Y$5:$Y$206,">0") -> 18 | D15: =IFERROR(C15/B15,0) -> 1 | E15: =SUMIF(Results!$Z$5:$Z$206,A15,Results!$Y$5:$Y$206) -> 19800 | F15: =IFERROR(E15/SUM($E$6:$E$17),0) -> 0.13788301 | G15: =IFERROR(E15/C15,0) -> 1100 | H15: =COUNTIFS(Results!$Z$5:$Z$206,A15,Results!$Y$5:$Y$206,0) -> 0 | I15: =COUNTIFS(Results!$Z$5:$Z$206,A15,Results!$P$5:$P$206,"Review proration") -> 0
A16: Mohamed-Amine SADKI | B16: =COUNTIF(Results!$Z$5:$Z$206,A16) -> 13 | C16: =COUNTIFS(Results!$Z$5:$Z$206,A16,Results!$Y$5:$Y$206,">0") -> 13 | D16: =IFERROR(C16/B16,0) -> 1 | E16: =SUMIF(Results!$Z$5:$Z$206,A16,Results!$Y$5:$Y$206) -> 12800 | F16: =IFERROR(E16/SUM($E$6:$E$17),0) -> 0.08913649 | G16: =IFERROR(E16/C16,0) -> 984.61538 | H16: =COUNTIFS(Results!$Z$5:$Z$206,A16,Results!$Y$5:$Y$206,0) -> 0 | I16: =COUNTIFS(Results!$Z$5:$Z$206,A16,Results!$P$5:$P$206,"Review proration") -> 0
A17: Zineb MOUFID | B17: =COUNTIF(Results!$Z$5:$Z$206,A17) -> 14 | C17: =COUNTIFS(Results!$Z$5:$Z$206,A17,Results!$Y$5:$Y$206,">0") -> 12 | D17: =IFERROR(C17/B17,0) -> 0.85714286 | E17: =SUMIF(Results!$Z$5:$Z$206,A17,Results!$Y$5:$Y$206) -> 16600 | F17: =IFERROR(E17/SUM($E$6:$E$17),0) -> 0.11559889 | G17: =IFERROR(E17/C17,0) -> 1383.3333 | H17: =COUNTIFS(Results!$Z$5:$Z$206,A17,Results!$Y$5:$Y$206,0) -> 2 | I17: =COUNTIFS(Results!$Z$5:$Z$206,A17,Results!$P$5:$P$206,"Review proration") -> 0
A18: TOTAL / ALL | B18: =COUNT(Results!$A$5:$A$206) -> 167 | C18: =COUNTIF(Results!$Y$5:$Y$206,">0") -> 144 | D18: =IFERROR(C18/B18,0) -> 0.86227545 | E18: =SUM(E6:E17) -> 143600 | F18: =SUM(F6:F17) -> 1 | G18: =IFERROR(E18/C18,0) -> 997.22222 | H18: =SUM(H6:H17) -> 23 | I18: =SUM(I6:I17) -> 0
A20: KPI ATTAINMENT RATE BY TEAM LEAD
A21: Team Lead | B21: AHT | C21: Productivity | D21: PCS Score | E21: Participation | F21: QM | G21: Absence | H21: Extra PCS
A22: AL TAMIMI Zeynab | B22: =IFERROR(COUNTIFS(Results!$Z$5:$Z$206,$A22,Results!$E$5:$E$206,">0")/COUNTIF(Results!$Z$5:$Z$206,$A22),0) -> 0.9375 | C22: =IFERROR(COUNTIFS(Results!$Z$5:$Z$206,$A22,Results!$F$5:$F$206,">0")/COUNTIF(Results!$Z$5:$Z$206,$A22),0) -> 0.9375 | D22: =IFERROR(COUNTIFS(Results!$Z$5:$Z$206,$A22,Results!$G$5:$G$206,">0")/COUNTIF(Results!$Z$5:$Z$206,$A22),0) -> 0.375 | E22: =IFERROR(COUNTIFS(Results!$Z$5:$Z$206,$A22,Results!$H$5:$H$206,">0")/COUNTIF(Results!$Z$5:$Z$206,$A22),0) -> 0 | F22: =IFERROR(COUNTIFS(Results!$Z$5:$Z$206,$A22,Results!$I$5:$I$206,">0")/COUNTIF(Results!$Z$5:$Z$206,$A22),0) -> 0.1875 | G22: =IFERROR(COUNTIFS(Results!$Z$5:$Z$206,$A22,Results!$J$5:$J$206,">0")/COUNTIF(Results!$Z$5:$Z$206,$A22),0) -> 0.75 | H22: =IFERROR(COUNTIFS(Results!$Z$5:$Z$206,$A22,Results!$K$5:$K$206,">0")/COUNTIF(Results!$Z$5:$Z$206,$A22),0) -> 0.125
A23: DERRAZI Ilyasse | B23: =IFERROR(COUNTIFS(Results!$Z$5:$Z$206,$A23,Results!$E$5:$E$206,">0")/COUNTIF(Results!$Z$5:$Z$206,$A23),0) -> 0.42857143 | C23: =IFERROR(COUNTIFS(Results!$Z$5:$Z$206,$A23,Results!$F$5:$F$206,">0")/COUNTIF(Results!$Z$5:$Z$206,$A23),0) -> 0.57142857 | D23: =IFERROR(COUNTIFS(Results!$Z$5:$Z$206,$A23,Results!$G$5:$G$206,">0")/COUNTIF(Results!$Z$5:$Z$206,$A23),0) -> 0.57142857 | E23: =IFERROR(COUNTIFS(Results!$Z$5:$Z$206,$A23,Results!$H$5:$H$206,">0")/COUNTIF(Results!$Z$5:$Z$206,$A23),0) -> 0 | F23: =IFERROR(COUNTIFS(Results!$Z$5:$Z$206,$A23,Results!$I$5:$I$206,">0")/COUNTIF(Results!$Z$5:$Z$206,$A23),0) -> 0 | G23: =IFERROR(COUNTIFS(Results!$Z$5:$Z$206,$A23,Results!$J$5:$J$206,">0")/COUNTIF(Results!$Z$5:$Z$206,$A23),0) -> 0.71428571 | H23: =IFERROR(COUNTIFS(Results!$Z$5:$Z$206,$A23,Results!$K$5:$K$206,">0")/COUNTIF(Results!$Z$5:$Z$206,$A23),0) -> 0.28571429
A24: EL GHAZI Youssef | B24: =IFERROR(COUNTIFS(Results!$Z$5:$Z$206,$A24,Results!$E$5:$E$206,">0")/COUNTIF(Results!$Z$5:$Z$206,$A24),0) -> 0.57142857 | C24: =IFERROR(COUNTIFS(Results!$Z$5:$Z$206,$A24,Results!$F$5:$F$206,">0")/COUNTIF(Results!$Z$5:$Z$206,$A24),0) -> 0.64285714 | D24: =IFERROR(COUNTIFS(Results!$Z$5:$Z$206,$A24,Results!$G$5:$G$206,">0")/COUNTIF(Results!$Z$5:$Z$206,$A24),0) -> 0.57142857 | E24: =IFERROR(COUNTIFS(Results!$Z$5:$Z$206,$A24,Results!$H$5:$H$206,">0")/COUNTIF(Results!$Z$5:$Z$206,$A24),0) -> 0.071428571 | F24: =IFERROR(COUNTIFS(Results!$Z$5:$Z$206,$A24,Results!$I$5:$I$206,">0")/COUNTIF(Results!$Z$5:$Z$206,$A24),0) -> 0.071428571 | G24: =IFERROR(COUNTIFS(Results!$Z$5:$Z$206,$A24,Results!$J$5:$J$206,">0")/COUNTIF(Results!$Z$5:$Z$206,$A24),0) -> 0.35714286 | H24: =IFERROR(COUNTIFS(Results!$Z$5:$Z$206,$A24,Results!$K$5:$K$206,">0")/COUNTIF(Results!$Z$5:$Z$206,$A24),0) -> 0.35714286
A25: Farouk BOUAZZAOUI | B25: =IFERROR(COUNTIFS(Results!$Z$5:$Z$206,$A25,Results!$E$5:$E$206,">0")/COUNTIF(Results!$Z$5:$Z$206,$A25),0) -> 0.15384615 | C25: =IFERROR(COUNTIFS(Results!$Z$5:$Z$206,$A25,Results!$F$5:$F$206,">0")/COUNTIF(Results!$Z$5:$Z$206,$A25),0) -> 0.23076923 | D25: =IFERROR(COUNTIFS(Results!$Z$5:$Z$206,$A25,Results!$G$5:$G$206,">0")/COUNTIF(Results!$Z$5:$Z$206,$A25),0) -> 0.53846154 | E25: =IFERROR(COUNTIFS(Results!$Z$5:$Z$206,$A25,Results!$H$5:$H$206,">0")/COUNTIF(Results!$Z$5:$Z$206,$A25),0) -> 0 | F25: =IFERROR(COUNTIFS(Results!$Z$5:$Z$206,$A25,Results!$I$5:$I$206,">0")/COUNTIF(Results!$Z$5:$Z$206,$A25),0) -> 0.076923077 | G25: =IFERROR(COUNTIFS(Results!$Z$5:$Z$206,$A25,Results!$J$5:$J$206,">0")/COUNTIF(Results!$Z$5:$Z$206,$A25),0) -> 0.92307692 | H25: =IFERROR(COUNTIFS(Results!$Z$5:$Z$206,$A25,Results!$K$5:$K$206,">0")/COUNTIF(Results!$Z$5:$Z$206,$A25),0) -> 0.38461538
A26: Glenn Antoon | B26: =IFERROR(COUNTIFS(Results!$Z$5:$Z$206,$A26,Results!$E$5:$E$206,">0")/COUNTIF(Results!$Z$5:$Z$206,$A26),0) -> 0.64285714 | C26: =IFERROR(COUNTIFS(Results!$Z$5:$Z$206,$A26,Results!$F$5:$F$206,">0")/COUNTIF(Results!$Z$5:$Z$206,$A26),0) -> 0.64285714 | D26: =IFERROR(COUNTIFS(Results!$Z$5:$Z$206,$A26,Results!$G$5:$G$206,">0")/COUNTIF(Results!$Z$5:$Z$206,$A26),0) -> 0.28571429 | E26: =IFERROR(COUNTIFS(Results!$Z$5:$Z$206,$A26,Results!$H$5:$H$206,">0")/COUNTIF(Results!$Z$5:$Z$206,$A26),0) -> 0 | F26: =IFERROR(COUNTIFS(Results!$Z$5:$Z$206,$A26,Results!$I$5:$I$206,">0")/COUNTIF(Results!$Z$5:$Z$206,$A26),0) -> 0.28571429 | G26: =IFERROR(COUNTIFS(Results!$Z$5:$Z$206,$A26,Results!$J$5:$J$206,">0")/COUNTIF(Results!$Z$5:$Z$206,$A26),0) -> 0.57142857 | H26: =IFERROR(COUNTIFS(Results!$Z$5:$Z$206,$A26,Results!$K$5:$K$206,">0")/COUNTIF(Results!$Z$5:$Z$206,$A26),0) -> 0.14285714
A27: Grouh Jaouad | B27: =IFERROR(COUNTIFS(Results!$Z$5:$Z$206,$A27,Results!$E$5:$E$206,">0")/COUNTIF(Results!$Z$5:$Z$206,$A27),0) -> 0 | C27: =IFERROR(COUNTIFS(Results!$Z$5:$Z$206,$A27,Results!$F$5:$F$206,">0")/COUNTIF(Results!$Z$5:$Z$206,$A27),0) -> 0.28571429 | D27: =IFERROR(COUNTIFS(Results!$Z$5:$Z$206,$A27,Results!$G$5:$G$206,">0")/COUNTIF(Results!$Z$5:$Z$206,$A27),0) -> 0.42857143 | E27: =IFERROR(COUNTIFS(Results!$Z$5:$Z$206,$A27,Results!$H$5:$H$206,">0")/COUNTIF(Results!$Z$5:$Z$206,$A27),0) -> 0 | F27: =IFERROR(COUNTIFS(Results!$Z$5:$Z$206,$A27,Results!$I$5:$I$206,">0")/COUNTIF(Results!$Z$5:$Z$206,$A27),0) -> 0 | G27: =IFERROR(COUNTIFS(Results!$Z$5:$Z$206,$A27,Results!$J$5:$J$206,">0")/COUNTIF(Results!$Z$5:$Z$206,$A27),0) -> 0 | H27: =IFERROR(COUNTIFS(Results!$Z$5:$Z$206,$A27,Results!$K$5:$K$206,">0")/COUNTIF(Results!$Z$5:$Z$206,$A27),0) -> 0.28571429
A28: JEANNE NKIKIO RWIBUTSO | B28: =IFERROR(COUNTIFS(Results!$Z$5:$Z$206,$A28,Results!$E$5:$E$206,">0")/COUNTIF(Results!$Z$5:$Z$206,$A28),0) -> 0.92857143 | C28: =IFERROR(COUNTIFS(Results!$Z$5:$Z$206,$A28,Results!$F$5:$F$206,">0")/COUNTIF(Results!$Z$5:$Z$206,$A28),0) -> 0.85714286 | D28: =IFERROR(COUNTIFS(Results!$Z$5:$Z$206,$A28,Results!$G$5:$G$206,">0")/COUNTIF(Results!$Z$5:$Z$206,$A28),0) -> 0.14285714 | E28: =IFERROR(COUNTIFS(Results!$Z$5:$Z$206,$A28,Results!$H$5:$H$206,">0")/COUNTIF(Results!$Z$5:$Z$206,$A28),0) -> 0 | F28: =IFERROR(COUNTIFS(Results!$Z$5:$Z$206,$A28,Results!$I$5:$I$206,">0")/COUNTIF(Results!$Z$5:$Z$206,$A28),0) -> 0.14285714 | G28: =IFERROR(COUNTIFS(Results!$Z$5:$Z$206,$A28,Results!$J$5:$J$206,">0")/COUNTIF(Results!$Z$5:$Z$206,$A28),0) -> 0.42857143 | H28: =IFERROR(COUNTIFS(Results!$Z$5:$Z$206,$A28,Results!$K$5:$K$206,">0")/COUNTIF(Results!$Z$5:$Z$206,$A28),0) -> 0.071428571
A29: KAIKAI Faissal | B29: =IFERROR(COUNTIFS(Results!$Z$5:$Z$206,$A29,Results!$E$5:$E$206,">0")/COUNTIF(Results!$Z$5:$Z$206,$A29),0) -> 0 | C29: =IFERROR(COUNTIFS(Results!$Z$5:$Z$206,$A29,Results!$F$5:$F$206,">0")/COUNTIF(Results!$Z$5:$Z$206,$A29),0) -> 0 | D29: =IFERROR(COUNTIFS(Results!$Z$5:$Z$206,$A29,Results!$G$5:$G$206,">0")/COUNTIF(Results!$Z$5:$Z$206,$A29),0) -> 0 | E29: =IFERROR(COUNTIFS(Results!$Z$5:$Z$206,$A29,Results!$H$5:$H$206,">0")/COUNTIF(Results!$Z$5:$Z$206,$A29),0) -> 0 | F29: =IFERROR(COUNTIFS(Results!$Z$5:$Z$206,$A29,Results!$I$5:$I$206,">0")/COUNTIF(Results!$Z$5:$Z$206,$A29),0) -> 0 | G29: =IFERROR(COUNTIFS(Results!$Z$5:$Z$206,$A29,Results!$J$5:$J$206,">0")/COUNTIF(Results!$Z$5:$Z$206,$A29),0) -> 0 | H29: =IFERROR(COUNTIFS(Results!$Z$5:$Z$206,$A29,Results!$K$5:$K$206,">0")/COUNTIF(Results!$Z$5:$Z$206,$A29),0) -> 0
A30: Kenza EL MOUMNI | B30: =IFERROR(COUNTIFS(Results!$Z$5:$Z$206,$A30,Results!$E$5:$E$206,">0")/COUNTIF(Results!$Z$5:$Z$206,$A30),0) -> 0.31578947 | C30: =IFERROR(COUNTIFS(Results!$Z$5:$Z$206,$A30,Results!$F$5:$F$206,">0")/COUNTIF(Results!$Z$5:$Z$206,$A30),0) -> 0.31578947 | D30: =IFERROR(COUNTIFS(Results!$Z$5:$Z$206,$A30,Results!$G$5:$G$206,">0")/COUNTIF(Results!$Z$5:$Z$206,$A30),0) -> 0.42105263 | E30: =IFERROR(COUNTIFS(Results!$Z$5:$Z$206,$A30,Results!$H$5:$H$206,">0")/COUNTIF(Results!$Z$5:$Z$206,$A30),0) -> 0 | F30: =IFERROR(COUNTIFS(Results!$Z$5:$Z$206,$A30,Results!$I$5:$I$206,">0")/COUNTIF(Results!$Z$5:$Z$206,$A30),0) -> 0.10526316 | G30: =IFERROR(COUNTIFS(Results!$Z$5:$Z$206,$A30,Results!$J$5:$J$206,">0")/COUNTIF(Results!$Z$5:$Z$206,$A30),0) -> 0.89473684 | H30: =IFERROR(COUNTIFS(Results!$Z$5:$Z$206,$A30,Results!$K$5:$K$206,">0")/COUNTIF(Results!$Z$5:$Z$206,$A30),0) -> 0.36842105
A31: Malak AZERKI | B31: =IFERROR(COUNTIFS(Results!$Z$5:$Z$206,$A31,Results!$E$5:$E$206,">0")/COUNTIF(Results!$Z$5:$Z$206,$A31),0) -> 0.16666667 | C31: =IFERROR(COUNTIFS(Results!$Z$5:$Z$206,$A31,Results!$F$5:$F$206,">0")/COUNTIF(Results!$Z$5:$Z$206,$A31),0) -> 0.33333333 | D31: =IFERROR(COUNTIFS(Results!$Z$5:$Z$206,$A31,Results!$G$5:$G$206,">0")/COUNTIF(Results!$Z$5:$Z$206,$A31),0) -> 0.61111111 | E31: =IFERROR(COUNTIFS(Results!$Z$5:$Z$206,$A31,Results!$H$5:$H$206,">0")/COUNTIF(Results!$Z$5:$Z$206,$A31),0) -> 0 | F31: =IFERROR(COUNTIFS(Results!$Z$5:$Z$206,$A31,Results!$I$5:$I$206,">0")/COUNTIF(Results!$Z$5:$Z$206,$A31),0) -> 0.16666667 | G31: =IFERROR(COUNTIFS(Results!$Z$5:$Z$206,$A31,Results!$J$5:$J$206,">0")/COUNTIF(Results!$Z$5:$Z$206,$A31),0) -> 1 | H31: =IFERROR(COUNTIFS(Results!$Z$5:$Z$206,$A31,Results!$K$5:$K$206,">0")/COUNTIF(Results!$Z$5:$Z$206,$A31),0) -> 0.61111111
A32: Mohamed-Amine SADKI | B32: =IFERROR(COUNTIFS(Results!$Z$5:$Z$206,$A32,Results!$E$5:$E$206,">0")/COUNTIF(Results!$Z$5:$Z$206,$A32),0) -> 0.76923077 | C32: =IFERROR(COUNTIFS(Results!$Z$5:$Z$206,$A32,Results!$F$5:$F$206,">0")/COUNTIF(Results!$Z$5:$Z$206,$A32),0) -> 0.76923077 | D32: =IFERROR(COUNTIFS(Results!$Z$5:$Z$206,$A32,Results!$G$5:$G$206,">0")/COUNTIF(Results!$Z$5:$Z$206,$A32),0) -> 0.15384615 | E32: =IFERROR(COUNTIFS(Results!$Z$5:$Z$206,$A32,Results!$H$5:$H$206,">0")/COUNTIF(Results!$Z$5:$Z$206,$A32),0) -> 0 | F32: =IFERROR(COUNTIFS(Results!$Z$5:$Z$206,$A32,Results!$I$5:$I$206,">0")/COUNTIF(Results!$Z$5:$Z$206,$A32),0) -> 0.61538462 | G32: =IFERROR(COUNTIFS(Results!$Z$5:$Z$206,$A32,Results!$J$5:$J$206,">0")/COUNTIF(Results!$Z$5:$Z$206,$A32),0) -> 0.69230769 | H32: =IFERROR(COUNTIFS(Results!$Z$5:$Z$206,$A32,Results!$K$5:$K$206,">0")/COUNTIF(Results!$Z$5:$Z$206,$A32),0) -> 0.076923077
A33: Zineb MOUFID | B33: =IFERROR(COUNTIFS(Results!$Z$5:$Z$206,$A33,Results!$E$5:$E$206,">0")/COUNTIF(Results!$Z$5:$Z$206,$A33),0) -> 0.14285714 | C33: =IFERROR(COUNTIFS(Results!$Z$5:$Z$206,$A33,Results!$F$5:$F$206,">0")/COUNTIF(Results!$Z$5:$Z$206,$A33),0) -> 0.21428571 | D33: =IFERROR(COUNTIFS(Results!$Z$5:$Z$206,$A33,Results!$G$5:$G$206,">0")/COUNTIF(Results!$Z$5:$Z$206,$A33),0) -> 0.85714286 | E33: =IFERROR(COUNTIFS(Results!$Z$5:$Z$206,$A33,Results!$H$5:$H$206,">0")/COUNTIF(Results!$Z$5:$Z$206,$A33),0) -> 0.14285714 | F33: =IFERROR(COUNTIFS(Results!$Z$5:$Z$206,$A33,Results!$I$5:$I$206,">0")/COUNTIF(Results!$Z$5:$Z$206,$A33),0) -> 0 | G33: =IFERROR(COUNTIFS(Results!$Z$5:$Z$206,$A33,Results!$J$5:$J$206,">0")/COUNTIF(Results!$Z$5:$Z$206,$A33),0) -> 0.78571429 | H33: =IFERROR(COUNTIFS(Results!$Z$5:$Z$206,$A33,Results!$K$5:$K$206,">0")/COUNTIF(Results!$Z$5:$Z$206,$A33),0) -> 0.85714286

Sheet Dashboard
B1: JULY 2026 | BONUS PAYOUT COCKPIT
L2: PERIOD | 2026-07
B4: TOTAL FINAL PAYOUT | G4: PAID AGENTS | L4: AVERAGE PAID PAYOUT
B5: =SUM(Results!Y5:Y206) -> 143600 | G5: =COUNTIF(Results!Y5:Y206,">0") -> 144 | L5: =IFERROR(AVERAGEIF(Results!Y5:Y206,">0"),0) -> 997.22222
B8: PAYOUT RATE | G8: HIGHEST PAYOUT | L8: REVIEW ITEMS
B9: =IFERROR(COUNTIF(Results!Y5:Y206,">0")/COUNT(Results!A5:A206),0) -> 0.86227545 | G9: =MAX(Results!Y5:Y206) -> 2200 | L9: =COUNTIF(Control_Checks!E5:E16,"REVIEW") -> 1
B11: LOB DECOMPOSITION | SCALE, COVERAGE AND PAYOUT EXPOSURE
B13: LOB | C13: Agents | D13: Paid | E13: Payout Rate | F13: Final Payout | G13: Share of Total | H13: Average Paid Payout | I13: Zero Payout | J13: Review
B14: Ford GER | C14: =COUNTIF(Results!C5:C206,B14) -> 7 | D14: =COUNTIFS(Results!C5:C206,B14,Results!Y5:Y206,">0") -> 4 | E14: =IFERROR(D14/C14,0) -> 0.57142857 | F14: =SUMIF(Results!C5:C206,B14,Results!Y5:Y206) -> 2900 | G14: =IFERROR(F14/SUM($F$14:$F$19),0) -> 0.020194986 | H14: =IFERROR(F14/D14,0) -> 725 | I14: =COUNTIFS(Results!C5:C206,B14,Results!Y5:Y206,0) -> 3 | J14: =COUNTIFS(Results!C5:C206,B14,Results!P5:P206,"Review proration") -> 0
B15: Ford Dutch | C15: =COUNTIF(Results!C5:C206,B15) -> 24 | D15: =COUNTIFS(Results!C5:C206,B15,Results!Y5:Y206,">0") -> 23 | E15: =IFERROR(D15/C15,0) -> 0.95833333 | F15: =SUMIF(Results!C5:C206,B15,Results!Y5:Y206) -> 21700 | G15: =IFERROR(F15/SUM($F$14:$F$19),0) -> 0.15111421 | H15: =IFERROR(F15/D15,0) -> 943.47826 | I15: =COUNTIFS(Results!C5:C206,B15,Results!Y5:Y206,0) -> 1 | J15: =COUNTIFS(Results!C5:C206,B15,Results!P5:P206,"Review proration") -> 0
B16: OEM FR | C16: =COUNTIF(Results!C5:C206,B16) -> 59 | D16: =COUNTIFS(Results!C5:C206,B16,Results!Y5:Y206,">0") -> 56 | E16: =IFERROR(D16/C16,0) -> 0.94915254 | F16: =SUMIF(Results!C5:C206,B16,Results!Y5:Y206) -> 62600 | G16: =IFERROR(F16/SUM($F$14:$F$19),0) -> 0.43593315 | H16: =IFERROR(F16/D16,0) -> 1117.8571 | I16: =COUNTIFS(Results!C5:C206,B16,Results!Y5:Y206,0) -> 3 | J16: =COUNTIFS(Results!C5:C206,B16,Results!P5:P206,"Review proration") -> 0
B17: RSA FR | C17: =COUNTIF(Results!C5:C206,B17) -> 18 | D17: =COUNTIFS(Results!C5:C206,B17,Results!Y5:Y206,">0") -> 18 | E17: =IFERROR(D17/C17,0) -> 1 | F17: =SUMIF(Results!C5:C206,B17,Results!Y5:Y206) -> 14300 | G17: =IFERROR(F17/SUM($F$14:$F$19),0) -> 0.099582173 | H17: =IFERROR(F17/D17,0) -> 794.44444 | I17: =COUNTIFS(Results!C5:C206,B17,Results!Y5:Y206,0) -> 0 | J17: =COUNTIFS(Results!C5:C206,B17,Results!P5:P206,"Review proration") -> 0
B18: RSA NL | C18: =COUNTIF(Results!C5:C206,B18) -> 45 | D18: =COUNTIFS(Results!C5:C206,B18,Results!Y5:Y206,">0") -> 32 | E18: =IFERROR(D18/C18,0) -> 0.71111111 | F18: =SUMIF(Results!C5:C206,B18,Results!Y5:Y206) -> 30400 | G18: =IFERROR(F18/SUM($F$14:$F$19),0) -> 0.21169916 | H18: =IFERROR(F18/D18,0) -> 950 | I18: =COUNTIFS(Results!C5:C206,B18,Results!Y5:Y206,0) -> 13 | J18: =COUNTIFS(Results!C5:C206,B18,Results!P5:P206,"Review proration") -> 0
B19: RSA VL | C19: =COUNTIF(Results!C5:C206,B19) -> 14 | D19: =COUNTIFS(Results!C5:C206,B19,Results!Y5:Y206,">0") -> 11 | E19: =IFERROR(D19/C19,0) -> 0.78571429 | F19: =SUMIF(Results!C5:C206,B19,Results!Y5:Y206) -> 11700 | G19: =IFERROR(F19/SUM($F$14:$F$19),0) -> 0.081476323 | H19: =IFERROR(F19/D19,0) -> 1063.6364 | I19: =COUNTIFS(Results!C5:C206,B19,Results!Y5:Y206,0) -> 3 | J19: =COUNTIFS(Results!C5:C206,B19,Results!P5:P206,"Review proration") -> 0
B20: TOTAL / ALL | C20: =COUNT(Results!$A$5:$A$206) -> 167 | D20: =COUNTIF(Results!Y5:Y206,">0") -> 144 | E20: =IFERROR(D20/C20,0) -> 0.86227545 | F20: =SUM(F14:F19) -> 143600 | G20: =SUM(G14:G19) -> 1 | H20: =IFERROR(F20/D20,0) -> 997.22222 | I20: =SUM(I14:I19) -> 23 | J20: =SUM(J14:J19) -> 0
B22: MANAGEMENT VISUALS | PAYOUT MIX AND COVERAGE
B40: PAYOUT DISTRIBUTION | AGENT CONCENTRATION
B42: Payout Band | C42: Agents | D42: Share
B43: No payout | C43: =COUNTIF(Results!Y5:Y206,0) -> 23 | D43: =IFERROR(C43/SUM($C$43:$C$47),0) -> 0.13772455
B44: 0 - 499 MAD | C44: =COUNTIFS(Results!Y5:Y206,">0",Results!Y5:Y206,"<500") -> 26 | D44: =IFERROR(C44/SUM($C$43:$C$47),0) -> 0.15568862
B45: 500 - 999 MAD | C45: =COUNTIFS(Results!Y5:Y206,">=500",Results!Y5:Y206,"<1000") -> 51 | D45: =IFERROR(C45/SUM($C$43:$C$47),0) -> 0.30538922
B46: 1,000 - 1,499 MAD | C46: =COUNTIFS(Results!Y5:Y206,">=1000",Results!Y5:Y206,"<1500") -> 42 | D46: =IFERROR(C46/SUM($C$43:$C$47),0) -> 0.25149701
B47: 1,500+ MAD | C47: =COUNTIF(Results!Y5:Y206,">=1500") -> 25 | D47: =IFERROR(C47/SUM($C$43:$C$47),0) -> 0.1497006
L49: TEAM LEAD VIEW
