Workbook
Name Segment_Date: #N/A
Name Segment_Date1: #N/A
Name Segment_Date3: #N/A
Name Segment_Date31: #N/A
Name Segment_Date311: #N/A

Sheet Croisé NL
N4: Étiquettes de colonnes
N5: (vide) | O5: général
M6: SLA% | N6: #DIV/0! | O6: #DIV/0!
M10: [Agent] | N10: (Tous)
M12: Call Received | N12: Étiquettes de colonnes
M13: Étiquettes de lignes | N13: (vide) | O13: général
M14: (vide)
M15: général
A24: Handled + Abandonned
A25: [Call Direction] | B25: I
A26: [Agent] | B26: (Tous)
A27: [Queue] | B27: (Tous)
C29: Valeurs | D29: Queue
C30: Calls Answered | E30: Call in SL | G30: AHT | I30: SLA% | K30: Total Calls Answered | L30: Total Call in SL | M30: Total AHT | N30: Total SLA%
A31: Date | B31: Heures ([Call Date/Time]) | C31: Alliannz Contract | D31: RSA | E31: Alliannz Contract | F31: RSA | G31: Alliannz Contract | H31: RSA | I31: Alliannz Contract | J31: RSA
A32: 46268 | B32: 07 | C32: 8 | D32: 2 | E32: 8 | F32: 2 | G32: 183 | H32: 449 | I32: 1 | J32: 1 | K32: 10 | L32: 10 | M32: 236.2 | N32: 1
A33: 46268 | B33: 08 | C33: 22 | D33: 31 | E33: 16 | F33: 18 | G33: 260.63636 | H33: 297.45161 | I33: 0.72727273 | J33: 0.58064516 | K33: 53 | L33: 34 | M33: 282.16981 | N33: 0.64150943
A34: 46268 | B34: 09 | C34: 37 | D34: 23 | E34: 34 | F34: 19 | G34: 379.54054 | H34: 317.52174 | I34: 0.91891892 | J34: 0.82608696 | K34: 60 | L34: 53 | M34: 355.76667 | N34: 0.88333333
A35: 46268 | B35: 10 | C35: 33 | D35: 22 | E35: 33 | F35: 18 | G35: 472.57576 | H35: 381.95455 | I35: 1 | J35: 0.81818182 | K35: 55 | L35: 51 | M35: 436.32727 | N35: 0.92727273
A36: 46268 | B36: 11 | C36: 32 | D36: 21 | E36: 30 | F36: 20 | G36: 403.5625 | H36: 370.57143 | I36: 0.9375 | J36: 0.95238095 | K36: 53 | L36: 50 | M36: 390.49057 | N36: 0.94339623
A37: 46268 | B37: 12 | C37: 35 | D37: 24 | E37: 35 | F37: 23 | G37: 344.17143 | H37: 350.54167 | I37: 1 | J37: 0.95833333 | K37: 59 | L37: 58 | M37: 346.76271 | N37: 0.98305085
A38: 46268 | B38: 13 | C38: 43 | D38: 19 | E38: 43 | F38: 19 | G38: 385.74419 | H38: 365.84211 | I38: 1 | J38: 1 | K38: 62 | L38: 62 | M38: 379.64516 | N38: 1
A39: 46268 | B39: 14 | C39: 35 | D39: 20 | E39: 35 | F39: 19 | G39: 344.05714 | H39: 287.65 | I39: 1 | J39: 0.95 | K39: 55 | L39: 54 | M39: 323.54545 | N39: 0.98181818
A40: Total 03/09/2026 | C40: 245 | D40: 162 | E40: 234 | F40: 138 | G40: 369.08163 | H40: 337.80247 | I40: 0.95510204 | J40: 0.85185185 | K40: 407 | L40: 372 | M40: 356.63145 | N40: 0.91400491
A41: Total général | C41: 245 | D41: 162 | E41: 234 | F41: 138 | G41: 369.08163 | H41: 337.80247 | I41: 0.95510204 | J41: 0.85185185 | K41: 407 | L41: 372 | M41: 356.63145 | N41: 0.91400491
A63: Handled only
A64: [Call Direction] | B64: I
A65: [Agent] | B65: (Plusieurs éléments)
A66: [Queue] | B66: (Tous)
C68: Valeurs | D68: Queue
C69: Calls Answered | E69: AHT | G69: SLA% | I69: Total Calls Answered | J69: Total AHT | K69: Total SLA%
A70: Date | B70: Heures ([Call Date/Time]) | C70: Alliannz Contract | D70: RSA | E70: Alliannz Contract | F70: RSA | G70: Alliannz Contract | H70: RSA
A71: 46268 | B71: 07 | C71: 8 | D71: 2 | E71: 183 | F71: 449 | G71: 1 | H71: 1 | I71: 10 | J71: 236.2 | K71: 1
A72: 46268 | B72: 08 | C72: 22 | D72: 30 | E72: 260.63636 | F72: 307.36667 | G72: 0.72727273 | H72: 0.6 | I72: 52 | J72: 287.59615 | K72: 0.65384615
A73: 46268 | B73: 09 | C73: 37 | D73: 23 | E73: 379.54054 | F73: 317.52174 | G73: 0.91891892 | H73: 0.82608696 | I73: 60 | J73: 355.76667 | K73: 0.88333333
A74: 46268 | B74: 10 | C74: 33 | D74: 22 | E74: 472.57576 | F74: 381.95455 | G74: 1 | H74: 0.81818182 | I74: 55 | J74: 436.32727 | K74: 0.92727273
A75: 46268 | B75: 11 | C75: 32 | D75: 21 | E75: 403.5625 | F75: 370.57143 | G75: 0.9375 | H75: 0.95238095 | I75: 53 | J75: 390.49057 | K75: 0.94339623
A76: 46268 | B76: 12 | C76: 35 | D76: 24 | E76: 344.17143 | F76: 350.54167 | G76: 1 | H76: 0.95833333 | I76: 59 | J76: 346.76271 | K76: 0.98305085
A77: 46268 | B77: 13 | C77: 43 | D77: 19 | E77: 385.74419 | F77: 365.84211 | G77: 1 | H77: 1 | I77: 62 | J77: 379.64516 | K77: 1
A78: 46268 | B78: 14 | C78: 35 | D78: 20 | E78: 344.05714 | F78: 287.65 | G78: 1 | H78: 0.95 | I78: 55 | J78: 323.54545 | K78: 0.98181818
A79: Total 03/09/2026 | C79: 245 | D79: 161 | E79: 369.08163 | F79: 339.90062 | G79: 0.95510204 | H79: 0.85714286 | I79: 406 | J79: 357.50985 | K79: 0.91625616
A80: Total général | C80: 245 | D80: 161 | E80: 369.08163 | F80: 339.90062 | G80: 0.95510204 | H80: 0.85714286 | I80: 406 | J80: 357.50985 | K80: 0.91625616

Sheet Croisé VL
N4: Étiquettes de colonnes
N5: (vide) | O5: général
M6: SLA% | N6: #DIV/0! | O6: #DIV/0!
M10: [Agent] | N10: (Tous)
M12: Call Received | N12: Étiquettes de colonnes
M13: Étiquettes de lignes | N13: (vide) | O13: général
M14: (vide)
M15: général
A24: Handled + Abandonned
A25: [Call Direction] | B25: I
A26: [Agent] | B26: (Tous)
A27: [Queue] | B27: (Tous)
C29: Valeurs | D29: Queue
C30: Calls Answered | E30: Call in SL | G30: AHT | I30: SLA% | K30: Total Calls Answered | L30: Total Call in SL | M30: Total AHT | N30: Total SLA%
A31: Date | B31: Heures ([Call Date/Time]) | C31: RSA BE | D31: Alliannz Contract BE | E31: RSA BE | F31: Alliannz Contract BE | G31: RSA BE | H31: Alliannz Contract BE | I31: RSA BE | J31: Alliannz Contract BE
A32: 46268 | B32: 07 | C32: 2 | E32: 2 | G32: 452.5 | I32: 1 | K32: 2 | L32: 2 | M32: 452.5 | N32: 1
A33: 46268 | B33: 08 | C33: 12 | D33: 2 | E33: 10 | F33: 2 | G33: 486.75 | H33: 295.5 | I33: 0.83333333 | J33: 1 | K33: 14 | L33: 12 | M33: 459.42857 | N33: 0.85714286
A34: 46268 | B34: 09 | C34: 11 | D34: 3 | E34: 11 | F34: 3 | G34: 410.27273 | H34: 452.66667 | I34: 1 | J34: 1 | K34: 14 | L34: 14 | M34: 419.35714 | N34: 1
A35: 46268 | B35: 10 | C35: 23 | D35: 1 | E35: 22 | F35: 1 | G35: 465.86957 | H35: 101 | I35: 0.95652174 | J35: 1 | K35: 24 | L35: 23 | M35: 450.66667 | N35: 0.95833333
A36: 46268 | B36: 11 | C36: 17 | D36: 1 | E36: 16 | F36: 1 | G36: 359.05882 | H36: 1191 | I36: 0.94117647 | J36: 1 | K36: 18 | L36: 17 | M36: 405.27778 | N36: 0.94444444
A37: 46268 | B37: 12 | C37: 12 | D37: 1 | E37: 12 | F37: 1 | G37: 453.5 | H37: 5 | I37: 1 | J37: 1 | K37: 13 | L37: 13 | M37: 419 | N37: 1
A38: 46268 | B38: 13 | C38: 19 | D38: 1 | E38: 19 | F38: 1 | G38: 461.73684 | H38: 729 | I38: 1 | J38: 1 | K38: 20 | L38: 20 | M38: 475.1 | N38: 1
A39: 46268 | B39: 14 | C39: 14 | D39: 1 | E39: 14 | F39: 1 | G39: 651.71429 | H39: 288 | I39: 1 | J39: 1 | K39: 15 | L39: 15 | M39: 627.46667 | N39: 1
A40: Total 03/09/2026 | C40: 110 | D40: 10 | E40: 106 | F40: 10 | G40: 467.42727 | H40: 426.3 | I40: 0.96363636 | J40: 1 | K40: 120 | L40: 116 | M40: 464 | N40: 0.96666667
A41: Total général | C41: 110 | D41: 10 | E41: 106 | F41: 10 | G41: 467.42727 | H41: 426.3 | I41: 0.96363636 | J41: 1 | K41: 120 | L41: 116 | M41: 464 | N41: 0.96666667
A63: Handled only
A64: [Call Direction] | B64: I
A65: [Agent] | B65: (Plusieurs éléments)
A66: [Queue] | B66: (Tous)
C68: Valeurs | D68: Queue
C69: Calls Answered | E69: AHT | G69: SLA% | I69: Total Calls Answered | J69: Total AHT | K69: Total SLA%
A70: Date | B70: Heures ([Call Date/Time]) | C70: RSA BE | D70: Alliannz Contract BE | E70: RSA BE | F70: Alliannz Contract BE | G70: RSA BE | H70: Alliannz Contract BE
A71: 46268 | B71: 07 | C71: 2 | E71: 452.5 | G71: 1 | I71: 2 | J71: 452.5 | K71: 1
A72: 46268 | B72: 08 | C72: 11 | D72: 2 | E72: 531 | F72: 295.5 | G72: 0.90909091 | H72: 1 | I72: 13 | J72: 494.76923 | K72: 0.92307692
A73: 46268 | B73: 09 | C73: 11 | D73: 3 | E73: 410.27273 | F73: 452.66667 | G73: 1 | H73: 1 | I73: 14 | J73: 419.35714 | K73: 1
A74: 46268 | B74: 10 | C74: 23 | D74: 1 | E74: 465.86957 | F74: 101 | G74: 0.95652174 | H74: 1 | I74: 24 | J74: 450.66667 | K74: 0.95833333
A75: 46268 | B75: 11 | C75: 17 | D75: 1 | E75: 359.05882 | F75: 1191 | G75: 0.94117647 | H75: 1 | I75: 18 | J75: 405.27778 | K75: 0.94444444
A76: 46268 | B76: 12 | C76: 12 | D76: 1 | E76: 453.5 | F76: 5 | G76: 1 | H76: 1 | I76: 13 | J76: 419 | K76: 1
A77: 46268 | B77: 13 | C77: 19 | D77: 1 | E77: 461.73684 | F77: 729 | G77: 1 | H77: 1 | I77: 20 | J77: 475.1 | K77: 1
A78: 46268 | B78: 14 | C78: 14 | D78: 1 | E78: 651.71429 | F78: 288 | G78: 1 | H78: 1 | I78: 15 | J78: 627.46667 | K78: 1
A79: Total 03/09/2026 | C79: 109 | D79: 10 | E79: 471.7156 | F79: 426.3 | G79: 0.97247706 | H79: 1 | I79: 119 | J79: 467.89916 | K79: 0.97478992
A80: Total général | C80: 109 | D80: 10 | E80: 471.7156 | F80: 426.3 | G80: 0.97247706 | H80: 1 | I80: 119 | J80: 467.89916 | K80: 0.97478992

Sheet Ford NL
N4: Étiquettes de colonnes
N5: (vide) | O5: général
M6: SLA% | N6: #DIV/0! | O6: #DIV/0!
M10: [Agent] | N10: (Tous)
M12: Call Received | N12: Étiquettes de colonnes
M13: Étiquettes de lignes | N13: (vide) | O13: général
M14: (vide)
M15: général
A24: Handled + Abandonned
A25: [Call Direction] | B25: I
A26: [Agent] | B26: (Plusieurs éléments)
A27: [Queue] | B27: (Tous)
B29: Valeurs | C29: Queue
B30: Calls Answered | C30: Call in SL | D30: AHT | E30: SLA% | F30: Total Calls Answered | G30: Total Call in SL | H30: Total AHT | I30: Total SLA%
A31: Date | B31: RSA BE | C31: RSA BE | D31: RSA BE | E31: RSA BE
A32: 46268 | B32: 13 | C32: 11 | D32: 467.07692 | E32: 0.84615385 | F32: 13 | G32: 11 | H32: 467.07692 | I32: 0.84615385
A33: Total général | B33: 13 | C33: 11 | D33: 467.07692 | E33: 0.84615385 | F33: 13 | G33: 11 | H33: 467.07692 | I33: 0.84615385
A63: Handled only
A64: [Call Direction] | B64: I
A65: [Agent] | B65: (Plusieurs éléments)
A66: [Queue] | B66: (Tous)
B68: Valeurs | C68: Queue
B69: Calls Answered | C69: AHT | D69: SLA% | E69: Total Calls Answered | F69: Total AHT | G69: Total SLA%
A70: Date | B70: RSA BE | C70: RSA BE | D70: RSA BE
A71: 46268 | B71: 3 | C71: 424 | D71: 1 | E71: 3 | F71: 424 | G71: 1
A72: Total général | B72: 3 | C72: 424 | D72: 1 | E72: 3 | F72: 424 | G72: 1

Sheet Ford FR & Toyota
N4: Étiquettes de colonnes
N5: (vide) | O5: général
M6: SLA% | N6: #DIV/0! | O6: #DIV/0!
M10: [Agent] | N10: (Tous)
M12: Call Received | N12: Étiquettes de colonnes
M13: Étiquettes de lignes | N13: (vide) | O13: général
M14: (vide)
M15: général
A24: Handled + Abandonned
A25: [Call Direction] | B25: I
A26: [Agent] | B26: (Plusieurs éléments)
A27: [Queue] | B27: (Tous)
B29: Valeurs | C29: Queue
B30: Calls Answered | C30: Call in SL | D30: AHT | E30: SLA% | F30: Total Calls Answered | G30: Total Call in SL | H30: Total AHT | I30: Total SLA%
A31: Date | B31: RSA BE | C31: RSA BE | D31: RSA BE | E31: RSA BE
A32: 46268 | B32: 13 | C32: 11 | D32: 467.07692 | E32: 0.84615385 | F32: 13 | G32: 11 | H32: 467.07692 | I32: 0.84615385
A33: Total général | B33: 13 | C33: 11 | D33: 467.07692 | E33: 0.84615385 | F33: 13 | G33: 11 | H33: 467.07692 | I33: 0.84615385
A63: Handled only
A64: [Call Direction] | B64: I
A65: [Agent] | B65: (Plusieurs éléments)
A66: [Queue] | B66: (Tous)
B68: Valeurs | C68: Queue
B69: Calls Answered | C69: AHT | D69: SLA% | E69: Total Calls Answered | F69: Total AHT | G69: Total SLA%
A70: Date | B70: RSA BE | C70: RSA BE | D70: RSA BE
A71: 46268 | B71: 3 | C71: 424 | D71: 1 | E71: 3 | F71: 424 | G71: 1
A72: Total général | B72: 3 | C72: 424 | D72: 1 | E72: 3 | F72: 424 | G72: 1

Sheet Raw data
A1: Source.Name | B1: [Communication Type] | C1: [Call Direction] | D1: [Call Date/Time] | E1: [Originating Address] | F1: [BusinessPartnerID] | G1: [LineOfBusiness] | H1: [Destination Address] | I1: [Service] | J1: [Call Reference Number] | K1: [Call ID] | L1: [CallProgress] | M1: [Total Queue Wait Time] | N1: [Queue ID] | O1: [Queue] | P1: [Call Treatment ID] | Q1: [Call Treatment] | R1: [Agent Group ID] | S1: [Agent Group] | T1: [Called User Group] | U1: [Agent ID] | V1: [Agent] | W1: [Clearing Party] | X1: [Talk Time] | Y1: [Hold Time] | Z1: [Total Wrap Time] | AA1: [Call Completion Code] | AB1: [Transferred?] | AC1: [Call End Date/Time] | AD1: [Date/Time Conferenced] | AE1: [Call Duration Until Conferenced] | AF1: [Shared Call Reference] | AG1: [Ringing Duration] | AH1: [Internal] | AI1: [Direct] | AJ1: [MenuProgress] | AK1: [CallRecordingMode] | AL1: [CallRecordingConsent] | AM1: [LanguageIVR] | AN1: [Language] | AO1: [VoicebotID] | AP1: [VoicebotDestination] | AQ1: [VoicebotPercentageSplit] | AR1: [VoicebotName] | AS1: [RoutingIntent] | AT1: [AgentIntent] | AU1: [LicencePlate] | AV1: [ANI] | AW1: [PostCallSurveyMode] | AX1: [PCSStatus] | AY1: [Question 1] | AZ1: [Question 2] | BA1: [Question 3] | BB1: [Question 4] | BC1: [Question 5] | BD1: [Question 6] | BE1: [Question 7] | BF1: [Question 8] | BG1: [Question 9] | BH1: [Question 10] | BI1: [SessionIdentifier] | BJ1: [CallbackID] | BK1: [CallbackDateTime] | BL1: [CallbackStatus] | BM1: [CallbackOffered] | BN1: Designation | BO1: Date | BP1: Call Received | BQ1: Call in SL | BR1: Queue
A2: AP-Historical-Report---Call-by-Call 2026-09-03 0000 - 2026-09-03 1500.csv | B2: F | C2: I | D2: 46268.001 | E2: +31681613683 | F2: Ominimo | G2: RSA_SubLOB | H2: +31205929015 | I2: APBN_AMS_MOBILITY_INSURAN_Front | J2: 2.7421294e+18 | K2: 37.4332910 | L2: Route_Success | M2: 0.00019675926 | N2: 19760 | O2: APBN_AMS_MOBILITY_INSURAN_Front_NL | P2: 21199 | Q2: APBN_AMS_MOBILITY_INSURAN_Front_NL | R2: 99819 | S2: APBN_AMS_MOBILITY_INSURAN_Front_NL_10 | T2: APBN_AMS_MOBILITY_AGENT-BO_1 | U2: 96166 | V2: Amber Jiawan | W2: L | X2: 0.0024537037 | Y2: 0 | Z2: 0.0003587963 | AB2: 0 | AC2: 46268.004 | AE2: 0 | AF2: 20260903000225620758272 | AG2: 3.4722222e-05 | AH2: 0 | AI2: 0 | AK2: 2 | AL2: 0 | AM2: 0 | AN2: NL | AW2: 0 | AX2: 0 | BN2: Alliannz Contract | BO2: 46268 | BP2: =1 -> 1 | BQ2: =IF(M2+AG2>=parametres!$B$2,0,1) -> 0 | BR2: =VLOOKUP(O2,parametres!G:H,2,0) -> Alliannz Contract
A3: AP-Historical-Report---Call-by-Call 2026-09-03 0000 - 2026-09-03 1500.csv | B3: F | C3: O | D3: 46268.002 | E3: +31681613683 | H3: WebiPath_180_102301 | J3: 2.7421294e+18 | K3: 37.4332911 | M3: 0 | N3: 19760 | O3: APBN_AMS_MOBILITY_INSURAN_Front_NL | P3: 21199 | Q3: APBN_AMS_MOBILITY_INSURAN_Front_NL | R3: 99819 | S3: APBN_AMS_MOBILITY_INSURAN_Front_NL_10 | T3: APBN_AMS_MOBILITY_AGENT-BO_1 | U3: 96166 | V3: Amber Jiawan | W3: R | X3: 0.0024537037 | Y3: 0 | Z3: 0 | AB3: 0 | AC3: 46268.004 | AE3: 0 | AF3: 20260903000225620758272 | AG3: 0.00013888889 | BN3: Alliannz Contract | BO3: 46268 | BP3: =1 -> 1 | BQ3: =IF(M3+AG3>=parametres!$B$2,0,1) -> 1 | BR3: =VLOOKUP(O3,parametres!G:H,2,0) -> Alliannz Contract
A4: AP-Historical-Report---Call-by-Call 2026-09-03 0000 - 2026-09-03 1500.csv | B4: F | C4: I | D4: 46268.023 | E4: +31623803628 | F4: AGA | G4: RSA_SubLOB | H4: +31205929292 | I4: APBN_AMS_MOBILITY_INSURAN_FollowUp | J4: 2.7421294e+18 | K4: 41.4238308 | L4: Route_Success | M4: 0.00020833333 | N4: 19761 | O4: APBN_AMS_MOBILITY_INSURAN_FollowUp_NL | P4: 21200 | Q4: APBN_AMS_MOBILITY_INSURAN_FollowUp_NL | R4: 99830 | S4: APBN_AMS_MOBILITY_INSURAN_FollowUp_NL_10 | T4: APBN_AMS_MOBILITY_AGENT-BO_1 | U4: 96166 | V4: Amber Jiawan | W4: L | X4: 0.002349537 | Y4: 0 | Z4: 2.3148148e-05 | AB4: 0 | AC4: 46268.027 | AE4: 0 | AF4: 20260903003504687867648 | AG4: 3.4722222e-05 | AH4: 0 | AI4: 0 | AK4: 2 | AL4: 0 | AM4: 0 | AN4: NL | AO4: vb3151 | AP4: 77020001 | AQ4: 10 | AR4: Maud | AS4: 3190084 | AT4: Pech (niet gespecificeerd) in Nederland | AU4: N052DK | AV4: +31623803628 | AW4: 0 | AX4: 0 | BN4: Alliannz Contract | BO4: 46268 | BP4: =1 -> 1 | BQ4: =IF(M4+AG4>=parametres!$B$2,0,1) -> 0 | BR4: =VLOOKUP(O4,parametres!G:H,2,0) -> Alliannz Contract
A5: AP-Historical-Report---Call-by-Call 2026-09-03 0000 - 2026-09-03 1500.csv | B5: F | C5: O | D5: 46268.024 | E5: +31623803628 | H5: WebiPath_180_102301 | J5: 2.7421294e+18 | K5: 41.4238317 | M5: 0 | N5: 19761 | O5: APBN_AMS_MOBILITY_INSURAN_FollowUp_NL | P5: 21200 | Q5: APBN_AMS_MOBILITY_INSURAN_FollowUp_NL | R5: 99830 | S5: APBN_AMS_MOBILITY_INSURAN_FollowUp_NL_10 | T5: APBN_AMS_MOBILITY_AGENT-BO_1 | U5: 96166 | V5: Amber Jiawan | W5: R | X5: 0.002349537 | Y5: 0 | Z5: 0 | AB5: 0 | AC5: 46268.027 | AE5: 0 | AF5: 20260903003504687867648 | AG5: 0.00015046296 | BN5: Alliannz Contract | BO5: 46268 | BP5: =1 -> 1 | BQ5: =IF(M5+AG5>=parametres!$B$2,0,1) -> 1 | BR5: =VLOOKUP(O5,parametres!G:H,2,0) -> Alliannz Contract
A6: AP-Historical-Report---Call-by-Call 2026-09-03 0000 - 2026-09-03 1500.csv | B6: F | C6: I | D6: 46268.033 | E6: +31653185361 | F6: AVECO | G6: RSA_SubLOB | H6: +31205929197 | I6: APBN_AMS_MOBILITY_VIP_Front | J6: 2.7421293e+18 | K6: 9.62177022 | L6: Route_Success | M6: 0.00020833333 | N6: 19765 | O6: APBN_AMS_MOBILITY_VIP_Front_NL | P6: 21204 | Q6: APBN_AMS_MOBILITY_VIP_Front_NL | R6: 99874 | S6: APBN_AMS_MOBILITY_VIP_Front_NL_10 | T6: APBN_AMS_MOBILITY_AGENT-BO_1 | U6: 96166 | V6: Amber Jiawan | W6: R | X6: 0.0103125 | Y6: 0 | Z6: 1.1574074e-05 | AB6: 0 | AC6: 46268.045 | AE6: 0 | AF6: 20260903004910150996861 | AG6: 4.6296296e-05 | AH6: 0 | AI6: 0 | AK6: 2 | AL6: 0 | AM6: 0 | AN6: NL | AO6: vb3151 | AP6: 77020001 | AQ6: 10 | AR6: Maud | AS6: 3190148 | AT6: Transport voertuig in Portugal | AV6: +31653185361 | AW6: 2 | AX6: 1 | BN6: RSA | BO6: 46268 | BP6: =1 -> 1 | BQ6: =IF(M6+AG6>=parametres!$B$2,0,1) -> 0 | BR6: =VLOOKUP(O6,parametres!G:H,2,0) -> RSA
A7: AP-Historical-Report---Call-by-Call 2026-09-03 0000 - 2026-09-03 1500.csv | B7: F | C7: O | D7: 46268.034 | E7: +31653185361 | H7: WebiPath_180_102301 | J7: 2.7421293e+18 | K7: 9.62177026 | M7: 0 | N7: 19765 | O7: APBN_AMS_MOBILITY_VIP_Front_NL | P7: 21204 | Q7: APBN_AMS_MOBILITY_VIP_Front_NL | R7: 99874 | S7: APBN_AMS_MOBILITY_VIP_Front_NL_10 | T7: APBN_AMS_MOBILITY_AGENT-BO_1 | U7: 96166 | V7: Amber Jiawan | W7: R | X7: 0.0103125 | Y7: 0 | Z7: 0 | AB7: 0 | AC7: 46268.045 | AE7: 0 | AF7: 20260903004910150996861 | AG7: 0.00012731481 | BN7: RSA | BO7: 46268 | BP7: =1 -> 1 | BQ7: =IF(M7+AG7>=parametres!$B$2,0,1) -> 1 | BR7: =VLOOKUP(O7,parametres!G:H,2,0) -> RSA
A8: AP-Historical-Report---Call-by-Call 2026-09-03 0000 - 2026-09-03 1500.csv | B8: F | C8: I | D8: 46268.108 | E8: +31615004720 | F8: Ominimo | G8: RSA_SubLOB | H8: +31205929015 | I8: APBN_AMS_MOBILITY_INSURAN_Front | J8: 2.7421293e+18 | K8: 17.83325438 | L8: Route_Success | M8: 0.0024652778 | N8: 19760 | O8: APBN_AMS_MOBILITY_INSURAN_Front_NL | P8: 21199 | Q8: APBN_AMS_MOBILITY_INSURAN_Front_NL | R8: 99819 | S8: APBN_AMS_MOBILITY_INSURAN_Front_NL_10 | T8: APBN_AMS_MOBILITY_AGENT-BO_1 | U8: 96166 | V8: Amber Jiawan | W8: L | X8: 0.011886574 | Y8: 0 | Z8: 1.1574074e-05 | AB8: 0 | AC8: 46268.123 | AE8: 0 | AF8: 20260903023622285213989 | AG8: 1.1574074e-05 | AH8: 0 | AI8: 0 | AK8: 2 | AL8: 0 | AM8: 0 | AN8: NL | AW8: 0 | AX8: 0 | BN8: Alliannz Contract | BO8: 46268 | BP8: =1 -> 1 | BQ8: =IF(M8+AG8>=parametres!$B$2,0,1) -> 0 | BR8: =VLOOKUP(O8,parametres!G:H,2,0) -> Alliannz Contract
A9: AP-Historical-Report---Call-by-Call 2026-09-03 0000 - 2026-09-03 1500.csv | B9: F | C9: O | D9: 46268.109 | E9: +31615004720 | H9: WebiPath_180_102301 | J9: 2.7421293e+18 | K9: 17.83325439 | M9: 0 | N9: 19760 | O9: APBN_AMS_MOBILITY_INSURAN_Front_NL | P9: 21199 | Q9: APBN_AMS_MOBILITY_INSURAN_Front_NL | R9: 99819 | S9: APBN_AMS_MOBILITY_INSURAN_Front_NL_10 | T9: APBN_AMS_MOBILITY_AGENT-BO_1 | U9: 96166 | V9: Amber Jiawan | W9: L | X9: 0 | Y9: 0 | Z9: 0 | AB9: 0 | AC9: 46268.109 | AE9: 0 | AF9: 20260903023622285213989 | AG9: 0.00023148148 | BN9: Alliannz Contract | BO9: 46268 | BP9: =1 -> 1 | BQ9: =IF(M9+AG9>=parametres!$B$2,0,1) -> 0 | BR9: =VLOOKUP(O9,parametres!G:H,2,0) -> Alliannz Contract
A10: AP-Historical-Report---Call-by-Call 2026-09-03 0000 - 2026-09-03 1500.csv | B10: F | C10: O | D10: 46268.111 | E10: +31615004720 | H10: WebiPath_180_102301 | J10: 2.7421293e+18 | K10: 17.83325444 | M10: 0 | N10: 19760 | O10: APBN_AMS_MOBILITY_INSURAN_Front_NL | P10: 21199 | Q10: APBN_AMS_MOBILITY_INSURAN_Front_NL | R10: 99819 | S10: APBN_AMS_MOBILITY_INSURAN_Front_NL_10 | T10: APBN_AMS_MOBILITY_AGENT-BO_1 | U10: 96166 | V10: Amber Jiawan | W10: R | X10: 0.011886574 | Y10: 0 | Z10: 0 | AB10: 0 | AC10: 46268.123 | AE10: 0 | AF10: 20260903023622285213989 | AG10: 5.787037e-05 | BI10: 06df0c16-b8bc-4887-9f95-ae6440da5c16.01 | BN10: Alliannz Contract | BO10: 46268 | BP10: =1 -> 1 | BQ10: =IF(M10+AG10>=parametres!$B$2,0,1) -> 1 | BR10: =VLOOKUP(O10,parametres!G:H,2,0) -> Alliannz Contract
A11: AP-Historical-Report---Call-by-Call 2026-09-03 0000 - 2026-09-03 1500.csv | B11: F | C11: I | D11: 46268.126 | E11: +31615004720 | F11: Ominimo | G11: RSA_SubLOB | H11: +31205929015 | I11: APBN_AMS_MOBILITY_INSURAN_Front | J11: 2.7421293e+18 | K11: 21.20414624 | L11: Route_Queue | M11: 0.01224537 | N11: 19760 | O11: APBN_AMS_MOBILITY_INSURAN_Front_NL | P11: 21199 | Q11: APBN_AMS_MOBILITY_INSURAN_Front_NL | W11: R | X11: 0 | Y11: 0 | Z11: 0 | AB11: 0 | AC11: 46268.138 | AE11: 0 | AF11: 20260903030130352322945 | AG11: 2.3148148e-05 | AH11: 0 | AI11: 0 | AK11: 2 | AL11: 0 | AM11: 0 | AN11: NL | AW11: 0 | AX11: 0 | BN11: Alliannz Contract | BO11: 46268 | BP11: =1 -> 1 | BQ11: =IF(M11+AG11>=parametres!$B$2,0,1) -> 0 | BR11: =VLOOKUP(O11,parametres!G:H,2,0) -> Alliannz Contract
A12: AP-Historical-Report---Call-by-Call 2026-09-03 0000 - 2026-09-03 1500.csv | B12: F | C12: I | D12: 46268.208 | E12: +31653503207 | F12: KIA | G12: RSA_SubLOB | H12: +31208512235 | I12: APBN_AMS_MOBILITY_INSURAN_FollowUp | J12: 2.7421294e+18 | K12: 42.4232779 | L12: Route_Queue | M12: 0.00034722222 | N12: 19761 | O12: APBN_AMS_MOBILITY_INSURAN_FollowUp_NL | P12: 21200 | Q12: APBN_AMS_MOBILITY_INSURAN_FollowUp_NL | R12: 99830 | S12: APBN_AMS_MOBILITY_INSURAN_FollowUp_NL_10 | T12: APBN_AMS_MOBILITY_AGENT-BO_1 | U12: 96166 | V12: Amber Jiawan | W12: R | X12: 0.002349537 | Y12: 0 | Z12: 2.3148148e-05 | AB12: 0 | AC12: 46268.212 | AE12: 0 | AF12: 20260903050043704644304 | AG12: 4.6296296e-05 | AH12: 0 | AI12: 0 | AK12: 2 | AL12: 0 | AM12: 0 | AN12: NL | AO12: vb3151 | AP12: 77020001 | AQ12: 10 | AR12: Maud | AS12: 3190032 | AT12: Geen Intent | AV12: +31653503207 | AW12: 2 | AX12: 1 | BN12: Alliannz Contract | BO12: 46268 | BP12: =1 -> 1 | BQ12: =IF(M12+AG12>=parametres!$B$2,0,1) -> 0 | BR12: =VLOOKUP(O12,parametres!G:H,2,0) -> Alliannz Contract
A13: AP-Historical-Report---Call-by-Call 2026-09-03 0000 - 2026-09-03 1500.csv | B13: F | C13: O | D13: 46268.209 | E13: +31653503207 | H13: WebiPath_180_102301 | J13: 2.7421294e+18 | K13: 42.4232782 | M13: 0 | N13: 19761 | O13: APBN_AMS_MOBILITY_INSURAN_FollowUp_NL | P13: 21200 | Q13: APBN_AMS_MOBILITY_INSURAN_FollowUp_NL | R13: 99830 | S13: APBN_AMS_MOBILITY_INSURAN_FollowUp_NL_10 | T13: APBN_AMS_MOBILITY_AGENT-BO_1 | U13: 96166 | V13: Amber Jiawan | W13: L | X13: 0.002349537 | Y13: 0 | Z13: 0 | AB13: 0 | AC13: 46268.212 | AE13: 0 | AF13: 20260903050043704644304 | AG13: 0.00027777778 | BI13: c8e8f603-96f2-4240-b736-6d84ab48597a.01 | BN13: Alliannz Contract | BO13: 46268 | BP13: =1 -> 1 | BQ13: =IF(M13+AG13>=parametres!$B$2,0,1) -> 0 | BR13: =VLOOKUP(O13,parametres!G:H,2,0) -> Alliannz Contract
A14: AP-Historical-Report---Call-by-Call 2026-09-03 0000 - 2026-09-03 1500.csv | B14: F | C14: I | D14: 46268.243 | E14: +31630070418 | F14: AP_NL_RSA_PROVIDERS | G14: RSA_SubLOB | H14: +31205929107 | I14: APBN_AMS_MOBILITY_PROVIDER_Local | J14: 2.7421294e+18 | K14: 32.8511136 | L14: Route_Queue | M14: 0.00018518519 | N14: 19770 | O14: APBN_AMS_MOBILITY_PROVIDER_Local_NL | P14: 21209 | Q14: APBN_AMS_MOBILITY_PROVIDER_Local_NL | R14: 99924 | S14: APBN_AMS_MOBILITY_PROVIDER_Local_NL_5 | T14: APBN_AMS_MOBILITY_AGENT-BO_1 | U14: 96166 | V14: Amber Jiawan | W14: R | X14: 0.0026851852 | Y14: 0 | Z14: 2.3148148e-05 | AB14: 0 | AC14: 46268.246 | AE14: 0 | AF14: 20260903055013536872738 | AG14: 9.2592593e-05 | AH14: 0 | AI14: 0 | AJ14: m319107:2:1| | AK14: 2 | AL14: 0 | AM14: 0 | AN14: NL | AW14: 0 | AX14: 0 | BN14: RSA Provider | BO14: 46268 | BP14: =1 -> 1 | BQ14: =IF(M14+AG14>=parametres!$B$2,0,1) -> 0 | BR14: =VLOOKUP(O14,parametres!G:H,2,0) -> RSA Provider
A15: AP-Historical-Report---Call-by-Call 2026-09-03 0000 - 2026-09-03 1500.csv | B15: F | C15: O | D15: 46268.243 | E15: +31630070418 | H15: WebiPath_180_102301 | J15: 2.7421294e+18 | K15: 32.8511138 | M15: 0 | N15: 19770 | O15: APBN_AMS_MOBILITY_PROVIDER_Local_NL | P15: 21209 | Q15: APBN_AMS_MOBILITY_PROVIDER_Local_NL | R15: 99924 | S15: APBN_AMS_MOBILITY_PROVIDER_Local_NL_5 | T15: APBN_AMS_MOBILITY_AGENT-BO_1 | U15: 96166 | V15: Amber Jiawan | W15: R | X15: 0.0026736111 | Y15: 0 | Z15: 0 | AB15: 0 | AC15: 46268.246 | AE15: 0 | AF15: 20260903055013536872738 | AG15: 0.00015046296 | BI15: a1b57b49-4919-4279-8515-447aa0d2b70b.01 | BN15: RSA Provider | BO15: 46268 | BP15: =1 -> 1 | BQ15: =IF(M15+AG15>=parametres!$B$2,0,1) -> 1 | BR15: =VLOOKUP(O15,parametres!G:H,2,0) -> RSA Provider
A16: AP-Historical-Report---Call-by-Call 2026-09-03 0000 - 2026-09-03 1500.csv | B16: F | C16: I | D16: 46268.266 | E16: +31641374048 | F16: PSA | G16: RSA_SubLOB | H16: +31208512219 | I16: APBN_AMS_MOBILITY_LEASE-RE_Front | J16: 2.7421293e+18 | K16: 26.7572339 | L16: Route_Queue | M16: 0.00013888889 | N16: 19767 | O16: APBN_AMS_MOBILITY_LEASE-RE_Front_NL | P16: 21206 | Q16: APBN_AMS_MOBILITY_LEASE-RE_Front_NL | R16: 99896 | S16: APBN_AMS_MOBILITY_LEASE-RE_Front_NL_10 | T16: APBN_AMS_MOBILITY_AGENT-BO_1 | U16: 96168 | V16: Esther Ambergen | W16: R | X16: 0.00069444444 | Y16: 0 | Z16: 8.1018519e-05 | AB16: 0 | AC16: 46268.268 | AE16: 0 | AF16: 20260903062457436209107 | AG16: 5.787037e-05 | AH16: 0 | AI16: 0 | AK16: 0 | AL16: 0 | AM16: 0 | AN16: NL | AO16: vb3151 | AP16: 77020001 | AQ16: 10 | AR16: Maud | AT16: Lekke band / bandenprobleem in Nederland | AU16: N514PH | AV16: +31641374048 | AW16: 0 | AX16: 0 | BN16: RSA | BO16: 46268 | BP16: =1 -> 1 | BQ16: =IF(M16+AG16>=parametres!$B$2,0,1) -> 1 | BR16: =VLOOKUP(O16,parametres!G:H,2,0) -> RSA
A17: AP-Historical-Report---Call-by-Call 2026-09-03 0000 - 2026-09-03 1500.csv | B17: F | C17: O | D17: 46268.267 | E17: +31641374048 | H17: WebiPath_180_102303 | J17: 2.7421293e+18 | K17: 26.7572345 | M17: 0 | N17: 19767 | O17: APBN_AMS_MOBILITY_LEASE-RE_Front_NL | P17: 21206 | Q17: APBN_AMS_MOBILITY_LEASE-RE_Front_NL | R17: 99896 | S17: APBN_AMS_MOBILITY_LEASE-RE_Front_NL_10 | T17: APBN_AMS_MOBILITY_AGENT-BO_1 | U17: 96168 | V17: Esther Ambergen | W17: L | X17: 0.00069444444 | Y17: 0 | Z17: 0 | AB17: 0 | AC17: 46268.268 | AE17: 0 | AF17: 20260903062457436209107 | AG17: 9.2592593e-05 | BI17: 9c499f77-e0b0-47c8-81b6-85b7ff396874.01 | BN17: RSA | BO17: 46268 | BP17: =1 -> 1 | BQ17: =IF(M17+AG17>=parametres!$B$2,0,1) -> 1 | BR17: =VLOOKUP(O17,parametres!G:H,2,0) -> RSA
A18: AP-Historical-Report---Call-by-Call 2026-09-03 0000 - 2026-09-03 1500.csv | B18: F | C18: I | D18: 46268.28 | E18: +31610766137 | F18: AP_NL_RSA | G18: RSA_SubLOB | H18: +31208512294 | I18: APBN_AMS_MOBILITY_INSURAN_Front | J18: 2.7421292e+18 | K18: 6.61830690 | L18: Route_Queue | M18: 0.00043981481 | N18: 19760 | O18: APBN_AMS_MOBILITY_INSURAN_Front_NL | P18: 21199 | Q18: APBN_AMS_MOBILITY_INSURAN_Front_NL | R18: 99819 | S18: APBN_AMS_MOBILITY_INSURAN_Front_NL_10 | T18: APBN_AMS_MOBILITY_AGENT-BO_1 | U18: 96168 | V18: Esther Ambergen | W18: R | X18: 0.0014236111 | Y18: 0 | Z18: 3.4722222e-05 | AB18: 0 | AC18: 46268.283 | AE18: 0 | AF18: 20260903064449100663850 | AG18: 4.6296296e-05 | AH18: 0 | AI18: 0 | AK18: 2 | AL18: 0 | AM18: 0 | AN18: NL | AO18: vb3151 | AP18: 77020001 | AQ18: 10 | AR18: Maud | AS18: 3190096 | AT18: Ongeval op snelweg | AV18: +31610766137 | AW18: 2 | AX18: 1 | BN18: Alliannz Contract | BO18: 46268 | BP18: =1 -> 1 | BQ18: =IF(M18+AG18>=parametres!$B$2,0,1) -> 0 | BR18: =VLOOKUP(O18,parametres!G:H,2,0) -> Alliannz Contract
A19: AP-Historical-Report---Call-by-Call 2026-09-03 0000 - 2026-09-03 1500.csv | B19: F | C19: O | D19: 46268.281 | E19: +31610766137 | H19: WebiPath_180_102301 | J19: 2.7421292e+18 | K19: 6.61830700 | M19: 0 | N19: 19760 | O19: APBN_AMS_MOBILITY_INSURAN_Front_NL | P19: 21199 | Q19: APBN_AMS_MOBILITY_INSURAN_Front_NL | R19: 99819 | S19: APBN_AMS_MOBILITY_INSURAN_Front_NL_10 | T19: APBN_AMS_MOBILITY_AGENT-BO_1 | U19: 96166 | V19: Amber Jiawan | W19: L | X19: 0 | Y19: 0 | Z19: 0 | AB19: 0 | AC19: 46268.281 | AE19: 0 | AF19: 20260903064449100663850 | AG19: 0.00023148148 | BN19: Alliannz Contract | BO19: 46268 | BP19: =1 -> 1 | BQ19: =IF(M19+AG19>=parametres!$B$2,0,1) -> 0 | BR19: =VLOOKUP(O19,parametres!G:H,2,0) -> Alliannz Contract
A20: AP-Historical-Report---Call-by-Call 2026-09-03 0000 - 2026-09-03 1500.csv | B20: F | C20: O | D20: 46268.281 | E20: +31610766137 | H20: WebiPath_180_102303 | J20: 2.7421292e+18 | K20: 6.61830704 | M20: 0 | N20: 19760 | O20: APBN_AMS_MOBILITY_INSURAN_Front_NL | P20: 21199 | Q20: APBN_AMS_MOBILITY_INSURAN_Front_NL | R20: 99819 | S20: APBN_AMS_MOBILITY_INSURAN_Front_NL_10 | T20: APBN_AMS_MOBILITY_AGENT-BO_1 | U20: 96168 | V20: Esther Ambergen | W20: R | X20: 0.0014236111 | Y20: 0 | Z20: 0 | AB20: 0 | AC20: 46268.283 | AE20: 0 | AF20: 20260903064449100663850 | AG20: 0.00013888889 | BI20: a52f2c02-eeaa-45b0-b356-82216cb4d5bb.01 | BN20: Alliannz Contract | BO20: 46268 | BP20: =1 -> 1 | BQ20: =IF(M20+AG20>=parametres!$B$2,0,1) -> 1 | BR20: =VLOOKUP(O20,parametres!G:H,2,0) -> Alliannz Contract
A21: AP-Historical-Report---Call-by-Call 2026-09-03 0000 - 2026-09-03 1500.csv | B21: F | C21: I | D21: 46268.284 | E21: +32472484146 | F21: AGA | G21: RSA_Front | H21: +3222906100 | I21: APBN_BRU_MOBILITY_INSURAN_Front | J21: 2.7421294e+18 | K21: 45.4946642 | L21: Route_Queue | M21: 0.00018518519 | N21: 19781 | O21: APBN_BRU_MOBILITY_INSURAN_Front_VL | P21: 21221 | Q21: APBN_BRU_MOBILITY_INSURAN_Front_VL | R21: 100041 | S21: APBN_BRU_MOBILITY_INSURAN_Front_VL_1 | T21: APBN_BRU_MOBILITY_NIGHTSHF_1 | U21: 96364 | V21: Nawfal Laghmich | W21: R | X21: 0.0015509259 | Y21: 0 | Z21: 0.0003587963 | AB21: 0 | AC21: 46268.286 | AE21: 0 | AF21: 20260903064932754975317 | AG21: 1.1574074e-05 | AH21: 0 | AI21: 0 | AJ21: m3229916100:1:1| | AK21: 2 | AL21: 0 | AM21: 1 | AN21: VL | AW21: 2 | AX21: 1 | BN21: RSA BE | BO21: 46268 | BP21: =1 -> 1 | BQ21: =IF(M21+AG21>=parametres!$B$2,0,1) -> 1 | BR21: =VLOOKUP(O21,parametres!G:H,2,0) -> RSA BE
A22: AP-Historical-Report---Call-by-Call 2026-09-03 0000 - 2026-09-03 1500.csv | B22: F | C22: O | D22: 46268.284 | E22: +32472484146 | H22: WebiPath_180_102499 | J22: 2.7421294e+18 | K22: 45.4946644 | M22: 0 | N22: 19781 | O22: APBN_BRU_MOBILITY_INSURAN_Front_VL | P22: 21221 | Q22: APBN_BRU_MOBILITY_INSURAN_Front_VL | R22: 100041 | S22: APBN_BRU_MOBILITY_INSURAN_Front_VL_1 | T22: APBN_BRU_MOBILITY_NIGHTSHF_1 | U22: 96364 | V22: Nawfal Laghmich | W22: R | X22: 0.0015509259 | Y22: 0 | Z22: 0 | AB22: 0 | AC22: 46268.286 | AE22: 0 | AF22: 20260903064932754975317 | AG22: 0.00016203704 | BI22: fe9a7398-ed34-4946-aa7f-5d18f9af1844.01 | BN22: RSA BE | BO22: 46268 | BP22: =1 -> 1 | BQ22: =IF(M22+AG22>=parametres!$B$2,0,1) -> 1 | BR22: =VLOOKUP(O22,parametres!G:H,2,0) -> RSA BE
A23: AP-Historical-Report---Call-by-Call 2026-09-03 0000 - 2026-09-03 1500.csv | B23: F | C23: I | D23: 46268.285 | E23: +31641412292 | F23: AP_NL_MULTI_LOB | G23: RSA_SubLOB | H23: +31205929890 | I23: APBN_AMS_MOBILITY_INSURAN_Front | J23: 2.7421293e+18 | K23: 19.52618279 | L23: Route_Success | M23: 0.00020833333 | N23: 19760 | O23: APBN_AMS_MOBILITY_INSURAN_Front_NL | P23: 21199 | Q23: APBN_AMS_MOBILITY_INSURAN_Front_NL | R23: 99819 | S23: APBN_AMS_MOBILITY_INSURAN_Front_NL_10 | T23: APBN_AMS_MOBILITY_AGENT-BO_1 | U23: 96166 | V23: Amber Jiawan | W23: L | X23: 0.002349537 | Y23: 0.0015277778 | Z23: 0.011979167 | AB23: 0 | AC23: 46268.291 | AE23: 0 | AF23: 20260903065241318769039 | AG23: 8.1018519e-05 | AH23: 0 | AI23: 0 | AK23: 2 | AL23: 0 | AM23: 0 | AN23: NL | AO23: vb3151 | AP23: 77020001 | AQ23: 10 | AR23: Maud | AS23: 3190086 | AV23: +31641412292 | AW23: 0 | AX23: 0 | BN23: Alliannz Contract | BO23: 46268 | BP23: =1 -> 1 | BQ23: =IF(M23+AG23>=parametres!$B$2,0,1) -> 0 | BR23: =VLOOKUP(O23,parametres!G:H,2,0) -> Alliannz Contract
A24: AP-Historical-Report---Call-by-Call 2026-09-03 0000 - 2026-09-03 1500.csv | B24: F | C24: I | D24: 46268.286 | E24: +31617279971 | F24: KIA | G24: RSA_SubLOB | H24: +31208512235 | I24: APBN_AMS_MOBILITY_OEM-CONS_Front | J24: 2.7421293e+18 | K24: 23.11599131 | L24: Route_Queue | M24: 0.00016203704 | N24: 19755 | O24: APBN_AMS_MOBILITY_OEM-CONS_Front_NL | P24: 21194 | Q24: APBN_AMS_MOBILITY_OEM-CONS_Front_NL | R24: 99764 | S24: APBN_AMS_MOBILITY_OEM-CONS_Front_NL_10 | T24: APBN_AMS_MOBILITY_AGENT-BO_1 | U24: 96168 | V24: Esther Ambergen | W24: R | X24: 0.0017013889 | Y24: 0 | Z24: 1.1574074e-05 | AB24: 0 | AC24: 46268.289 | AE24: 0 | AF24: 20260903065355385876002 | AG24: 5.787037e-05 | AH24: 0 | AI24: 0 | AK24: 2 | AL24: 0 | AM24: 0 | AN24: NL | AO24: vb3151 | AP24: 77020001 | AQ24: 10 | AR24: Maud | AS24: 3190031 | AT24: Lekke band / bandenprobleem in Nederland | AV24: +31617279971 | AW24: 2 | AX24: 1 | BN24: RSA | BO24: 46268 | BP24: =1 -> 1 | BQ24: =IF(M24+AG24>=parametres!$B$2,0,1) -> 1 | BR24: =VLOOKUP(O24,parametres!G:H,2,0) -> RSA
A25: AP-Historical-Report---Call-by-Call 2026-09-03 0000 - 2026-09-03 1500.csv | B25: F | C25: O | D25: 46268.287 | E25: +31641412292 | H25: WebiPath_180_102301 | J25: 2.7421293e+18 | K25: 19.52618284 | M25: 0 | N25: 19760 | O25: APBN_AMS_MOBILITY_INSURAN_Front_NL | P25: 21199 | Q25: APBN_AMS_MOBILITY_INSURAN_Front_NL | R25: 99819 | S25: APBN_AMS_MOBILITY_INSURAN_Front_NL_10 | T25: APBN_AMS_MOBILITY_AGENT-BO_1 | U25: 96166 | V25: Amber Jiawan | W25: R | X25: 0.002349537 | Y25: 0.0015277778 | Z25: 0 | AB25: 0 | AC25: 46268.291 | AE25: 0 | AF25: 20260903065241318769039 | AG25: 0.00013888889 | BI25: 512baa38-e47d-4b42-a3cb-09577d96a6b7.01 | BN25: Alliannz Contract | BO25: 46268 | BP25: =1 -> 1 | BQ25: =IF(M25+AG25>=parametres!$B$2,0,1) -> 1 | BR25: =VLOOKUP(O25,parametres!G:H,2,0) -> Alliannz Contract
A26: AP-Historical-Report---Call-by-Call 2026-09-03 0000 - 2026-09-03 1500.csv | B26: F | C26: O | D26: 46268.287 | E26: +31617279971 | H26: WebiPath_180_102303 | J26: 2.7421293e+18 | K26: 23.11599146 | M26: 0 | N26: 19755 | O26: APBN_AMS_MOBILITY_OEM-CONS_Front_NL | P26: 21194 | Q26: APBN_AMS_MOBILITY_OEM-CONS_Front_NL | R26: 99764 | S26: APBN_AMS_MOBILITY_OEM-CONS_Front_NL_10 | T26: APBN_AMS_MOBILITY_AGENT-BO_1 | U26: 96168 | V26: Esther Ambergen | W26: L | X26: 0.0017013889 | Y26: 0 | Z26: 0 | AB26: 0 | AC26: 46268.289 | AE26: 0 | AF26: 20260903065355385876002 | AG26: 0.00010416667 | BI26: be41085c-a3bb-431b-92a8-d225a87f8b5a.01 | BN26: RSA | BO26: 46268 | BP26: =1 -> 1 | BQ26: =IF(M26+AG26>=parametres!$B$2,0,1) -> 1 | BR26: =VLOOKUP(O26,parametres!G:H,2,0) -> RSA
A27: AP-Historical-Report---Call-by-Call 2026-09-03 0000 - 2026-09-03 1500.csv | B27: F | C27: I | D27: 46268.298 | E27: +31651155184 | F27: AP_NL_MULTI_LOB | G27: RSA_SubLOB | H27: +31205929890 | I27: APBN_AMS_MOBILITY_INSURAN_Front | J27: 2.7421294e+18 | K27: 36.8597628 | L27: Route_Queue | M27: 8.1018519e-05 | N27: 19760 | O27: APBN_AMS_MOBILITY_INSURAN_Front_NL | P27: 21199 | Q27: APBN_AMS_MOBILITY_INSURAN_Front_NL | R27: 99810 | S27: APBN_AMS_MOBILITY_INSURAN_Front_NL_1 | T27: APBN_CMN_RSA_FRONT-NL_1 | U27: 96526 | V27: Said Hajhouj | W27: R | X27: 0.0026967593 | Y27: 0 | Z27: 0.0016203704 | AB27: 0 | AC27: 46268.302 | AE27: 0 | AF27: 20260903071058603981466 | AG27: 2.3148148e-05 | AH27: 0 | AI27: 0 | AK27: 2 | AL27: 0 | AM27: 0 | AN27: NL | AO27: vb3151 | AP27: 77020001 | AQ27: 10 | AR27: Maud | AS27: 3190086 | AT27: Accu / Startprobleem in Nederland | AU27: NF024J | AV27: +31651155184 | AW27: 0 | AX27: 0 | BN27: Alliannz Contract | BO27: 46268 | BP27: =1 -> 1 | BQ27: =IF(M27+AG27>=parametres!$B$2,0,1) -> 1 | BR27: =VLOOKUP(O27,parametres!G:H,2,0) -> Alliannz Contract
A28: AP-Historical-Report---Call-by-Call 2026-09-03 0000 - 2026-09-03 1500.csv | B28: F | C28: O | D28: 46268.299 | E28: +31651155184 | H28: WebiPath_180_102661 | J28: 2.7421294e+18 | K28: 36.8597635 | M28: 0 | N28: 19760 | O28: APBN_AMS_MOBILITY_INSURAN_Front_NL | P28: 21199 | Q28: APBN_AMS_MOBILITY_INSURAN_Front_NL | R28: 99810 | S28: APBN_AMS_MOBILITY_INSURAN_Front_NL_1 | T28: APBN_CMN_RSA_FRONT-NL_1 | U28: 96526 | V28: Said Hajhouj | W28: L | X28: 0.0026967593 | Y28: 0 | Z28: 0 | AB28: 0 | AC28: 46268.302 | AE28: 0 | AF28: 20260903071058603981466 | AG28: 1.1574074e-05 | BN28: Alliannz Contract | BO28: 46268 | BP28: =1 -> 1 | BQ28: =IF(M28+AG28>=parametres!$B$2,0,1) -> 1 | BR28: =VLOOKUP(O28,parametres!G:H,2,0) -> Alliannz Contract
A29: AP-Historical-Report---Call-by-Call 2026-09-03 0000 - 2026-09-03 1500.csv | B29: F | C29: I | D29: 46268.303 | E29: +31641412292 | F29: AGA | G29: RSA_SubLOB | H29: +31205929890 | I29: APBN_AMS_MOBILITY_INSURAN_FollowUp | J29: 2.7421294e+18 | K29: 34.8413149 | L29: Route_Queue | M29: 9.2592593e-05 | N29: 19761 | O29: APBN_AMS_MOBILITY_INSURAN_FollowUp_NL | P29: 21200 | Q29: APBN_AMS_MOBILITY_INSURAN_FollowUp_NL | R29: 99821 | S29: APBN_AMS_MOBILITY_INSURAN_FollowUp_NL_1 | T29: APBN_CMN_RSA_FRONT-NL_1 | U29: 224299 | V29: Jacqueline Sint | W29: R | X29: 0.0021759259 | Y29: 0 | Z29: 0.0003587963 | AB29: 0 | AC29: 46268.307 | AE29: 0 | AF29: 20260903071832570427247 | AG29: 2.3148148e-05 | AH29: 0 | AI29: 0 | AK29: 2 | AL29: 0 | AM29: 0 | AN29: NL | AO29: vb3151 | AP29: 77020001 | AQ29: 10 | AR29: Maud | AS29: 3190084 | AU29: 38PTDT | AV29: +31641412292 | AW29: 0 | AX29: 0 | BN29: Alliannz Contract | BO29: 46268 | BP29: =1 -> 1 | BQ29: =IF(M29+AG29>=parametres!$B$2,0,1) -> 1 | BR29: =VLOOKUP(O29,parametres!G:H,2,0) -> Alliannz Contract
A30: AP-Historical-Report---Call-by-Call 2026-09-03 0000 - 2026-09-03 1500.csv | B30: F | C30: O | D30: 46268.305 | E30: +31641412292 | H30: WebiPath_180_177942 | J30: 2.7421294e+18 | K30: 34.8413155 | M30: 0 | N30: 19761 | O30: APBN_AMS_MOBILITY_INSURAN_FollowUp_NL | P30: 21200 | Q30: APBN_AMS_MOBILITY_INSURAN_FollowUp_NL | R30: 99821 | S30: APBN_AMS_MOBILITY_INSURAN_FollowUp_NL_1 | T30: APBN_CMN_RSA_FRONT-NL_1 | U30: 224299 | V30: Jacqueline Sint | W30: R | X30: 0.0021643519 | Y30: 0 | Z30: 0 | AB30: 0 | AC30: 46268.307 | AE30: 0 | AF30: 20260903071832570427247 | AG30: 1.1574074e-05 | BN30: Alliannz Contract | BO30: 46268 | BP30: =1 -> 1 | BQ30: =IF(M30+AG30>=parametres!$B$2,0,1) -> 1 | BR30: =VLOOKUP(O30,parametres!G:H,2,0) -> Alliannz Contract
A31: AP-Historical-Report---Call-by-Call 2026-09-03 0000 - 2026-09-03 1500.csv | B31: F | C31: I | D31: 46268.307 | E31: +31611247401 | F31: Toyota | G31: RSA_SubLOB | H31: +31205929836 | I31: APBN_AMS_MOBILITY_INSURAN_FollowUp | J31: 2.7421294e+18 | K31: 39.4309849 | L31: Route_Success | M31: 6.9444444e-05 | N31: 19761 | O31: APBN_AMS_MOBILITY_INSURAN_FollowUp_NL | P31: 21200 | Q31: APBN_AMS_MOBILITY_INSURAN_FollowUp_NL | R31: 99821 | S31: APBN_AMS_MOBILITY_INSURAN_FollowUp_NL_1 | T31: APBN_CMN_RSA_FRONT-NL_1 | U31: 224096 | V31: Tallih Nahid | W31: R | X31: 0.00094907407 | Y31: 0 | Z31: 0.00038194444 | AB31: 0 | AC31: 46268.308 | AE31: 0 | AF31: 20260903072240654311887 | AG31: 2.3148148e-05 | AH31: 0 | AI31: 0 | AK31: 2 | AL31: 0 | AM31: 0 | AN31: NL | AO31: vb3151 | AP31: 77020001 | AQ31: 10 | AR31: Maud | AS31: 3190051 | AT31: Geen Intent | AV31: +31611247401 | AW31: 2 | AX31: 1 | BN31: Alliannz Contract | BO31: 46268 | BP31: =1 -> 1 | BQ31: =IF(M31+AG31>=parametres!$B$2,0,1) -> 1 | BR31: =VLOOKUP(O31,parametres!G:H,2,0) -> Alliannz Contract
A32: AP-Historical-Report---Call-by-Call 2026-09-03 0000 - 2026-09-03 1500.csv | B32: F | C32: O | D32: 46268.307 | E32: +31611247401 | H32: WebiPath_180_177847 | J32: 2.7421294e+18 | K32: 39.4309854 | M32: 0 | N32: 19761 | O32: APBN_AMS_MOBILITY_INSURAN_FollowUp_NL | P32: 21200 | Q32: APBN_AMS_MOBILITY_INSURAN_FollowUp_NL | R32: 99821 | S32: APBN_AMS_MOBILITY_INSURAN_FollowUp_NL_1 | T32: APBN_CMN_RSA_FRONT-NL_1 | U32: 224096 | V32: Tallih Nahid | W32: R | X32: 0.00094907407 | Y32: 0 | Z32: 0 | AB32: 0 | AC32: 46268.308 | AE32: 0 | AF32: 20260903072240654311887 | AG32: 1.1574074e-05 | BN32: Alliannz Contract | BO32: 46268 | BP32: =1 -> 1 | BQ32: =IF(M32+AG32>=parametres!$B$2,0,1) -> 1 | BR32: =VLOOKUP(O32,parametres!G:H,2,0) -> Alliannz Contract
A33: AP-Historical-Report---Call-by-Call 2026-09-03 0000 - 2026-09-03 1500.csv | B33: F | C33: I | D33: 46268.309 | E33: +31882692888 | F33: Chery | G33: RSA_SubLOB | H33: +31208512232 | I33: APBN_AMS_MOBILITY_OEM-CONS_Front | J33: 2.7421293e+18 | K33: 23.11599289 | L33: Route_Queue | M33: 5.787037e-05 | N33: 19755 | O33: APBN_AMS_MOBILITY_OEM-CONS_Front_NL | P33: 21194 | Q33: APBN_AMS_MOBILITY_OEM-CONS_Front_NL | R33: 99757 | S33: APBN_AMS_MOBILITY_OEM-CONS_Front_NL_3 | T33: APBN_CMN_RSA_FRONT-NL_1 | U33: 96526 | V33: Said Hajhouj | W33: R | X33: 0.0055092593 | Y33: 0 | Z33: 0.00038194444 | AB33: 0 | AC33: 46268.315 | AE33: 0 | AF33: 20260903072542385876135 | AG33: 2.3148148e-05 | AH33: 0 | AI33: 0 | AK33: 2 | AL33: 0 | AM33: 0 | AN33: NL | AW33: 0 | AX33: 0 | BN33: RSA | BO33: 46268 | BP33: =1 -> 1 | BQ33: =IF(M33+AG33>=parametres!$B$2,0,1) -> 1 | BR33: =VLOOKUP(O33,parametres!G:H,2,0) -> RSA
A34: AP-Historical-Report---Call-by-Call 2026-09-03 0000 - 2026-09-03 1500.csv | B34: F | C34: O | D34: 46268.31 | E34: +31882692888 | H34: WebiPath_180_102661 | J34: 2.7421293e+18 | K34: 23.11599290 | M34: 0 | N34: 19755 | O34: APBN_AMS_MOBILITY_OEM-CONS_Front_NL | P34: 21194 | Q34: APBN_AMS_MOBILITY_OEM-CONS_Front_NL | R34: 99757 | S34: APBN_AMS_MOBILITY_OEM-CONS_Front_NL_3 | T34: APBN_CMN_RSA_FRONT-NL_1 | U34: 96526 | V34: Said Hajhouj | W34: L | X34: 0.0055092593 | Y34: 0 | Z34: 0 | AB34: 0 | AC34: 46268.315 | AE34: 0 | AF34: 20260903072542385876135 | AG34: 1.1574074e-05 | BN34: RSA | BO34: 46268 | BP34: =1 -> 1 | BQ34: =IF(M34+AG34>=parametres!$B$2,0,1) -> 1 | BR34: =VLOOKUP(O34,parametres!G:H,2,0) -> RSA
A35: AP-Historical-Report---Call-by-Call 2026-09-03 0000 - 2026-09-03 1500.csv | B35: F | C35: I | D35: 46268.316 | E35: +31610122791 | F35: AzNetherlands | G35: RSA_INSUR | H35: +31205929118 | I35: APBN_AMS_RSA_INSURAN_AzN | J35: 2.7421294e+18 | K35: 43.4240261 | L35: Route_Queue | M35: 6.9444444e-05 | N35: 27173 | O35: APBN_AMS_RSA_INSURAN_AzN_NL | P35: 28184 | Q35: APBN_AMS_RSA_INSURAN_AzN_NL | R35: 208567 | S35: APBN_AMS_RSA_INSURAN_AzN_NL_1 | T35: APBN_CMN_RSA_FRONT-NL_1 | U35: 221519 | V35: Dylan Micha Joren | W35: R | X35: 0.0015972222 | Y35: 0 | Z35: 0.0014236111 | AB35: 0 | AC35: 46268.319 | AE35: 0 | AF35: 20260903073730721422115 | AG35: 3.4722222e-05 | AH35: 0 | AI35: 0 | AK35: 2 | AL35: 0 | AM35: 0 | AN35: NL | AO35: vb3177108 | AP35: 77020108 | AQ35: 10 | AR35: vb3177108 | AS35: 3190911811 | AT35: default_agentIntent | AU35: Unknown | AV35: +31610122791 | AW35: 2 | AX35: 1 | BN35: Alliannz Contract | BO35: 46268 | BP35: =1 -> 1 | BQ35: =IF(M35+AG35>=parametres!$B$2,0,1) -> 1 | BR35: =VLOOKUP(O35,parametres!G:H,2,0) -> Alliannz Contract
A36: AP-Historical-Report---Call-by-Call 2026-09-03 0000 - 2026-09-03 1500.csv | B36: F | C36: O | D36: 46268.318 | E36: +31610122791 | H36: WebiPath_180_176330 | J36: 2.7421294e+18 | K36: 43.4240274 | M36: 0 | N36: 27173 | O36: APBN_AMS_RSA_INSURAN_AzN_NL | P36: 28184 | Q36: APBN_AMS_RSA_INSURAN_AzN_NL | R36: 208567 | S36: APBN_AMS_RSA_INSURAN_AzN_NL_1 | T36: APBN_CMN_RSA_FRONT-NL_1 | U36: 221519 | V36: Dylan Micha Joren | W36: R | X36: 0.0015972222 | Y36: 0 | Z36: 0 | AB36: 0 | AC36: 46268.319 | AE36: 0 | AF36: 20260903073730721422115 | AG36: 1.1574074e-05 | BN36: Alliannz Contract | BO36: 46268 | BP36: =1 -> 1 | BQ36: =IF(M36+AG36>=parametres!$B$2,0,1) -> 1 | BR36: =VLOOKUP(O36,parametres!G:H,2,0) -> Alliannz Contract
A37: AP-Historical-Report---Call-by-Call 2026-09-03 0000 - 2026-09-03 1500.csv | B37: F | C37: I | D37: 46268.32 | E37: +33658339527 | F37: AP_NL_RSA | G37: RSA_SubLOB | H37: +31208512294 | I37: APBN_AMS_MOBILITY_INSURAN_Front | J37: 2.7421294e+18 | K37: 37.4333641 | L37: Route_Queue | M37: 9.2592593e-05 | N37: 19760 | O37: APBN_AMS_MOBILITY_INSURAN_Front_NL | P37: 21199 | Q37: APBN_AMS_MOBILITY_INSURAN_Front_NL | R37: 99810 | S37: APBN_AMS_MOBILITY_INSURAN_Front_NL_1 | T37: APBN_CMN_RSA_FRONT-NL_1 | U37: 224299 | V37: Jacqueline Sint | W37: R | X37: 0.00090277778 | Y37: 0 | Z37: 9.2592593e-05 | AB37: 0 | AC37: 46268.321 | AE37: 0 | AF37: 20260903074109620758255 | AG37: 3.4722222e-05 | AH37: 0 | AI37: 0 | AK37: 2 | AL37: 0 | AM37: 0 | AN37: NL | AO37: vb3151 | AP37: 77020001 | AQ37: 10 | AR37: Maud | AS37: 3190096 | AT37: Geen Intent | AV37: +33658339527 | AW37: 2 | AX37: 1 | BN37: Alliannz Contract | BO37: 46268 | BP37: =1 -> 1 | BQ37: =IF(M37+AG37>=parametres!$B$2,0,1) -> 1 | BR37: =VLOOKUP(O37,parametres!G:H,2,0) -> Alliannz Contract
A38: AP-Historical-Report---Call-by-Call 2026-09-03 0000 - 2026-09-03 1500.csv | B38: F | C38: I | D38: 46268.32 | E38: +31707592640 | F38: KIA | G38: RSA_SubLOB | H38: +31208512235 | I38: APBN_AMS_MOBILITY_INSURAN_FollowUp | J38: 2.7421294e+18 | K38: 33.8488832 | L38: Route_Queue | M38: 9.2592593e-05 | N38: 19761 | O38: APBN_AMS_MOBILITY_INSURAN_FollowUp_NL | P38: 21200 | Q38: APBN_AMS_MOBILITY_INSURAN_FollowUp_NL | R38: 99821 | S38: APBN_AMS_MOBILITY_INSURAN_FollowUp_NL_1 | T38: APBN_CMN_RSA_FRONT-NL_1 | U38: 224096 | V38: Tallih Nahid | W38: R | X38: 0.000625 | Y38: 0 | Z38: 0.0014583333 | AB38: 0 | AC38: 46268.322 | AE38: 0 | AF38: 20260903074208553649316 | AG38: 3.4722222e-05 | AH38: 0 | AI38: 0 | AK38: 2 | AL38: 0 | AM38: 0 | AN38: NL | AO38: vb3151 | AP38: 77020001 | AQ38: 10 | AR38: Maud | AS38: 3190032 | AT38: Lekke band / bandenprobleem in Nederland | AV38: +31707592640 | AW38: 2 | AX38: 1 | BN38: Alliannz Contract | BO38: 46268 | BP38: =1 -> 1 | BQ38: =IF(M38+AG38>=parametres!$B$2,0,1) -> 1 | BR38: =VLOOKUP(O38,parametres!G:H,2,0) -> Alliannz Contract
A39: AP-Historical-Report---Call-by-Call 2026-09-03 0000 - 2026-09-03 1500.csv | B39: F | C39: O | D39: 46268.32 | E39: +33658339527 | H39: WebiPath_180_177942 | J39: 2.7421294e+18 | K39: 37.4333645 | M39: 0 | N39: 19760 | O39: APBN_AMS_MOBILITY_INSURAN_Front_NL | P39: 21199 | Q39: APBN_AMS_MOBILITY_INSURAN_Front_NL | R39: 99810 | S39: APBN_AMS_MOBILITY_INSURAN_Front_NL_1 | T39: APBN_CMN_RSA_FRONT-NL_1 | U39: 224299 | V39: Jacqueline Sint | W39: R | X39: 0.00090277778 | Y39: 0 | Z39: 0 | AB39: 0 | AC39: 46268.321 | AE39: 0 | AF39: 20260903074109620758255 | AG39: 1.1574074e-05 | BN39: Alliannz Contract | BO39: 46268 | BP39: =1 -> 1 | BQ39: =IF(M39+AG39>=parametres!$B$2,0,1) -> 1 | BR39: =VLOOKUP(O39,parametres!G:H,2,0) -> Alliannz Contract
A40: AP-Historical-Report---Call-by-Call 2026-09-03 0000 - 2026-09-03 1500.csv | B40: F | C40: O | D40: 46268.321 | E40: +31707592640 | H40: WebiPath_180_177847 | J40: 2.7421294e+18 | K40: 33.8488837 | M40: 0 | N40: 19761 | O40: APBN_AMS_MOBILITY_INSURAN_FollowUp_NL | P40: 21200 | Q40: APBN_AMS_MOBILITY_INSURAN_FollowUp_NL | R40: 99821 | S40: APBN_AMS_MOBILITY_INSURAN_FollowUp_NL_1 | T40: APBN_CMN_RSA_FRONT-NL_1 | U40: 224096 | V40: Tallih Nahid | W40: L | X40: 0.000625 | Y40: 0 | Z40: 0 | AB40: 0 | AC40: 46268.322 | AE40: 0 | AF40: 20260903074208553649316 | AG40: 1.1574074e-05 | BN40: Alliannz Contract | BO40: 46268 | BP40: =1 -> 1 | BQ40: =IF(M40+AG40>=parametres!$B$2,0,1) -> 1 | BR40: =VLOOKUP(O40,parametres!G:H,2,0) -> Alliannz Contract
A41: AP-Historical-Report---Call-by-Call 2026-09-03 0000 - 2026-09-03 1500.csv | B41: F | C41: I | D41: 46268.321 | E41: +32478019811 | F41: AGA | G41: RSA_Front | H41: +3222906100 | I41: APBN_BRU_MOBILITY_INSURAN_Front | J41: 2.7421293e+18 | K41: 22.13294938 | L41: Route_Success | M41: 0.00018518519 | N41: 19782 | O41: APBN_BRU_MOBILITY_INSURAN_Front_FR | P41: 21222 | Q41: APBN_BRU_MOBILITY_INSURAN_Front_FR | R41: 100052 | S41: APBN_BRU_MOBILITY_INSURAN_Front_FR_1 | T41: APEU_TNG_RSA_FRENCH_1 | U41: 207050 | V41: ALIOUNE CISSOKHO | W41: R | X41: 0.0057523148 | Y41: 0.0022106481 | Z41: 0.00037037037 | AB41: 0 | AC41: 46268.33 | AE41: 0 | AF41: 20260903074326369100309 | AG41: 2.3148148e-05 | AH41: 0 | AI41: 0 | AJ41: m3229916100:1:1| | AK41: 2 | AL41: 0 | AM41: 1 | AN41: FR | AW41: 2 | AX41: 1 | BN41: RSA BE | BO41: 46268 | BP41: =1 -> 1 | BQ41: =IF(M41+AG41>=parametres!$B$2,0,1) -> 1 | BR41: =VLOOKUP(O41,parametres!G:H,2,0) -> RSA BE
A42: AP-Historical-Report---Call-by-Call 2026-09-03 0000 - 2026-09-03 1500.csv | B42: F | C42: O | D42: 46268.322 | E42: +32478019811 | H42: WebiPath_180_166208 | J42: 2.7421293e+18 | K42: 22.13294949 | M42: 0 | N42: 19782 | O42: APBN_BRU_MOBILITY_INSURAN_Front_FR | P42: 21222 | Q42: APBN_BRU_MOBILITY_INSURAN_Front_FR | R42: 100052 | S42: APBN_BRU_MOBILITY_INSURAN_Front_FR_1 | T42: APEU_TNG_RSA_FRENCH_1 | U42: 207050 | V42: ALIOUNE CISSOKHO | W42: R | X42: 0.0057523148 | Y42: 0.0022106481 | Z42: 0 | AB42: 0 | AC42: 46268.33 | AE42: 0 | AF42: 20260903074326369100309 | AG42: 0.00012731481 | BN42: RSA BE | BO42: 46268 | BP42: =1 -> 1 | BQ42: =IF(M42+AG42>=parametres!$B$2,0,1) -> 1 | BR42: =VLOOKUP(O42,parametres!G:H,2,0) -> RSA BE
A43: AP-Historical-Report---Call-by-Call 2026-09-03 0000 - 2026-09-03 1500.csv | B43: F | C43: I | D43: 46268.328 | E43: Masqué | F43: AP_NL_RSA | G43: RSA_SubLOB | H43: +31205929094 | I43: APBN_AMS_MOBILITY_INSURAN_Front | J43: 2.7421294e+18 | K43: 45.4946875 | L43: Route_Queue | M43: 8.1018519e-05 | N43: 19760 | O43: APBN_AMS_MOBILITY_INSURAN_Front_NL | P43: 21199 | Q43: APBN_AMS_MOBILITY_INSURAN_Front_NL | R43: 99810 | S43: APBN_AMS_MOBILITY_INSURAN_Front_NL_1 | T43: APBN_CMN_RSA_FRONT-NL_1 | U43: 96526 | V43: Said Hajhouj | W43: R | X43: 0.00059027778 | Y43: 0 | Z43: 0.0015509259 | AB43: 0 | AC43: 46268.329 | AE43: 0 | AF43: 20260903075306754975169 | AG43: 1.1574074e-05 | AH43: 0 | AI43: 0 | AK43: 2 | AL43: 0 | AM43: 0 | AN43: NL | AO43: vb3151 | AP43: 77020001 | AQ43: 10 | AR43: Maud | AS43: 3190096 | AT43: Geen Intent | AV43: anonymous | AW43: 2 | AX43: 1 | BN43: Alliannz Contract | BO43: 46268 | BP43: =1 -> 1 | BQ43: =IF(M43+AG43>=parametres!$B$2,0,1) -> 1 | BR43: =VLOOKUP(O43,parametres!G:H,2,0) -> Alliannz Contract
A44: AP-Historical-Report---Call-by-Call 2026-09-03 0000 - 2026-09-03 1500.csv | B44: F | C44: O | D44: 46268.329 | E44: anonymous | H44: WebiPath_180_102661 | J44: 2.7421294e+18 | K44: 45.4946882 | M44: 0 | N44: 19760 | O44: APBN_AMS_MOBILITY_INSURAN_Front_NL | P44: 21199 | Q44: APBN_AMS_MOBILITY_INSURAN_Front_NL | R44: 99810 | S44: APBN_AMS_MOBILITY_INSURAN_Front_NL_1 | T44: APBN_CMN_RSA_FRONT-NL_1 | U44: 96526 | V44: Said Hajhouj | W44: L | X44: 0.00059027778 | Y44: 0 | Z44: 0 | AB44: 0 | AC44: 46268.329 | AE44: 0 | AF44: 20260903075306754975169 | AG44: 0 | BN44: Alliannz Contract | BO44: 46268 | BP44: =1 -> 1 | BQ44: =IF(M44+AG44>=parametres!$B$2,0,1) -> 1 | BR44: =VLOOKUP(O44,parametres!G:H,2,0) -> Alliannz Contract
A45: AP-Historical-Report---Call-by-Call 2026-09-03 0000 - 2026-09-03 1500.csv | B45: F | C45: I | D45: 46268.329 | E45: +32475360628 | F45: AGA | G45: RSA_Front | H45: +3222906100 | I45: APBN_BRU_MOBILITY_INSURAN_Front | J45: 2.7421294e+18 | K45: 38.4335176 | L45: Route_Queue | M45: 1.1574074e-05 | N45: 19781 | O45: APBN_BRU_MOBILITY_INSURAN_Front_VL | P45: 21221 | Q45: APBN_BRU_MOBILITY_INSURAN_Front_VL | R45: 100041 | S45: APBN_BRU_MOBILITY_INSURAN_Front_VL_1 | T45: APBN_CMN_RSA_FRONT-VL_1 | U45: 199550 | V45: Driss Sbai | W45: R | X45: 0.0017592593 | Y45: 0 | Z45: 0.00038194444 | AB45: 0 | AC45: 46268.332 | AE45: 0 | AF45: 20260903075451637535200 | AG45: 1.1574074e-05 | AH45: 0 | AI45: 0 | AJ45: m3229916100:1:1| | AK45: 2 | AL45: 0 | AM45: 1 | AN45: VL | AW45: 2 | AX45: 1 | BN45: RSA BE | BO45: 46268 | BP45: =1 -> 1 | BQ45: =IF(M45+AG45>=parametres!$B$2,0,1) -> 1 | BR45: =VLOOKUP(O45,parametres!G:H,2,0) -> RSA BE
A46: AP-Historical-Report---Call-by-Call 2026-09-03 0000 - 2026-09-03 1500.csv | B46: F | C46: O | D46: 46268.33 | E46: +32475360628 | H46: WebiPath_180_160017 | J46: 2.7421294e+18 | K46: 38.4335182 | M46: 0 | N46: 19781 | O46: APBN_BRU_MOBILITY_INSURAN_Front_VL | P46: 21221 | Q46: APBN_BRU_MOBILITY_INSURAN_Front_VL | R46: 100041 | S46: APBN_BRU_MOBILITY_INSURAN_Front_VL_1 | T46: APBN_CMN_RSA_FRONT-VL_1 | U46: 199550 | V46: Driss Sbai | W46: L | X46: 0.0017708333 | Y46: 0 | Z46: 0 | AB46: 0 | AC46: 46268.332 | AE46: 0 | AF46: 20260903075451637535200 | AG46: 1.1574074e-05 | BN46: RSA BE | BO46: 46268 | BP46: =1 -> 1 | BQ46: =IF(M46+AG46>=parametres!$B$2,0,1) -> 1 | BR46: =VLOOKUP(O46,parametres!G:H,2,0) -> RSA BE
A47: AP-Historical-Report---Call-by-Call 2026-09-03 0000 - 2026-09-03 1500.csv | B47: F | C47: I | D47: 46268.333 | E47: +31610536161 | F47: KIA | G47: RSA_SubLOB | H47: +31208512235 | I47: APBN_AMS_MOBILITY_OEM-CONS_Front | J47: 2.7421293e+18 | K47: 17.83327525 | L47: Route_Success | M47: 9.2592593e-05 | N47: 19755 | O47: APBN_AMS_MOBILITY_OEM-CONS_Front_NL | P47: 21194 | Q47: APBN_AMS_MOBILITY_OEM-CONS_Front_NL | R47: 99757 | S47: APBN_AMS_MOBILITY_OEM-CONS_Front_NL_3 | T47: APBN_CMN_RSA_FRONT-NL_1 | U47: 224299 | V47: Jacqueline Sint | W47: R | X47: 0.0041319444 | Y47: 0 | Z47: 0.00037037037 | AB47: 0 | AC47: 46268.338 | AE47: 0 | AF47: 20260903080110285213002 | AG47: 9.2592593e-05 | AH47: 0 | AI47: 0 | AK47: 2 | AL47: 0 | AM47: 0 | AN47: NL | AO47: vb3151 | AP47: 77020001 | AQ47: 10 | AR47: Maud | AS47: 3190031 | AT47: Accu / Startprobleem in Nederland | AU47: 202604050731 | AV47: +31610536161 | AW47: 2 | AX47: 1 | BN47: RSA | BO47: 46268 | BP47: =1 -> 1 | BQ47: =IF(M47+AG47>=parametres!$B$2,0,1) -> 1 | BR47: =VLOOKUP(O47,parametres!G:H,2,0) -> RSA
A48: AP-Historical-Report---Call-by-Call 2026-09-03 0000 - 2026-09-03 1500.csv | B48: F | C48: I | D48: 46268.333 | E48: +31624186626 | F48: AP_NL_MULTI_LOB | G48: RSA_SubLOB | H48: +31205929292 | I48: APBN_AMS_MOBILITY_INSURAN_Front | J48: 2.7421293e+18 | K48: 9.62178561 | L48: Route_Success | M48: 8.1018519e-05 | N48: 19760 | O48: APBN_AMS_MOBILITY_INSURAN_Front_NL | P48: 21199 | Q48: APBN_AMS_MOBILITY_INSURAN_Front_NL | R48: 99810 | S48: APBN_AMS_MOBILITY_INSURAN_Front_NL_1 | T48: APBN_CMN_RSA_FRONT-NL_1 | U48: 221519 | V48: Dylan Micha Joren | W48: L | X48: 0.00016203704 | Y48: 0 | Z48: 0.0003587963 | AB48: 0 | AC48: 46268.334 | AE48: 0 | AF48: 20260903080042150995807 | AG48: 4.6296296e-05 | AH48: 0 | AI48: 0 | AK48: 2 | AL48: 0 | AM48: 0 | AN48: NL | AO48: vb3151 | AP48: 77020001 | AQ48: 10 | AR48: Maud | AS48: 3190086 | AT48: Geen Intent | AV48: +31624186626 | AW48: 0 | AX48: 0 | BN48: Alliannz Contract | BO48: 46268 | BP48: =1 -> 1 | BQ48: =IF(M48+AG48>=parametres!$B$2,0,1) -> 1 | BR48: =VLOOKUP(O48,parametres!G:H,2,0) -> Alliannz Contract
A49: AP-Historical-Report---Call-by-Call 2026-09-03 0000 - 2026-09-03 1500.csv | B49: F | C49: O | D49: 46268.334 | E49: +31624186626 | H49: WebiPath_180_176330 | J49: 2.7421293e+18 | K49: 9.62178584 | M49: 0 | N49: 19760 | O49: APBN_AMS_MOBILITY_INSURAN_Front_NL | P49: 21199 | Q49: APBN_AMS_MOBILITY_INSURAN_Front_NL | R49: 99810 | S49: APBN_AMS_MOBILITY_INSURAN_Front_NL_1 | T49: APBN_CMN_RSA_FRONT-NL_1 | U49: 221519 | V49: Dylan Micha Joren | W49: R | X49: 0.00016203704 | Y49: 0 | Z49: 0 | AB49: 0 | AC49: 46268.334 | AE49: 0 | AF49: 20260903080042150995807 | AG49: 1.1574074e-05 | BN49: Alliannz Contract | BO49: 46268 | BP49: =1 -> 1 | BQ49: =IF(M49+AG49>=parametres!$B$2,0,1) -> 1 | BR49: =VLOOKUP(O49,parametres!G:H,2,0) -> Alliannz Contract
A50: AP-Historical-Report---Call-by-Call 2026-09-03 0000 - 2026-09-03 1500.csv | B50: F | C50: O | D50: 46268.334 | E50: +31610536161 | H50: WebiPath_180_177942 | J50: 2.7421293e+18 | K50: 17.83327815 | M50: 0 | N50: 19755 | O50: APBN_AMS_MOBILITY_OEM-CONS_Front_NL | P50: 21194 | Q50: APBN_AMS_MOBILITY_OEM-CONS_Front_NL | R50: 99757 | S50: APBN_AMS_MOBILITY_OEM-CONS_Front_NL_3 | T50: APBN_CMN_RSA_FRONT-NL_1 | U50: 224299 | V50: Jacqueline Sint | W50: R | X50: 0.0041203704 | Y50: 0 | Z50: 0 | AB50: 0 | AC50: 46268.338 | AE50: 0 | AF50: 20260903080110285213002 | AG50: 1.1574074e-05 | BN50: RSA | BO50: 46268 | BP50: =1 -> 1 | BQ50: =IF(M50+AG50>=parametres!$B$2,0,1) -> 1 | BR50: =VLOOKUP(O50,parametres!G:H,2,0) -> RSA
A51: AP-Historical-Report---Call-by-Call 2026-09-03 0000 - 2026-09-03 1500.csv | B51: F | C51: I | D51: 46268.335 | E51: +31630059615 | F51: Mazda | G51: RSA_SubLOB | H51: +31205929714 | I51: APBN_AMS_MOBILITY_OEM-CONS_Front | J51: 2.7421294e+18 | K51: 33.8488992 | L51: Route_Success | M51: 8.1018519e-05 | N51: 19755 | O51: APBN_AMS_MOBILITY_OEM-CONS_Front_NL | P51: 21194 | Q51: APBN_AMS_MOBILITY_OEM-CONS_Front_NL | R51: 99755 | S51: APBN_AMS_MOBILITY_OEM-CONS_Front_NL_1 | T51: APBN_CMN_RSA_FRONT-NL_1 | U51: 96523 | V51: Rachid El Harrak | W51: R | X51: 0.0010763889 | Y51: 0 | Z51: 0.00060185185 | AB51: 0 | AC51: 46268.339 | AE51: 0 | AF51: 20260903080446553648487 | AG51: 2.3148148e-05 | AH51: 0 | AI51: 0 | AK51: 2 | AL51: 0 | AM51: 0 | AN51: NL | AO51: vb3151 | AP51: 77020001 | AQ51: 10 | AR51: Maud | AS51: 3190034 | AT51: Accu / Startprobleem in Nederland | AV51: +31630059615 | AW51: 2 | AX51: 1 | AY51: 5 | AZ51: 4 | BA51: geloof me nou | BN51: RSA | BO51: 46268 | BP51: =1 -> 1 | BQ51: =IF(M51+AG51>=parametres!$B$2,0,1) -> 1 | BR51: =VLOOKUP(O51,parametres!G:H,2,0) -> RSA
A52: AP-Historical-Report---Call-by-Call 2026-09-03 0000 - 2026-09-03 1500.csv | B52: F | C52: I | D52: 46268.336 | E52: +31624663224 | F52: KIA | G52: RSA_SubLOB | H52: +31208512235 | I52: APBN_AMS_MOBILITY_OEM-CONS_Front | J52: 2.7421293e+18 | K52: 9.62178628 | L52: Route_Success | M52: 6.9444444e-05 | N52: 19755 | O52: APBN_AMS_MOBILITY_OEM-CONS_Front_NL | P52: 21194 | Q52: APBN_AMS_MOBILITY_OEM-CONS_Front_NL | R52: 99757 | S52: APBN_AMS_MOBILITY_OEM-CONS_Front_NL_3 | T52: APBN_CMN_RSA_FRONT-NL_1 | U52: 224096 | V52: Tallih Nahid | W52: R | X52: 0.0015972222 | Y52: 0 | Z52: 0.00037037037 | AB52: 0 | AC52: 46268.339 | AE52: 0 | AF52: 20260903080514150996197 | AG52: 3.4722222e-05 | AH52: 0 | AI52: 0 | AK52: 2 | AL52: 0 | AM52: 0 | AN52: NL | AO52: vb3151 | AP52: 77020001 | AQ52: 10 | AR52: Maud | AS52: 3190031 | AT52: Buitengesloten / Sleutel kapot in Frankrijk | AV52: +31624663224 | AW52: 2 | AX52: 1 | BN52: RSA | BO52: 46268 | BP52: =1 -> 1 | BQ52: =IF(M52+AG52>=parametres!$B$2,0,1) -> 1 | BR52: =VLOOKUP(O52,parametres!G:H,2,0) -> RSA
A53: AP-Historical-Report---Call-by-Call 2026-09-03 0000 - 2026-09-03 1500.csv | B53: F | C53: O | D53: 46268.337 | E53: +31630059615 | H53: WebiPath_180_102658 | J53: 2.7421294e+18 | K53: 33.8489041 | M53: 0 | N53: 19755 | O53: APBN_AMS_MOBILITY_OEM-CONS_Front_NL | P53: 21194 | Q53: APBN_AMS_MOBILITY_OEM-CONS_Front_NL | R53: 99755 | S53: APBN_AMS_MOBILITY_OEM-CONS_Front_NL_1 | T53: APBN_CMN_RSA_FRONT-NL_1 | U53: 96523 | V53: Rachid El Harrak | W53: R | X53: 0.0010763889 | Y53: 0 | Z53: 0 | AB53: 0 | AC53: 46268.338 | AE53: 0 | AF53: 20260903080446553648487 | AG53: 1.1574074e-05 | BN53: RSA | BO53: 46268 | BP53: =1 -> 1 | BQ53: =IF(M53+AG53>=parametres!$B$2,0,1) -> 1 | BR53: =VLOOKUP(O53,parametres!G:H,2,0) -> RSA
A54: AP-Historical-Report---Call-by-Call 2026-09-03 0000 - 2026-09-03 1500.csv | B54: F | C54: O | D54: 46268.337 | E54: +31624663224 | H54: WebiPath_180_177847 | J54: 2.7421293e+18 | K54: 9.62178665 | M54: 0 | N54: 19755 | O54: APBN_AMS_MOBILITY_OEM-CONS_Front_NL | P54: 21194 | Q54: APBN_AMS_MOBILITY_OEM-CONS_Front_NL | R54: 99757 | S54: APBN_AMS_MOBILITY_OEM-CONS_Front_NL_3 | T54: APBN_CMN_RSA_FRONT-NL_1 | U54: 224096 | V54: Tallih Nahid | W54: R | X54: 0.0015972222 | Y54: 0 | Z54: 0 | AB54: 0 | AC54: 46268.339 | AE54: 0 | AF54: 20260903080514150996197 | AG54: 1.1574074e-05 | BN54: RSA | BO54: 46268 | BP54: =1 -> 1 | BQ54: =IF(M54+AG54>=parametres!$B$2,0,1) -> 1 | BR54: =VLOOKUP(O54,parametres!G:H,2,0) -> RSA
A55: AP-Historical-Report---Call-by-Call 2026-09-03 0000 - 2026-09-03 1500.csv | B55: F | C55: I | D55: 46268.337 | E55: +32470538861 | F55: AP_MULTI_LOB | G55: XLOB_SubLOB | H55: +3222906500 | I55: APBN_BRU_MOBILITY_INSURAN_Front | J55: 2.7421293e+18 | K55: 22.13295396 | L55: Route_Queue | M55: 1.1574074e-05 | N55: 19781 | O55: APBN_BRU_MOBILITY_INSURAN_Front_VL | P55: 21221 | Q55: APBN_BRU_MOBILITY_INSURAN_Front_VL | R55: 100041 | S55: APBN_BRU_MOBILITY_INSURAN_Front_VL_1 | T55: APBN_CMN_RSA_FRONT-VL_1 | U55: 199550 | V55: Driss Sbai | W55: R | X55: 0.0040972222 | Y55: 0 | Z55: 0.00038194444 | AB55: 0 | AC55: 46268.342 | AE55: 0 | AF55: 20260903080556369100694 | AG55: 1.1574074e-05 | AH55: 0 | AI55: 0 | AJ55: m3272:2:1|m322991:1:1| | AK55: 2 | AL55: 0 | AM55: 1 | AN55: VL | AW55: 0 | AX55: 0 | BN55: RSA BE | BO55: 46268 | BP55: =1 -> 1 | BQ55: =IF(M55+AG55>=parametres!$B$2,0,1) -> 1 | BR55: =VLOOKUP(O55,parametres!G:H,2,0) -> RSA BE
A56: AP-Historical-Report---Call-by-Call 2026-09-03 0000 - 2026-09-03 1500.csv | B56: F | C56: I | D56: 46268.337 | E56: Masqué | F56: KIA | G56: RSA_SubLOB | H56: +31208512235 | I56: APBN_AMS_MOBILITY_OEM-CONS_Front | J56: 2.7421293e+18 | K56: 10.60800081 | L56: Route_Queue | M56: 0.00016203704 | N56: 19755 | O56: APBN_AMS_MOBILITY_OEM-CONS_Front_NL | P56: 21194 | Q56: APBN_AMS_MOBILITY_OEM-CONS_Front_NL | R56: 99755 | S56: APBN_AMS_MOBILITY_OEM-CONS_Front_NL_1 | T56: APBN_CMN_RSA_MGNT_1 | U56: 96495 | V56: Tarik Anane | W56: R | X56: 0.0028240741 | Y56: 0 | Z56: 0.00037037037 | AB56: 0 | AC56: 46268.341 | AE56: 0 | AF56: 20260903080712167773430 | AG56: 4.6296296e-05 | AH56: 0 | AI56: 0 | AK56: 2 | AL56: 0 | AM56: 0 | AN56: NL | AO56: vb3151 | AP56: 77020001 | AQ56: 10 | AR56: Maud | AS56: 3190031 | AT56: Lekke band / bandenprobleem in Nederland | AV56: anonymous | AW56: 2 | AX56: 1 | BN56: RSA | BO56: 46268 | BP56: =1 -> 1 | BQ56: =IF(M56+AG56>=parametres!$B$2,0,1) -> 1 | BR56: =VLOOKUP(O56,parametres!G:H,2,0) -> RSA
A57: AP-Historical-Report---Call-by-Call 2026-09-03 0000 - 2026-09-03 1500.csv | B57: F | C57: O | D57: 46268.337 | E57: +32470538861 | H57: WebiPath_180_160017 | J57: 2.7421293e+18 | K57: 22.13295410 | M57: 0 | N57: 19781 | O57: APBN_BRU_MOBILITY_INSURAN_Front_VL | P57: 21221 | Q57: APBN_BRU_MOBILITY_INSURAN_Front_VL | R57: 100041 | S57: APBN_BRU_MOBILITY_INSURAN_Front_VL_1 | T57: APBN_CMN_RSA_FRONT-VL_1 | U57: 199550 | V57: Driss Sbai | W57: R | X57: 0.0040972222 | Y57: 0 | Z57: 0 | AB57: 0 | AC57: 46268.342 | AE57: 0 | AF57: 20260903080556369100694 | AG57: 0 | BN57: RSA BE | BO57: 46268 | BP57: =1 -> 1 | BQ57: =IF(M57+AG57>=parametres!$B$2,0,1) -> 1 | BR57: =VLOOKUP(O57,parametres!G:H,2,0) -> RSA BE
A58: AP-Historical-Report---Call-by-Call 2026-09-03 0000 - 2026-09-03 1500.csv | B58: F | C58: O | D58: 46268.338 | E58: anonymous | H58: WebiPath_180_102630 | J58: 2.7421293e+18 | K58: 10.60800111 | M58: 0 | N58: 19755 | O58: APBN_AMS_MOBILITY_OEM-CONS_Front_NL | P58: 21194 | Q58: APBN_AMS_MOBILITY_OEM-CONS_Front_NL | R58: 99755 | S58: APBN_AMS_MOBILITY_OEM-CONS_Front_NL_1 | T58: APBN_CMN_RSA_MGNT_1 | U58: 96495 | V58: Tarik Anane | W58: R | X58: 0.0028240741 | Y58: 0 | Z58: 0 | AB58: 0 | AC58: 46268.341 | AE58: 0 | AF58: 20260903080712167773430 | AG58: 0.00011574074 | BN58: RSA | BO58: 46268 | BP58: =1 -> 1 | BQ58: =IF(M58+AG58>=parametres!$B$2,0,1) -> 1 | BR58: =VLOOKUP(O58,parametres!G:H,2,0) -> RSA
A59: AP-Historical-Report---Call-by-Call 2026-09-03 0000 - 2026-09-03 1500.csv | B59: F | C59: I | D59: 46268.34 | E59: +31625281312 | F59: Mazda | G59: RSA_SubLOB | H59: +31205929714 | I59: APBN_AMS_MOBILITY_OEM-CONS_Front | J59: 2.7421292e+18 | K59: 6.61831272 | L59: Route_Queue | M59: 6.9444444e-05 | N59: 19755 | O59: APBN_AMS_MOBILITY_OEM-CONS_Front_NL | P59: 21194 | Q59: APBN_AMS_MOBILITY_OEM-CONS_Front_NL | R59: 99755 | S59: APBN_AMS_MOBILITY_OEM-CONS_Front_NL_1 | T59: APBN_CMN_RSA_FRONT-NL_1 | U59: 96523 | V59: Rachid El Harrak | W59: R | X59: 0.005 | Y59: 9.2592593e-05 | Z59: 0.00074074074 | AB59: 1 | AC59: 46268.346 | AE59: 0 | AF59: 20260903081103100663414 | AG59: 3.4722222e-05 | AH59: 0 | AI59: 0 | AK59: 2 | AL59: 0 | AM59: 0 | AN59: NL | AO59: vb3151 | AP59: 77020001 | AQ59: 10 | AR59: Maud | AS59: 3190034 | AT59: Accu / Startprobleem in Nederland | AU59: 202604050849 | AV59: +31625281312 | AW59: 2 | AX59: 1 | BN59: RSA | BO59: 46268 | BP59: =1 -> 1 | BQ59: =IF(M59+AG59>=parametres!$B$2,0,1) -> 1 | BR59: =VLOOKUP(O59,parametres!G:H,2,0) -> RSA
A60: AP-Historical-Report---Call-by-Call 2026-09-03 0000 - 2026-09-03 1500.csv | B60: F | C60: I | D60: 46268.34 | E60: +32475220040 | F60: AGA | G60: RSA_Front | H60: +3222906100 | I60: APBN_BRU_MOBILITY_INSURAN_Front | J60: 2.7421292e+18 | K60: 3.74592384 | L60: Route_Success | M60: 6.9444444e-05 | N60: 19782 | O60: APBN_BRU_MOBILITY_INSURAN_Front_FR | P60: 21222 | Q60: APBN_BRU_MOBILITY_INSURAN_Front_FR | R60: 100052 | S60: APBN_BRU_MOBILITY_INSURAN_Front_FR_1 | T60: APBN_CMN_RSA_FRONT-FR_1 | U60: 223879 | V60: El Fahry El Fassi Meftaha | W60: R | X60: 0.00043981481 | Y60: 0.00043981481 | Z60: 6.9444444e-05 | AB60: 0 | AC60: 46268.341 | AE60: 0 | AF60: 2026090308100550333332 | AG60: 1.1574074e-05 | AH60: 0 | AI60: 0 | AJ60: m3229916100:1:1| | AK60: 2 | AL60: 0 | AM60: 1 | AN60: FR | AW60: 2 | AX60: 1 | BN60: RSA BE | BO60: 46268 | BP60: =1 -> 1 | BQ60: =IF(M60+AG60>=parametres!$B$2,0,1) -> 1 | BR60: =VLOOKUP(O60,parametres!G:H,2,0) -> RSA BE
A61: AP-Historical-Report---Call-by-Call 2026-09-03 0000 - 2026-09-03 1500.csv | B61: F | C61: I | D61: 46268.34 | E61: +31627324597 | F61: QUINTES | G61: RSA_SubLOB | H61: +31205618913 | I61: APBN_AMS_MOBILITY_CRM_ConciergeBBH | J61: 2.7421294e+18 | K61: 30.10218367 | L61: Route_Queue | M61: 0.00090277778 | N61: 19777 | O61: APBN_AMS_MOBILITY_CRM_ConciergeBBH_NL | P61: 21216 | Q61: APBN_AMS_MOBILITY_CRM_ConciergeBBH_NL | W61: R | X61: 0 | Y61: 0 | Z61: 0 | AB61: 0 | AC61: 46268.342 | AE61: 0 | AF61: 20260903081039503316683 | AG61: 2.3148148e-05 | AH61: 0 | AI61: 0 | AK61: 1 | AL61: 2 | AM61: 0 | AN61: NL | AW61: 0 | AX61: 0 | BN61: RSA | BO61: 46268 | BP61: =1 -> 1 | BQ61: =IF(M61+AG61>=parametres!$B$2,0,1) -> 0 | BR61: =VLOOKUP(O61,parametres!G:H,2,0) -> RSA
A62: AP-Historical-Report---Call-by-Call 2026-09-03 0000 - 2026-09-03 1500.csv | B62: F | C62: O | D62: 46268.34 | E62: +32475220040 | H62: WebiPath_180_177741 | J62: 2.7421292e+18 | K62: 3.74592400 | M62: 0 | N62: 19782 | O62: APBN_BRU_MOBILITY_INSURAN_Front_FR | P62: 21222 | Q62: APBN_BRU_MOBILITY_INSURAN_Front_FR | R62: 100052 | S62: APBN_BRU_MOBILITY_INSURAN_Front_FR_1 | T62: APBN_CMN_RSA_FRONT-FR_1 | U62: 223879 | V62: El Fahry El Fassi Meftaha | W62: R | X62: 0.00043981481 | Y62: 0.00042824074 | Z62: 0 | AB62: 0 | AC62: 46268.341 | AE62: 0 | AF62: 2026090308100550333332 | AG62: 1.1574074e-05 | BN62: RSA BE | BO62: 46268 | BP62: =1 -> 1 | BQ62: =IF(M62+AG62>=parametres!$B$2,0,1) -> 1 | BR62: =VLOOKUP(O62,parametres!G:H,2,0) -> RSA BE
A63: AP-Historical-Report---Call-by-Call 2026-09-03 0000 - 2026-09-03 1500.csv | B63: F | C63: O | D63: 46268.341 | E63: +31625281312 | H63: WebiPath_180_102658 | J63: 2.7421292e+18 | K63: 6.61831314 | M63: 0 | N63: 19755 | O63: APBN_AMS_MOBILITY_OEM-CONS_Front_NL | P63: 21194 | Q63: APBN_AMS_MOBILITY_OEM-CONS_Front_NL | R63: 99755 | S63: APBN_AMS_MOBILITY_OEM-CONS_Front_NL_1 | T63: APBN_CMN_RSA_FRONT-NL_1 | U63: 96523 | V63: Rachid El Harrak | W63: L | X63: 0.0015740741 | Y63: 9.2592593e-05 | Z63: 0 | AB63: 0 | AC63: 46268.343 | AE63: 0 | AF63: 20260903081103100663414 | AG63: 2.3148148e-05 | BN63: RSA | BO63: 46268 | BP63: =1 -> 1 | BQ63: =IF(M63+AG63>=parametres!$B$2,0,1) -> 1 | BR63: =VLOOKUP(O63,parametres!G:H,2,0) -> RSA
A64: AP-Historical-Report---Call-by-Call 2026-09-03 0000 - 2026-09-03 1500.csv | B64: F | C64: I | D64: 46268.341 | E64: +32493715299 | F64: AzBelgium | G64: RSA_INSUR | H64: +3227736104 | I64: APBN_BRU_RSA_INSURAN_AB | J64: 2.7421294e+18 | K64: 35.8581216 | L64: Route_Queue | M64: 3.4722222e-05 | N64: 27186 | O64: APBN_BRU_RSA_INSURAN_AB_FR | P64: 28197 | Q64: APBN_BRU_RSA_INSURAN_AB_FR | R64: 208713 | S64: APBN_BRU_RSA_INSURAN_AB_FR_1 | T64: APBN_CMN_RSA_FRONT-FR_1 | U64: 144565 | V64: Nouhaila Nabat | W64: R | X64: 0.0015393519 | Y64: 0 | Z64: 0 | AB64: 0 | AC64: 46268.344 | AE64: 0 | AF64: 20260903081347587204471 | AG64: 2.3148148e-05 | AH64: 0 | AI64: 0 | AK64: 2 | AL64: 0 | AM64: 0 | AN64: FR | AO64: vb3277108 | AP64: 77030108 | AQ64: 10 | AR64: vb3277108 | AS64: 32906113112 | AT64: RentalVehicleService | AU64: 1TVL164 | AV64: +32493715299 | AW64: 2 | AX64: 1 | BN64: Alliannz Contract BE | BO64: 46268 | BP64: =1 -> 1 | BQ64: =IF(M64+AG64>=parametres!$B$2,0,1) -> 1 | BR64: =VLOOKUP(O64,parametres!G:H,2,0) -> Alliannz Contract BE
A65: AP-Historical-Report---Call-by-Call 2026-09-03 0000 - 2026-09-03 1500.csv | B65: F | C65: I | D65: 46268.341 | E65: +32475220040 | F65: AGA | G65: RSA_Front | H65: +3222906100 | I65: APBN_BRU_MOBILITY_INSURAN_Front | J65: 2.7421294e+18 | K65: 41.4239286 | L65: Route_Success | M65: 6.9444444e-05 | N65: 19782 | O65: APBN_BRU_MOBILITY_INSURAN_Front_FR | P65: 21222 | Q65: APBN_BRU_MOBILITY_INSURAN_Front_FR | R65: 100052 | S65: APBN_BRU_MOBILITY_INSURAN_Front_FR_1 | T65: APBN_CMN_RSA_FRONT-FR_1 | U65: 96485 | V65: IMANE BANANE | W65: R | X65: 0.0052430556 | Y65: 0.0022222222 | Z65: 0.00037037037 | AB65: 0 | AC65: 46268.35 | AE65: 0 | AF65: 20260903081218687867730 | AG65: 3.4722222e-05 | AH65: 0 | AI65: 0 | AJ65: m3229916100:1:1| | AK65: 2 | AL65: 0 | AM65: 1 | AN65: FR | AW65: 2 | AX65: 1 | AY65: 4 | BN65: RSA BE | BO65: 46268 | BP65: =1 -> 1 | BQ65: =IF(M65+AG65>=parametres!$B$2,0,1) -> 1 | BR65: =VLOOKUP(O65,parametres!G:H,2,0) -> RSA BE
A66: AP-Historical-Report---Call-by-Call 2026-09-03 0000 - 2026-09-03 1500.csv | B66: F | C66: O | D66: 46268.342 | E66: +32475220040 | H66: WebiPath_180_102620 | J66: 2.7421294e+18 | K66: 41.4239298 | M66: 0 | N66: 19782 | O66: APBN_BRU_MOBILITY_INSURAN_Front_FR | P66: 21222 | Q66: APBN_BRU_MOBILITY_INSURAN_Front_FR | R66: 100052 | S66: APBN_BRU_MOBILITY_INSURAN_Front_FR_1 | T66: APBN_CMN_RSA_FRONT-FR_1 | U66: 96485 | V66: IMANE BANANE | W66: R | X66: 0.0052430556 | Y66: 0.0022222222 | Z66: 0 | AB66: 0 | AC66: 46268.349 | AE66: 0 | AF66: 20260903081218687867730 | AG66: 1.1574074e-05 | BN66: RSA BE | BO66: 46268 | BP66: =1 -> 1 | BQ66: =IF(M66+AG66>=parametres!$B$2,0,1) -> 1 | BR66: =VLOOKUP(O66,parametres!G:H,2,0) -> RSA BE
A67: AP-Historical-Report---Call-by-Call 2026-09-03 0000 - 2026-09-03 1500.csv | B67: F | C67: I | D67: 46268.342 | E67: +31612244964 | F67: KIA | G67: RSA_SubLOB | H67: +31208512235 | I67: APBN_AMS_MOBILITY_OEM-CONS_Front | J67: 2.7421294e+18 | K67: 41.4239305 | L67: Route_Queue | M67: 5.787037e-05 | N67: 19755 | O67: APBN_AMS_MOBILITY_OEM-CONS_Front_NL | P67: 21194 | Q67: APBN_AMS_MOBILITY_OEM-CONS_Front_NL | R67: 99755 | S67: APBN_AMS_MOBILITY_OEM-CONS_Front_NL_1 | T67: APBN_CMN_RSA_FRONT-NL_1 | U67: 96523 | V67: Rachid El Harrak | W67: R | X67: 0.0018287037 | Y67: 0 | Z67: 0.0014699074 | AB67: 0 | AC67: 46268.345 | AE67: 0 | AF67: 20260903081446687866583 | AG67: 3.4722222e-05 | AH67: 0 | AI67: 0 | AK67: 2 | AL67: 0 | AM67: 0 | AN67: NL | AO67: vb3151 | AP67: 77020001 | AQ67: 10 | AR67: Maud | AS67: 3190031 | AT67: Lekke band / bandenprobleem in Nederland | AU67: 202604050896 | AV67: +31612244964 | AW67: 2 | AX67: 1 | BN67: RSA | BO67: 46268 | BP67: =1 -> 1 | BQ67: =IF(M67+AG67>=parametres!$B$2,0,1) -> 1 | BR67: =VLOOKUP(O67,parametres!G:H,2,0) -> RSA
A68: AP-Historical-Report---Call-by-Call 2026-09-03 0000 - 2026-09-03 1500.csv | B68: F | C68: I | D68: 46268.343 | E68: +31885250671 | F68: Toyota | G68: RSA_SubLOB | H68: +31205929836 | I68: APBN_AMS_MOBILITY_INSURAN_FollowUp | J68: 2.7421294e+18 | K68: 39.4310258 | L68: Route_Queue | M68: 6.9444444e-05 | N68: 19761 | O68: APBN_AMS_MOBILITY_INSURAN_FollowUp_NL | P68: 21200 | Q68: APBN_AMS_MOBILITY_INSURAN_FollowUp_NL | R68: 99821 | S68: APBN_AMS_MOBILITY_INSURAN_FollowUp_NL_1 | T68: APBN_CMN_RSA_FRONT-NL_1 | U68: 96526 | V68: Said Hajhouj | W68: R | X68: 0.0054050926 | Y68: 0 | Z68: 0.0003587963 | AB68: 0 | AC68: 46268.349 | AE68: 0 | AF68: 20260903081451654312605 | AG68: 2.3148148e-05 | AH68: 0 | AI68: 0 | AK68: 2 | AL68: 0 | AM68: 0 | AN68: NL | AO68: vb3151 | AP68: 77020001 | AQ68: 10 | AR68: Maud | AS68: 3190051 | AT68: Lekke band / bandenprobleem in Nederland | AV68: +31885250671 | AW68: 2 | AX68: 1 | BN68: Alliannz Contract | BO68: 46268 | BP68: =1 -> 1 | BQ68: =IF(M68+AG68>=parametres!$B$2,0,1) -> 1 | BR68: =VLOOKUP(O68,parametres!G:H,2,0) -> Alliannz Contract
A69: AP-Historical-Report---Call-by-Call 2026-09-03 0000 - 2026-09-03 1500.csv | B69: F | C69: O | D69: 46268.343 | E69: +32493715299 | H69: WebiPath_180_126394 | J69: 2.7421294e+18 | K69: 35.8581262 | M69: 0 | N69: 27186 | O69: APBN_BRU_RSA_INSURAN_AB_FR | P69: 28197 | Q69: APBN_BRU_RSA_INSURAN_AB_FR | R69: 208713 | S69: APBN_BRU_RSA_INSURAN_AB_FR_1 | T69: APBN_CMN_RSA_FRONT-FR_1 | U69: 144565 | V69: Nouhaila Nabat | W69: R | X69: 0.0015393519 | Y69: 0 | Z69: 0 | AB69: 0 | AC69: 46268.344 | AE69: 0 | AF69: 20260903081347587204471 | AG69: 0 | BN69: Alliannz Contract BE | BO69: 46268 | BP69: =1 -> 1 | BQ69: =IF(M69+AG69>=parametres!$B$2,0,1) -> 1 | BR69: =VLOOKUP(O69,parametres!G:H,2,0) -> Alliannz Contract BE
A70: AP-Historical-Report---Call-by-Call 2026-09-03 0000 - 2026-09-03 1500.csv | B70: F | C70: O | D70: 46268.344 | E70: +31612244964 | H70: WebiPath_180_102658 | J70: 2.7421294e+18 | K70: 41.4239347 | M70: 0 | N70: 19755 | O70: APBN_AMS_MOBILITY_OEM-CONS_Front_NL | P70: 21194 | Q70: APBN_AMS_MOBILITY_OEM-CONS_Front_NL | R70: 99755 | S70: APBN_AMS_MOBILITY_OEM-CONS_Front_NL_1 | T70: APBN_CMN_RSA_FRONT-NL_1 | U70: 96523 | V70: Rachid El Harrak | W70: L | X70: 0.0018287037 | Y70: 0 | Z70: 0 | AB70: 0 | AC70: 46268.345 | AE70: 0 | AF70: 20260903081446687866583 | AG70: 1.1574074e-05 | BN70: RSA | BO70: 46268 | BP70: =1 -> 1 | BQ70: =IF(M70+AG70>=parametres!$B$2,0,1) -> 1 | BR70: =VLOOKUP(O70,parametres!G:H,2,0) -> RSA
A71: AP-Historical-Report---Call-by-Call 2026-09-03 0000 - 2026-09-03 1500.csv | B71: F | C71: I | D71: 46268.344 | E71: +31592390414 | F71: KIA | G71: RSA_SubLOB | H71: +31208512235 | I71: APBN_AMS_MOBILITY_INSURAN_FollowUp | J71: 2.7421294e+18 | K71: 38.4335476 | L71: Route_Queue | M71: 6.9444444e-05 | N71: 19761 | O71: APBN_AMS_MOBILITY_INSURAN_FollowUp_NL | P71: 21200 | Q71: APBN_AMS_MOBILITY_INSURAN_FollowUp_NL | R71: 99821 | S71: APBN_AMS_MOBILITY_INSURAN_FollowUp_NL_1 | T71: APBN_CMN_RSA_FRONT-NL_1 | U71: 221519 | V71: Dylan Micha Joren | W71: R | X71: 0.00055555556 | Y71: 0 | Z71: 0.0003587963 | AB71: 0 | AC71: 46268.345 | AE71: 0 | AF71: 20260903081558637535763 | AG71: 2.3148148e-05 | AH71: 0 | AI71: 0 | AK71: 2 | AL71: 0 | AM71: 0 | AN71: NL | AO71: vb3151 | AP71: 77020001 | AQ71: 10 | AR71: Maud | AS71: 3190032 | AT71: Accu / Startprobleem in Nederland | AV71: +31592390414 | AW71: 2 | AX71: 1 | BN71: Alliannz Contract | BO71: 46268 | BP71: =1 -> 1 | BQ71: =IF(M71+AG71>=parametres!$B$2,0,1) -> 1 | BR71: =VLOOKUP(O71,parametres!G:H,2,0) -> Alliannz Contract
A72: AP-Historical-Report---Call-by-Call 2026-09-03 0000 - 2026-09-03 1500.csv | B72: F | C72: O | D72: 46268.344 | E72: +31885250671 | H72: WebiPath_180_102661 | J72: 2.7421294e+18 | K72: 39.4310279 | M72: 0 | N72: 19761 | O72: APBN_AMS_MOBILITY_INSURAN_FollowUp_NL | P72: 21200 | Q72: APBN_AMS_MOBILITY_INSURAN_FollowUp_NL | R72: 99821 | S72: APBN_AMS_MOBILITY_INSURAN_FollowUp_NL_1 | T72: APBN_CMN_RSA_FRONT-NL_1 | U72: 96526 | V72: Said Hajhouj | W72: L | X72: 0.0054050926 | Y72: 0 | Z72: 0 | AB72: 0 | AC72: 46268.349 | AE72: 0 | AF72: 20260903081451654312605 | AG72: 1.1574074e-05 | BN72: Alliannz Contract | BO72: 46268 | BP72: =1 -> 1 | BQ72: =IF(M72+AG72>=parametres!$B$2,0,1) -> 1 | BR72: =VLOOKUP(O72,parametres!G:H,2,0) -> Alliannz Contract
A73: AP-Historical-Report---Call-by-Call 2026-09-03 0000 - 2026-09-03 1500.csv | B73: F | C73: I | D73: 46268.344 | E73: +31592390552 | F73: KIA | G73: RSA_SubLOB | H73: +31208512235 | I73: APBN_AMS_MOBILITY_OEM-CONS_Front | J73: 2.7421293e+18 | K73: 17.83329451 | L73: Route_Queue | M73: 8.1018519e-05 | N73: 19755 | O73: APBN_AMS_MOBILITY_OEM-CONS_Front_NL | P73: 21194 | Q73: APBN_AMS_MOBILITY_OEM-CONS_Front_NL | R73: 99757 | S73: APBN_AMS_MOBILITY_OEM-CONS_Front_NL_3 | T73: APBN_CMN_RSA_FRONT-NL_1 | U73: 224299 | V73: Jacqueline Sint | W73: R | X73: 0.00056712963 | Y73: 0 | Z73: 0.00037037037 | AB73: 0 | AC73: 46268.345 | AE73: 0 | AF73: 20260903081633285214627 | AG73: 2.3148148e-05 | AH73: 0 | AI73: 0 | AK73: 2 | AL73: 0 | AM73: 0 | AN73: NL | AO73: vb3151 | AP73: 77020001 | AQ73: 10 | AR73: Maud | AS73: 3190031 | AT73: Geen Intent | AV73: +31592390552 | AW73: 2 | AX73: 1 | BN73: RSA | BO73: 46268 | BP73: =1 -> 1 | BQ73: =IF(M73+AG73>=parametres!$B$2,0,1) -> 1 | BR73: =VLOOKUP(O73,parametres!G:H,2,0) -> RSA
A74: AP-Historical-Report---Call-by-Call 2026-09-03 0000 - 2026-09-03 1500.csv | B74: F | C74: I | D74: 46268.344 | E74: +31613392774 | F74: AP_NL_RSA_PROVIDERS | G74: RSA_SubLOB | H74: +31205929107 | I74: APBN_AMS_MOBILITY_PROVIDER_Local | J74: 2.7421294e+18 | K74: 50.4876604 | L74: Route_Queue | M74: 0.0023842593 | N74: 19770 | O74: APBN_AMS_MOBILITY_PROVIDER_Local_NL | P74: 21209 | Q74: APBN_AMS_MOBILITY_PROVIDER_Local_NL | W74: R | X74: 0 | Y74: 0 | Z74: 0 | AB74: 0 | AC74: 46268.347 | AE74: 0 | AF74: 20260903081632838861103 | AG74: 9.2592593e-05 | AH74: 0 | AI74: 0 | AJ74: m319107:2:1| | AK74: 2 | AL74: 0 | AM74: 0 | AN74: NL | AW74: 0 | AX74: 0 | BN74: RSA Provider | BO74: 46268 | BP74: =1 -> 1 | BQ74: =IF(M74+AG74>=parametres!$B$2,0,1) -> 0 | BR74: =VLOOKUP(O74,parametres!G:H,2,0) -> RSA Provider
A75: AP-Historical-Report---Call-by-Call 2026-09-03 0000 - 2026-09-03 1500.csv | B75: F | C75: O | D75: 46268.344 | E75: +31592390414 | H75: WebiPath_180_176330 | J75: 2.7421294e+18 | K75: 38.4335496 | M75: 0 | N75: 19761 | O75: APBN_AMS_MOBILITY_INSURAN_FollowUp_NL | P75: 21200 | Q75: APBN_AMS_MOBILITY_INSURAN_FollowUp_NL | R75: 99821 | S75: APBN_AMS_MOBILITY_INSURAN_FollowUp_NL_1 | T75: APBN_CMN_RSA_FRONT-NL_1 | U75: 221519 | V75: Dylan Micha Joren | W75: R | X75: 0.00055555556 | Y75: 0 | Z75: 0 | AB75: 0 | AC75: 46268.345 | AE75: 0 | AF75: 20260903081558637535763 | AG75: 1.1574074e-05 | BN75: Alliannz Contract | BO75: 46268 | BP75: =1 -> 1 | BQ75: =IF(M75+AG75>=parametres!$B$2,0,1) -> 1 | BR75: =VLOOKUP(O75,parametres!G:H,2,0) -> Alliannz Contract
A76: AP-Historical-Report---Call-by-Call 2026-09-03 0000 - 2026-09-03 1500.csv | B76: F | C76: O | D76: 46268.345 | E76: +31592390552 | H76: WebiPath_180_177942 | J76: 2.7421293e+18 | K76: 17.83329578 | M76: 0 | N76: 19755 | O76: APBN_AMS_MOBILITY_OEM-CONS_Front_NL | P76: 21194 | Q76: APBN_AMS_MOBILITY_OEM-CONS_Front_NL | R76: 99757 | S76: APBN_AMS_MOBILITY_OEM-CONS_Front_NL_3 | T76: APBN_CMN_RSA_FRONT-NL_1 | U76: 224299 | V76: Jacqueline Sint | W76: R | X76: 0.00056712963 | Y76: 0 | Z76: 0 | AB76: 0 | AC76: 46268.345 | AE76: 0 | AF76: 20260903081633285214627 | AG76: 1.1574074e-05 | BN76: RSA | BO76: 46268 | BP76: =1 -> 1 | BQ76: =IF(M76+AG76>=parametres!$B$2,0,1) -> 1 | BR76: =VLOOKUP(O76,parametres!G:H,2,0) -> RSA
A77: AP-Historical-Report---Call-by-Call 2026-09-03 0000 - 2026-09-03 1500.csv | B77: F | C77: I | D77: 46268.345 | E77: +31638523192 | F77: AGA | G77: RSA_SubLOB | H77: +31205929292 | I77: APBN_AMS_MOBILITY_INSURAN_FollowUp | J77: 2.7421293e+18 | K77: 18.84486928 | L77: Route_Queue | M77: 9.2592593e-05 | N77: 19761 | O77: APBN_AMS_MOBILITY_INSURAN_FollowUp_NL | P77: 21200 | Q77: APBN_AMS_MOBILITY_INSURAN_FollowUp_NL | R77: 99821 | S77: APBN_AMS_MOBILITY_INSURAN_FollowUp_NL_1 | T77: APBN_CMN_RSA_FRONT-NL_1 | U77: 224096 | V77: Tallih Nahid | W77: R | X77: 0.00094907407 | Y77: 0 | Z77: 0.0003587963 | AB77: 0 | AC77: 46268.347 | AE77: 0 | AF77: 20260903081852301990045 | AG77: 2.3148148e-05 | AH77: 0 | AI77: 0 | AK77: 2 | AL77: 0 | AM77: 0 | AN77: NL | AO77: vb3151 | AP77: 77020001 | AQ77: 10 | AR77: Maud | AS77: 3190084 | AT77: Accu / Startprobleem in Nederland | AU77: GJ145P | AV77: +31638523192 | AW77: 0 | AX77: 0 | BN77: Alliannz Contract | BO77: 46268 | BP77: =1 -> 1 | BQ77: =IF(M77+AG77>=parametres!$B$2,0,1) -> 1 | BR77: =VLOOKUP(O77,parametres!G:H,2,0) -> Alliannz Contract
A78: AP-Historical-Report---Call-by-Call 2026-09-03 0000 - 2026-09-03 1500.csv | B78: F | C78: I | D78: 46268.346 | E78: +31703200432 | F78: Toyota | G78: RSA_SubLOB | H78: +31205929836 | I78: APBN_AMS_MOBILITY_OEM-CONS_Front | J78: 2.7421294e+18 | K78: 38.4335536 | L78: Route_Queue | M78: 5.787037e-05 | N78: 19755 | O78: APBN_AMS_MOBILITY_OEM-CONS_Front_NL | P78: 21194 | Q78: APBN_AMS_MOBILITY_OEM-CONS_Front_NL | R78: 99755 | S78: APBN_AMS_MOBILITY_OEM-CONS_Front_NL_1 | T78: APBN_CMN_RSA_FRONT-NL_1 | U78: 96523 | V78: Rachid El Harrak | W78: R | X78: 0.0023842593 | Y78: 0.00020833333 | Z78: 0.00072916667 | AB78: 0 | AC78: 46268.35 | AE78: 0 | AF78: 20260903081945637536008 | AG78: 2.3148148e-05 | AH78: 0 | AI78: 0 | AK78: 2 | AL78: 0 | AM78: 0 | AN78: NL | AO78: vb3151 | AP78: 77020001 | AQ78: 10 | AR78: Maud | AS78: 3190052 | AT78: Lekke band / bandenprobleem in Nederland | AV78: +31703200432 | AW78: 2 | AX78: 1 | BN78: RSA | BO78: 46268 | BP78: =1 -> 1 | BQ78: =IF(M78+AG78>=parametres!$B$2,0,1) -> 1 | BR78: =VLOOKUP(O78,parametres!G:H,2,0) -> RSA
A79: AP-Historical-Report---Call-by-Call 2026-09-03 0000 - 2026-09-03 1500.csv | B79: F | C79: I | D79: 46268.346 | E79: +31707592640 | F79: KIA | G79: RSA_SubLOB | H79: +31208512235 | I79: APBN_AMS_MOBILITY_INSURAN_FollowUp | J79: 2.7421293e+18 | K79: 23.11599883 | L79: Route_Queue | M79: 0.00015046296 | N79: 19761 | O79: APBN_AMS_MOBILITY_INSURAN_FollowUp_NL | P79: 21200 | Q79: APBN_AMS_MOBILITY_INSURAN_FollowUp_NL | R79: 99821 | S79: APBN_AMS_MOBILITY_INSURAN_FollowUp_NL_1 | T79: APBN_CMN_RSA_MGNT_1 | U79: 96495 | V79: Tarik Anane | W79: R | X79: 0.00092592593 | Y79: 0 | Z79: 8.1018519e-05 | AB79: 0 | AC79: 46268.348 | AE79: 0 | AF79: 20260903081931385876588 | AG79: 3.4722222e-05 | AH79: 0 | AI79: 0 | AK79: 2 | AL79: 0 | AM79: 0 | AN79: NL | AO79: vb3151 | AP79: 77020001 | AQ79: 10 | AR79: Maud | AS79: 3190032 | AT79: Lekke band / bandenprobleem in Nederland | AV79: +31707592640 | AW79: 2 | AX79: 1 | BN79: Alliannz Contract | BO79: 46268 | BP79: =1 -> 1 | BQ79: =IF(M79+AG79>=parametres!$B$2,0,1) -> 1 | BR79: =VLOOKUP(O79,parametres!G:H,2,0) -> Alliannz Contract
A80: AP-Historical-Report---Call-by-Call 2026-09-03 0000 - 2026-09-03 1500.csv | B80: F | C80: I | D80: 46268.346 | E80: +31619038903 | F80: QUINTES | G80: RSA_SubLOB | H80: +31205618904 | I80: APBN_AMS_MOBILITY_CRM_ConciergeBBH | J80: 2.7421294e+18 | K80: 32.8511873 | L80: Route_Queue | M80: 0.0055902778 | N80: 19777 | O80: APBN_AMS_MOBILITY_CRM_ConciergeBBH_NL | P80: 21216 | Q80: APBN_AMS_MOBILITY_CRM_ConciergeBBH_NL | R80: 99997 | S80: APBN_AMS_MOBILITY_CRM_ConciergeBBH_NL_1 | T80: APBN_CMN_RSA_FRONT-NL_1 | U80: 244557 | V80: Jane Nkiko | W80: R | X80: 0.00053240741 | Y80: 0 | Z80: 2.3148148e-05 | AB80: 0 | AC80: 46268.353 | AE80: 0 | AF80: 20260903081902536871847 | AG80: 2.3148148e-05 | AH80: 0 | AI80: 0 | AK80: 1 | AL80: 1 | AM80: 0 | AN80: NL | AW80: 0 | AX80: 0 | BN80: RSA | BO80: 46268 | BP80: =1 -> 1 | BQ80: =IF(M80+AG80>=parametres!$B$2,0,1) -> 0 | BR80: =VLOOKUP(O80,parametres!G:H,2,0) -> RSA
A81: AP-Historical-Report---Call-by-Call 2026-09-03 0000 - 2026-09-03 1500.csv | B81: F | C81: I | D81: 46268.346 | E81: +31624663224 | F81: KIA | G81: RSA_SubLOB | H81: +31208512235 | I81: APBN_AMS_MOBILITY_INTERNAT_FollowUp | J81: 2.7421293e+18 | K81: 19.52618966 | L81: Route_Success | M81: 6.9444444e-05 | N81: 19764 | O81: APBN_AMS_MOBILITY_INTERNAT_FollowUp_NL | P81: 21203 | Q81: APBN_AMS_MOBILITY_INTERNAT_FollowUp_NL | R81: 99856 | S81: APBN_AMS_MOBILITY_INTERNAT_FollowUp_NL_3 | T81: APBN_CMN_RSA_FRONT-NL_1 | U81: 224299 | V81: Jacqueline Sint | W81: R | X81: 0.006712963 | Y81: 0 | Z81: 0.00038194444 | AB81: 0 | AC81: 46268.354 | AE81: 0 | AF81: 20260903082007318767824 | AG81: 1.1574074e-05 | AH81: 0 | AI81: 0 | AK81: 2 | AL81: 0 | AM81: 0 | AN81: NL | AO81: vb3151 | AP81: 77020001 | AQ81: 10 | AR81: Maud | AS81: 3190033 | AT81: Elektrisch voertuig / laadprobleem in Frankrijk | AV81: +31624663224 | AW81: 2 | AX81: 1 | BN81: Alliannz Contract | BO81: 46268 | BP81: =1 -> 1 | BQ81: =IF(M81+AG81>=parametres!$B$2,0,1) -> 1 | BR81: =VLOOKUP(O81,parametres!G:H,2,0) -> Alliannz Contract
A82: AP-Historical-Report---Call-by-Call 2026-09-03 0000 - 2026-09-03 1500.csv | B82: F | C82: O | D82: 46268.346 | E82: +31638523192 | H82: WebiPath_180_177847 | J82: 2.7421293e+18 | K82: 18.84487296 | M82: 0 | N82: 19761 | O82: APBN_AMS_MOBILITY_INSURAN_FollowUp_NL | P82: 21200 | Q82: APBN_AMS_MOBILITY_INSURAN_FollowUp_NL | R82: 99821 | S82: APBN_AMS_MOBILITY_INSURAN_FollowUp_NL_1 | T82: APBN_CMN_RSA_FRONT-NL_1 | U82: 224096 | V82: Tallih Nahid | W82: R | X82: 0.00094907407 | Y82: 0 | Z82: 0 | AB82: 0 | AC82: 46268.347 | AE82: 0 | AF82: 20260903081852301990045 | AG82: 1.1574074e-05 | BN82: Alliannz Contract | BO82: 46268 | BP82: =1 -> 1 | BQ82: =IF(M82+AG82>=parametres!$B$2,0,1) -> 1 | BR82: =VLOOKUP(O82,parametres!G:H,2,0) -> Alliannz Contract
A83: AP-Historical-Report---Call-by-Call 2026-09-03 0000 - 2026-09-03 1500.csv | B83: F | C83: O | D83: 46268.347 | E83: +31707592640 | H83: WebiPath_180_102630 | J83: 2.7421293e+18 | K83: 23.11599922 | M83: 0 | N83: 19761 | O83: APBN_AMS_MOBILITY_INSURAN_FollowUp_NL | P83: 21200 | Q83: APBN_AMS_MOBILITY_INSURAN_FollowUp_NL | R83: 99821 | S83: APBN_AMS_MOBILITY_INSURAN_FollowUp_NL_1 | T83: APBN_CMN_RSA_MGNT_1 | U83: 96495 | V83: Tarik Anane | W83: L | X83: 0.00092592593 | Y83: 0 | Z83: 0 | AB83: 0 | AC83: 46268.348 | AE83: 0 | AF83: 20260903081931385876588 | AG83: 9.2592593e-05 | BN83: Alliannz Contract | BO83: 46268 | BP83: =1 -> 1 | BQ83: =IF(M83+AG83>=parametres!$B$2,0,1) -> 1 | BR83: =VLOOKUP(O83,parametres!G:H,2,0) -> Alliannz Contract
A84: AP-Historical-Report---Call-by-Call 2026-09-03 0000 - 2026-09-03 1500.csv | B84: F | C84: O | D84: 46268.347 | E84: +31703200432 | H84: WebiPath_180_102658 | J84: 2.7421294e+18 | K84: 38.4335557 | M84: 0 | N84: 19755 | O84: APBN_AMS_MOBILITY_OEM-CONS_Front_NL | P84: 21194 | Q84: APBN_AMS_MOBILITY_OEM-CONS_Front_NL | R84: 99755 | S84: APBN_AMS_MOBILITY_OEM-CONS_Front_NL_1 | T84: APBN_CMN_RSA_FRONT-NL_1 | U84: 96523 | V84: Rachid El Harrak | W84: L | X84: 0.0023842593 | Y84: 0.00020833333 | Z84: 0 | AB84: 0 | AC84: 46268.35 | AE84: 0 | AF84: 20260903081945637536008 | AG84: 1.1574074e-05 | BN84: RSA | BO84: 46268 | BP84: =1 -> 1 | BQ84: =IF(M84+AG84>=parametres!$B$2,0,1) -> 1 | BR84: =VLOOKUP(O84,parametres!G:H,2,0) -> RSA
A85: AP-Historical-Report---Call-by-Call 2026-09-03 0000 - 2026-09-03 1500.csv | B85: F | C85: O | D85: 46268.347 | E85: +31624663224 | H85: WebiPath_180_177942 | J85: 2.7421293e+18 | K85: 19.52618988 | M85: 0 | N85: 19764 | O85: APBN_AMS_MOBILITY_INTERNAT_FollowUp_NL | P85: 21203 | Q85: APBN_AMS_MOBILITY_INTERNAT_FollowUp_NL | R85: 99856 | S85: APBN_AMS_MOBILITY_INTERNAT_FollowUp_NL_3 | T85: APBN_CMN_RSA_FRONT-NL_1 | U85: 224299 | V85: Jacqueline Sint | W85: R | X85: 0.006712963 | Y85: 0 | Z85: 0 | AB85: 0 | AC85: 46268.354 | AE85: 0 | AF85: 20260903082007318767824 | AG85: 1.1574074e-05 | BN85: Alliannz Contract | BO85: 46268 | BP85: =1 -> 1 | BQ85: =IF(M85+AG85>=parametres!$B$2,0,1) -> 1 | BR85: =VLOOKUP(O85,parametres!G:H,2,0) -> Alliannz Contract
A86: AP-Historical-Report---Call-by-Call 2026-09-03 0000 - 2026-09-03 1500.csv | B86: F | C86: I | D86: 46268.348 | E86: +31644220507 | F86: Toyota | G86: RSA_SubLOB | H86: +31205929836 | I86: APBN_AMS_MOBILITY_OEM-CONS_Front | J86: 2.7421294e+18 | K86: 34.8413756 | L86: Route_Queue | M86: 6.9444444e-05 | N86: 19755 | O86: APBN_AMS_MOBILITY_OEM-CONS_Front_NL | P86: 21194 | Q86: APBN_AMS_MOBILITY_OEM-CONS_Front_NL | R86: 99757 | S86: APBN_AMS_MOBILITY_OEM-CONS_Front_NL_3 | T86: APBN_CMN_RSA_FRONT-NL_1 | U86: 96526 | V86: Said Hajhouj | W86: R | X86: 0.0055555556 | Y86: 0 | Z86: 0.00038194444 | AB86: 0 | AC86: 46268.355 | AE86: 0 | AF86: 20260903082329570426761 | AG86: 2.3148148e-05 | AH86: 0 | AI86: 0 | AK86: 2 | AL86: 0 | AM86: 0 | AN86: NL | AO86: vb3151 | AP86: 77020001 | AQ86: 10 | AR86: Maud | AS86: 3190052 | AT86: Accu / Startprobleem in Nederland | AU86: 202604051014 | AV86: +31644220507 | AW86: 2 | AX86: 1 | BN86: RSA | BO86: 46268 | BP86: =1 -> 1 | BQ86: =IF(M86+AG86>=parametres!$B$2,0,1) -> 1 | BR86: =VLOOKUP(O86,parametres!G:H,2,0) -> RSA
A87: AP-Historical-Report---Call-by-Call 2026-09-03 0000 - 2026-09-03 1500.csv | B87: F | C87: I | D87: 46268.349 | E87: +31591610235 | F87: Suzuki | G87: RSA_SubLOB | H87: +31208512272 | I87: APBN_AMS_MOBILITY_INSURAN_FollowUp | J87: 2.7421294e+18 | K87: 41.4239468 | L87: Route_Success | M87: 6.9444444e-05 | N87: 19761 | O87: APBN_AMS_MOBILITY_INSURAN_FollowUp_NL | P87: 21200 | Q87: APBN_AMS_MOBILITY_INSURAN_FollowUp_NL | R87: 99821 | S87: APBN_AMS_MOBILITY_INSURAN_FollowUp_NL_1 | T87: APBN_CMN_RSA_FRONT-NL_1 | U87: 221519 | V87: Dylan Micha Joren | W87: R | X87: 0.0021643519 | Y87: 0 | Z87: 0.0019097222 | AB87: 0 | AC87: 46268.352 | AE87: 0 | AF87: 20260903082351687866107 | AG87: 3.4722222e-05 | AH87: 0 | AI87: 0 | AK87: 2 | AL87: 0 | AM87: 0 | AN87: NL | AO87: vb3151 | AP87: 77020001 | AQ87: 10 | AR87: Maud | AS87: 3190047 | AT87: Pech (niet gespecificeerd) in Nederland | AV87: +31591610235 | AW87: 2 | AX87: 1 | BN87: Alliannz Contract | BO87: 46268 | BP87: =1 -> 1 | BQ87: =IF(M87+AG87>=parametres!$B$2,0,1) -> 1 | BR87: =VLOOKUP(O87,parametres!G:H,2,0) -> Alliannz Contract
A88: AP-Historical-Report---Call-by-Call 2026-09-03 0000 - 2026-09-03 1500.csv | B88: F | C88: I | D88: 46268.349 | E88: +31707592633 | F88: KIA | G88: RSA_SubLOB | H88: +31208512235 | I88: APBN_AMS_MOBILITY_OEM-CONS_Front | J88: 2.7421293e+18 | K88: 26.7573068 | L88: Route_Queue | M88: 6.9444444e-05 | N88: 19755 | O88: APBN_AMS_MOBILITY_OEM-CONS_Front_NL | P88: 21194 | Q88: APBN_AMS_MOBILITY_OEM-CONS_Front_NL | R88: 99757 | S88: APBN_AMS_MOBILITY_OEM-CONS_Front_NL_3 | T88: APBN_CMN_RSA_FRONT-NL_1 | U88: 224096 | V88: Tallih Nahid | W88: R | X88: 0.00046296296 | Y88: 0 | Z88: 0.00037037037 | AB88: 0 | AC88: 46268.35 | AE88: 0 | AF88: 20260903082351436208034 | AG88: 3.4722222e-05 | AH88: 0 | AI88: 0 | AK88: 2 | AL88: 0 | AM88: 0 | AN88: NL | AO88: vb3151 | AP88: 77020001 | AQ88: 10 | AR88: Maud | AS88: 3190031 | AT88: Geen Intent | AV88: +31707592633 | AW88: 2 | AX88: 1 | BN88: RSA | BO88: 46268 | BP88: =1 -> 1 | BQ88: =IF(M88+AG88>=parametres!$B$2,0,1) -> 1 | BR88: =VLOOKUP(O88,parametres!G:H,2,0) -> RSA
A89: AP-Historical-Report---Call-by-Call 2026-09-03 0000 - 2026-09-03 1500.csv | B89: F | C89: O | D89: 46268.35 | E89: +31644220507 | H89: WebiPath_180_102661 | J89: 2.7421294e+18 | K89: 34.8413811 | M89: 0 | N89: 19755 | O89: APBN_AMS_MOBILITY_OEM-CONS_Front_NL | P89: 21194 | Q89: APBN_AMS_MOBILITY_OEM-CONS_Front_NL | R89: 99757 | S89: APBN_AMS_MOBILITY_OEM-CONS_Front_NL_3 | T89: APBN_CMN_RSA_FRONT-NL_1 | U89: 96526 | V89: Said Hajhouj | W89: R | X89: 0.0055555556 | Y89: 0 | Z89: 0 | AB89: 0 | AC89: 46268.355 | AE89: 0 | AF89: 20260903082329570426761 | AG89: 0 | BN89: RSA | BO89: 46268 | BP89: =1 -> 1 | BQ89: =IF(M89+AG89>=parametres!$B$2,0,1) -> 1 | BR89: =VLOOKUP(O89,parametres!G:H,2,0) -> RSA
A90: AP-Historical-Report---Call-by-Call 2026-09-03 0000 - 2026-09-03 1500.csv | B90: F | C90: I | D90: 46268.35 | E90: +31591610235 | F90: Toyota | G90: RSA_SubLOB | H90: +31205929836 | I90: APBN_AMS_MOBILITY_INSURAN_FollowUp | J90: 2.7421293e+18 | K90: 17.83330594 | L90: Route_Queue | M90: 0.0002662037 | N90: 19761 | O90: APBN_AMS_MOBILITY_INSURAN_FollowUp_NL | P90: 21200 | Q90: APBN_AMS_MOBILITY_INSURAN_FollowUp_NL | R90: 99821 | S90: APBN_AMS_MOBILITY_INSURAN_FollowUp_NL_1 | T90: APBN_CMN_RSA_FRONT-NL_1 | U90: 96523 | V90: Rachid El Harrak | W90: R | X90: 0.0035763889 | Y90: 0 | Z90: 0.00047453704 | AB90: 0 | AC90: 46268.354 | AE90: 0 | AF90: 20260903082422285213317 | AG90: 1.1574074e-05 | AH90: 0 | AI90: 0 | AK90: 2 | AL90: 0 | AM90: 0 | AN90: NL | AO90: vb3151 | AP90: 77020001 | AQ90: 10 | AR90: Maud | AS90: 3190051 | AT90: Geen Intent | AV90: +31591610235 | AW90: 2 | AX90: 1 | BN90: Alliannz Contract | BO90: 46268 | BP90: =1 -> 1 | BQ90: =IF(M90+AG90>=parametres!$B$2,0,1) -> 0 | BR90: =VLOOKUP(O90,parametres!G:H,2,0) -> Alliannz Contract
A91: AP-Historical-Report---Call-by-Call 2026-09-03 0000 - 2026-09-03 1500.csv | B91: F | C91: O | D91: 46268.35 | E91: +31591610235 | H91: WebiPath_180_176330 | J91: 2.7421294e+18 | K91: 41.4239501 | M91: 0 | N91: 19761 | O91: APBN_AMS_MOBILITY_INSURAN_FollowUp_NL | P91: 21200 | Q91: APBN_AMS_MOBILITY_INSURAN_FollowUp_NL | R91: 99821 | S91: APBN_AMS_MOBILITY_INSURAN_FollowUp_NL_1 | T91: APBN_CMN_RSA_FRONT-NL_1 | U91: 221519 | V91: Dylan Micha Joren | W91: R | X91: 0.0021643519 | Y91: 0 | Z91: 0 | AB91: 0 | AC91: 46268.352 | AE91: 0 | AF91: 20260903082351687866107 | AG91: 1.1574074e-05 | BN91: Alliannz Contract | BO91: 46268 | BP91: =1 -> 1 | BQ91: =IF(M91+AG91>=parametres!$B$2,0,1) -> 1 | BR91: =VLOOKUP(O91,parametres!G:H,2,0) -> Alliannz Contract
A92: AP-Historical-Report---Call-by-Call 2026-09-03 0000 - 2026-09-03 1500.csv | B92: F | C92: O | D92: 46268.35 | E92: +31707592633 | H92: WebiPath_180_177847 | J92: 2.7421293e+18 | K92: 26.7573082 | M92: 0 | N92: 19755 | O92: APBN_AMS_MOBILITY_OEM-CONS_Front_NL | P92: 21194 | Q92: APBN_AMS_MOBILITY_OEM-CONS_Front_NL | R92: 99757 | S92: APBN_AMS_MOBILITY_OEM-CONS_Front_NL_3 | T92: APBN_CMN_RSA_FRONT-NL_1 | U92: 224096 | V92: Tallih Nahid | W92: L | X92: 0.00046296296 | Y92: 0 | Z92: 0 | AB92: 0 | AC92: 46268.35 | AE92: 0 | AF92: 20260903082351436208034 | AG92: 1.1574074e-05 | BN92: RSA | BO92: 46268 | BP92: =1 -> 1 | BQ92: =IF(M92+AG92>=parametres!$B$2,0,1) -> 1 | BR92: =VLOOKUP(O92,parametres!G:H,2,0) -> RSA
A93: AP-Historical-Report---Call-by-Call 2026-09-03 0000 - 2026-09-03 1500.csv | B93: F | C93: O | D93: 46268.35 | E93: +31591610235 | H93: WebiPath_180_102658 | J93: 2.7421293e+18 | K93: 17.83330745 | M93: 0 | N93: 19761 | O93: APBN_AMS_MOBILITY_INSURAN_FollowUp_NL | P93: 21200 | Q93: APBN_AMS_MOBILITY_INSURAN_FollowUp_NL | R93: 99821 | S93: APBN_AMS_MOBILITY_INSURAN_FollowUp_NL_1 | T93: APBN_CMN_RSA_FRONT-NL_1 | U93: 96523 | V93: Rachid El Harrak | W93: L | X93: 0.0035763889 | Y93: 0 | Z93: 0 | AB93: 0 | AC93: 46268.354 | AE93: 0 | AF93: 20260903082422285213317 | AG93: 1.1574074e-05 | BN93: Alliannz Contract | BO93: 46268 | BP93: =1 -> 1 | BQ93: =IF(M93+AG93>=parametres!$B$2,0,1) -> 1 | BR93: =VLOOKUP(O93,parametres!G:H,2,0) -> Alliannz Contract
A94: AP-Historical-Report---Call-by-Call 2026-09-03 0000 - 2026-09-03 1500.csv | B94: F | C94: I | D94: 46268.351 | E94: +32476733757 | F94: AzBelgium | G94: RSA_INSUR | H94: +3227736104 | I94: APBN_BRU_RSA_INSURAN_AB | J94: 2.7421294e+18 | K94: 49.4926116 | L94: Route_Queue | M94: 4.6296296e-05 | N94: 27186 | O94: APBN_BRU_RSA_INSURAN_AB_FR | P94: 28197 | Q94: APBN_BRU_RSA_INSURAN_AB_FR | R94: 208713 | S94: APBN_BRU_RSA_INSURAN_AB_FR_1 | T94: APBN_CMN_RSA_FRONT-FR_1 | U94: 223879 | V94: El Fahry El Fassi Meftaha | W94: R | X94: 0.0053009259 | Y94: 0 | Z94: 0 | AB94: 0 | AC94: 46268.358 | AE94: 0 | AF94: 20260903082758822085227 | AG94: 2.3148148e-05 | AH94: 0 | AI94: 0 | AK94: 2 | AL94: 0 | AM94: 0 | AN94: FR | AO94: vb3277108 | AP94: 77030108 | AQ94: 10 | AR94: vb3277108 | AS94: 32906113112 | AT94: FlatTiresRequest | AU94: 1JSB131 | AV94: +32476733757 | AW94: 2 | AX94: 1 | BN94: Alliannz Contract BE | BO94: 46268 | BP94: =1 -> 1 | BQ94: =IF(M94+AG94>=parametres!$B$2,0,1) -> 1 | BR94: =VLOOKUP(O94,parametres!G:H,2,0) -> Alliannz Contract BE
A95: AP-Historical-Report---Call-by-Call 2026-09-03 0000 - 2026-09-03 1500.csv | B95: F | C95: I | D95: 46268.351 | E95: +31613344421 | F95: QUINTES | G95: RSA_SubLOB | H95: +31205618905 | I95: APBN_AMS_MOBILITY_CRM_ConciergeBBH | J95: 2.7421293e+18 | K95: 20.80845273 | L95: Route_Queue | M95: 0.0014583333 | N95: 19777 | O95: APBN_AMS_MOBILITY_CRM_ConciergeBBH_NL | P95: 21216 | Q95: APBN_AMS_MOBILITY_CRM_ConciergeBBH_NL | R95: 99997 | S95: APBN_AMS_MOBILITY_CRM_ConciergeBBH_NL_1 | T95: APBN_CMN_RSA_FRONT-NL_1 | U95: 244557 | V95: Jane Nkiko | W95: R | X95: 0.00046296296 | Y95: 0 | Z95: 0.00012731481 | AB95: 0 | AC95: 46268.353 | AE95: 0 | AF95: 20260903082550335545610 | AG95: 2.3148148e-05 | AH95: 0 | AI95: 0 | AK95: 1 | AL95: 2 | AM95: 0 | AN95: NL | AW95: 0 | AX95: 0 | BN95: RSA | BO95: 46268 | BP95: =1 -> 1 | BQ95: =IF(M95+AG95>=parametres!$B$2,0,1) -> 0 | BR95: =VLOOKUP(O95,parametres!G:H,2,0) -> RSA
A96: AP-Historical-Report---Call-by-Call 2026-09-03 0000 - 2026-09-03 1500.csv | B96: F | C96: I | D96: 46268.351 | E96: +32477381839 | F96: ALLIANZ_BELGIUM | G96: RSA_SubLOB | H96: +3227736155 | I96: APBN_BRU_MOBILITY_INSURAN_Front | J96: 2.7421294e+18 | K96: 41.4239532 | L96: Route_Queue | M96: 6.9444444e-05 | N96: 19782 | O96: APBN_BRU_MOBILITY_INSURAN_Front_FR | P96: 21222 | Q96: APBN_BRU_MOBILITY_INSURAN_Front_FR | R96: 100052 | S96: APBN_BRU_MOBILITY_INSURAN_Front_FR_1 | T96: APBN_CMN_RSA_FRONT-FR_1 | U96: 232191 | V96: Mohamed Adnane Saidi | W96: R | X96: 0.0030902778 | Y96: 0 | Z96: 0.00039351852 | AB96: 0 | AC96: 46268.355 | AE96: 0 | AF96: 20260903082611687866003 | AG96: 1.1574074e-05 | AH96: 0 | AI96: 0 | AJ96: m3222:1:1| | AK96: 2 | AL96: 0 | AM96: 1 | AN96: FR | AW96: 0 | AX96: 0 | BN96: RSA BE | BO96: 46268 | BP96: =1 -> 1 | BQ96: =IF(M96+AG96>=parametres!$B$2,0,1) -> 1 | BR96: =VLOOKUP(O96,parametres!G:H,2,0) -> RSA BE
A97: AP-Historical-Report---Call-by-Call 2026-09-03 0000 - 2026-09-03 1500.csv | B97: F | C97: I | D97: 46268.351 | E97: +31618149784 | F97: Suzuki | G97: RSA_SubLOB | H97: +31208512272 | I97: APBN_AMS_MOBILITY_INSURAN_FollowUp | J97: 2.7421293e+18 | K97: 27.7635672 | L97: Route_Success | M97: 0.00017361111 | N97: 19761 | O97: APBN_AMS_MOBILITY_INSURAN_FollowUp_NL | P97: 21200 | Q97: APBN_AMS_MOBILITY_INSURAN_FollowUp_NL | R97: 99821 | S97: APBN_AMS_MOBILITY_INSURAN_FollowUp_NL_1 | T97: APBN_CMN_RSA_MGNT_1 | U97: 96495 | V97: Tarik Anane | W97: R | X97: 0.0048842593 | Y97: 0 | Z97: 0.0003587963 | AB97: 0 | AC97: 46268.358 | AE97: 0 | AF97: 20260903082812452985715 | AG97: 5.787037e-05 | AH97: 0 | AI97: 0 | AK97: 2 | AL97: 0 | AM97: 0 | AN97: NL | AO97: vb3151 | AP97: 77020001 | AQ97: 10 | AR97: Maud | AS97: 3190047 | AT97: Lekke band / bandenprobleem in Nederland | AU97: 202604051104 | AV97: +31618149784 | AW97: 2 | AX97: 1 | BN97: Alliannz Contract | BO97: 46268 | BP97: =1 -> 1 | BQ97: =IF(M97+AG97>=parametres!$B$2,0,1) -> 0 | BR97: =VLOOKUP(O97,parametres!G:H,2,0) -> Alliannz Contract
A98: AP-Historical-Report---Call-by-Call 2026-09-03 0000 - 2026-09-03 1500.csv | B98: F | C98: I | D98: 46268.352 | E98: +31653446202 | F98: KIA | G98: RSA_SubLOB | H98: +31208512235 | I98: APBN_AMS_MOBILITY_OEM-CONS_Front | J98: 2.7421294e+18 | K98: 30.10218704 | L98: Route_Queue | M98: 8.1018519e-05 | N98: 19755 | O98: APBN_AMS_MOBILITY_OEM-CONS_Front_NL | P98: 21194 | Q98: APBN_AMS_MOBILITY_OEM-CONS_Front_NL | R98: 99757 | S98: APBN_AMS_MOBILITY_OEM-CONS_Front_NL_3 | T98: APBN_CMN_RSA_FRONT-NL_1 | U98: 224096 | V98: Tallih Nahid | W98: R | X98: 0.0010532407 | Y98: 0 | Z98: 0.0046643519 | AB98: 0 | AC98: 46268.354 | AE98: 0 | AF98: 20260903082831503317534 | AG98: 0.00011574074 | AH98: 0 | AI98: 0 | AK98: 2 | AL98: 0 | AM98: 0 | AN98: NL | AO98: vb3151 | AP98: 77020001 | AQ98: 10 | AR98: Maud | AS98: 3190031 | AT98: Lekke band / bandenprobleem in Nederland | AU98: 202604051108 | AV98: +31653446202 | AW98: 2 | AX98: 1 | BN98: RSA | BO98: 46268 | BP98: =1 -> 1 | BQ98: =IF(M98+AG98>=parametres!$B$2,0,1) -> 1 | BR98: =VLOOKUP(O98,parametres!G:H,2,0) -> RSA
A99: AP-Historical-Report---Call-by-Call 2026-09-03 0000 - 2026-09-03 1500.csv | B99: F | C99: O | D99: 46268.352 | E99: +32477381839 | H99: WebiPath_180_181753 | J99: 2.7421294e+18 | K99: 41.4239550 | M99: 0 | N99: 19782 | O99: APBN_BRU_MOBILITY_INSURAN_Front_FR | P99: 21222 | Q99: APBN_BRU_MOBILITY_INSURAN_Front_FR | R99: 100052 | S99: APBN_BRU_MOBILITY_INSURAN_Front_FR_1 | T99: APBN_CMN_RSA_FRONT-FR_1 | U99: 232191 | V99: Mohamed Adnane Saidi | W99: L | X99: 0.0030902778 | Y99: 0 | Z99: 0 | AB99: 0 | AC99: 46268.355 | AE99: 0 | AF99: 20260903082611687866003 | AG99: 1.1574074e-05 | BI99: bbc91911-a324-4cc8-adac-4bfcf0a0def1.01 | BN99: RSA BE | BO99: 46268 | BP99: =1 -> 1 | BQ99: =IF(M99+AG99>=parametres!$B$2,0,1) -> 1 | BR99: =VLOOKUP(O99,parametres!G:H,2,0) -> RSA BE
A100: AP-Historical-Report---Call-by-Call 2026-09-03 0000 - 2026-09-03 1500.csv | B100: F | C100: O | D100: 46268.352 | E100: +31619038903 | H100: WebiPath_180_183330 | J100: 2.7421294e+18 | K100: 32.8512053 | M100: 0 | N100: 19777 | O100: APBN_AMS_MOBILITY_CRM_ConciergeBBH_NL | P100: 21216 | Q100: APBN_AMS_MOBILITY_CRM_ConciergeBBH_NL | R100: 99997 | S100: APBN_AMS_MOBILITY_CRM_ConciergeBBH_NL_1 | T100: APBN_CMN_RSA_FRONT-NL_1 | U100: 244557 | V100: Jane Nkiko | W100: L | X100: 0.00053240741 | Y100: 0 | Z100: 0 | AB100: 0 | AC100: 46268.353 | AE100: 0 | AF100: 20260903081902536871847 | AG100: 0 | BN100: RSA | BO100: 46268 | BP100: =1 -> 1 | BQ100: =IF(M100+AG100>=parametres!$B$2,0,1) -> 1 | BR100: =VLOOKUP(O100,parametres!G:H,2,0) -> RSA
...

Sheet SL 20 sec

Sheet parametres
B1: SLA | G1: Queue | H1: Designation
B2: 0.00023148148 | D2: RSA | G2: APBN_AMS_MOBILITY_INSURAN_FollowUp_NL | H2: Alliannz Contract
D3: RSA | G3: APBN_AMS_MOBILITY_INTERNAT_FollowUp_NL | H3: Alliannz Contract | L3: OBILITY_INTERNAT_Front_NL | M3: APBN_AMS_MOBILITY_OEM-CONS_FollowUp_NL | N3: APBN_AMS_MOBILITY_OEM-CONS_Front_NL | O3: APBN_AMS_MOBILITY_VIP_Front_NL
D4: RSA | G4: APBN_AMS_MOBILITY_INTERNAT_Front_NL | H4: Alliannz Contract | L4: Mettre à jour
D5: Alliannz Contract | G5: APBN_AMS_RSA_INSURAN_All_NL | H5: Alliannz Contract
D6: Alliannz Contract | G6: APBN_AMS_RSA_INSURAN_AzN_NL | H6: Alliannz Contract
D7: Alliannz Contract | G7: APBN_AMS_RSA_INTERNAT_All_NL | H7: Alliannz Contract
D8: RSA | G8: APBN_AMS_MOBILITY_INSURAN_Front_NL | H8: Alliannz Contract
D9: RSA | G9: APBN_BRU_RSA_INTERNAT_All_VL | H9: Alliannz Contract BE
D10: RSA | G10: APBN_BRU_RSA_INTERNAT_All_FR | H10: Alliannz Contract BE | K10: APBN_AMS_MOBILITY_INSURAN_Front_NL
D11: RSA | G11: APBN_BRU_RSA_INSURAN_AB_VL | H11: Alliannz Contract BE | K11: APBN_AMS_MOBILITY_OEM-CONS_FollowUp_NL
D12: RSA | G12: APBN_BRU_RSA_INSURAN_AB_FR | H12: Alliannz Contract BE | K12: APBN_AMS_MOBILITY_OEM-CONS_Front_NL
D13: RSA | G13: APBN_AMS_MOBILITY_BIKE_Bike_NL | H13: RSA | K13: APBN_AMS_MOBILITY_VIP_Front_NL
D14: Alliannz Contract | G14: APBN_AMS_MOBILITY_CRM_ConciergeBBH_NL | H14: RSA
D15: Alliannz Contract | G15: APBN_AMS_MOBILITY_INSURAN_AllianzNetherlandsOEM_NL | H15: RSA
D16: Alliannz Contract | G16: APBN_AMS_MOBILITY_LEASE-RE_FollowUp_NL | H16: RSA
D17: Alliannz Contract | G17: APBN_AMS_MOBILITY_LEASE-RE_Front_NL | H17: RSA
D18: RSA | G18: APBN_AMS_MOBILITY_VIP_FollowUp_NL | H18: RSA
D19: RSA | G19: APBN_AMS_MOBILITY_OEM-CONS_FollowUp_NL | H19: RSA
D20: RSA | G20: APBN_AMS_MOBILITY_OEM-CONS_Front_NL | H20: RSA
G21: APBN_AMS_MOBILITY_VIP_Front_NL | H21: RSA
G22: BRU_MOBILITY_BIKE_Bike_FR | H22: RSA BE
G23: APBN_BRU_MOBILITY_INSURAN_Front_FR | H23: RSA BE
G24: APBN_BRU_MOBILITY_INTERNAT_Front_FR | H24: RSA BE
G25: APBN_BRU_MOBILITY_OEM-CONS_Front_FR | H25: RSA BE
G26: APBN_BRU_MOBILITY_VIP_Front_FR | H26: RSA BE
G27: APBN_BRU_RSA_INSURAN_All_FR | H27: RSA BE
G28: BRU_MOBILITY_BIKE_Bike_VL | H28: RSA BE
G29: APBN_BRU_MOBILITY_INSURAN_Front_VL | H29: RSA BE
G30: APBN_BRU_MOBILITY_INTERNAT_Front_VL | H30: RSA BE
G31: APBN_BRU_MOBILITY_OEM-CONS_Front_VL | H31: RSA BE
G32: APBN_BRU_MOBILITY_VIP_Front_VL | H32: RSA BE
... G37: APBN_AMS_MOBILITY_PROVIDER_Morocco_NL | H37: RSA Provider

Sheet Croisé (2)
N4: Étiquettes de colonnes
N5: (vide) | O5: Total général
M6: Somme de SLA% | N6: #DIV/0! | O6: #DIV/0!
M10: [Agent] | N10: (Tous)
M12: Somme de Call Received | N12: Étiquettes de colonnes
M13: Étiquettes de lignes | N13: (vide) | O13: Total général
M14: (vide)
M15: Total général
A24: [Call Direction] | B24: I
A25: [Agent] | B25: (Tous)
A26: [Queue] | B26: (Tous)
A27: Call in SL | B27: (Plusieurs éléments)
A29: Calls Answered | B29: Queue
A30: Date | B30: Total général
A31: Total général

Sheet Feuil4
B1: Date | C1: Heures ([Call Date/Time]) | D1: RSA NL
B2: 46235 | C2: 00 | D2: 10 | F2: 00 | G2: 70 | I2: 00 | J2: =SUMIFS(D:D,C:C,I2) -> 108 | K2: =J2-G2 -> 38
B3: 46235 | C3: 01 | D3: 4 | F3: 01 | G3: 49 | I3: 01 | J3: =SUMIFS(D:D,C:C,I3) -> 65 | K3: =J3-G3 -> 16
B4: 46235 | C4: 02 | D4: 2 | F4: 02 | G4: 35 | I4: 02 | J4: =SUMIFS(D:D,C:C,I4) -> 47 | K4: =J4-G4 -> 12
B5: 46235 | C5: 03 | D5: 1 | F5: 03 | G5: 36 | I5: 03 | J5: =SUMIFS(D:D,C:C,I5) -> 45 | K5: =J5-G5 -> 9
B6: 46235 | C6: 04 | D6: 1 | F6: 04 | G6: 22 | I6: 04 | J6: =SUMIFS(D:D,C:C,I6) -> 28 | K6: =J6-G6 -> 6
B7: 46235 | C7: 05 | D7: 5 | F7: 05 | G7: 52 | I7: 05 | J7: =SUMIFS(D:D,C:C,I7) -> 64 | K7: =J7-G7 -> 12
B8: 46235 | C8: 06 | D8: 9 | F8: 06 | G8: 136 | I8: 06 | J8: =SUMIFS(D:D,C:C,I8) -> 147 | K8: =J8-G8 -> 11
B9: 46235 | C9: 23 | D9: 24 | F9: 23 | G9: 125 | I9: 23 | J9: =SUMIFS(D:D,C:C,I9) -> 187 | K9: =J9-G9 -> 62
B10: Total 01/08/2026 | D10: 56
B11: 46236 | C11: 00 | D11: 13
B12: 46236 | C12: 01 | D12: 13
B13: 46236 | C13: 02 | D13: 2
B14: 46236 | C14: 03 | D14: 6
B15: 46236 | C15: 04 | D15: 4
B16: 46236 | C16: 05 | D16: 10
B17: 46236 | C17: 06 | D17: 6
B18: 46236 | C18: 23 | D18: 8
B19: Total 02/08/2026 | D19: 62
B20: 46237 | C20: 00 | D20: 1
B21: 46237 | C21: 01 | D21: 3
B22: 46237 | C22: 02 | D22: 2
B23: 46237 | C23: 03 | D23: 2
B24: 46237 | C24: 04 | D24: 2
B25: 46237 | C25: 05 | D25: 7
B26: 46237 | C26: 06 | D26: 11
B27: 46237 | C27: 23 | D27: 9
B28: Total 03/08/2026 | D28: 37
B29: 46238 | C29: 00 | D29: 8
B30: 46238 | C30: 01 | D30: 2
B31: 46238 | C31: 02 | D31: 2
B32: 46238 | C32: 03 | D32: 3
B33: 46238 | C33: 05 | D33: 1
B34: 46238 | C34: 06 | D34: 10
B35: 46238 | C35: 23 | D35: 8
B36: Total 04/08/2026 | D36: 34
B37: 46239 | C37: 00 | D37: 2
B38: 46239 | C38: 01 | D38: 1
B39: 46239 | C39: 03 | D39: 3
B40: 46239 | C40: 04 | D40: 1
B41: 46239 | C41: 05 | D41: 4
B42: 46239 | C42: 06 | D42: 6
B43: 46239 | C43: 23 | D43: 7
B44: Total 05/08/2026 | D44: 24
B45: 46240 | C45: 00 | D45: 5
B46: 46240 | C46: 01 | D46: 2
B47: 46240 | C47: 02 | D47: 4
B48: 46240 | C48: 03 | D48: 3
B49: 46240 | C49: 04 | D49: 1
B50: 46240 | C50: 05 | D50: 6
B51: 46240 | C51: 06 | D51: 7
B52: 46240 | C52: 23 | D52: 4
B53: Total 06/08/2026 | D53: 32
B54: 46241 | C54: 00 | D54: 4
B55: 46241 | C55: 01 | D55: 1
B56: 46241 | C56: 03 | D56: 1
B57: 46241 | C57: 05 | D57: 4
B58: 46241 | C58: 06 | D58: 5
B59: 46241 | C59: 23 | D59: 8
B60: Total 07/08/2026 | D60: 23
B61: 46242 | C61: 00 | D61: 3
B62: 46242 | C62: 01 | D62: 2
B63: 46242 | C63: 02 | D63: 3
B64: 46242 | C64: 03 | D64: 1
B65: 46242 | C65: 04 | D65: 2
B66: 46242 | C66: 05 | D66: 2
B67: 46242 | C67: 06 | D67: 5
B68: 46242 | C68: 23 | D68: 9
B69: Total 08/08/2026 | D69: 27
B70: 46243 | C70: 00 | D70: 8
B71: 46243 | C71: 01 | D71: 6
B72: 46243 | C72: 02 | D72: 8
B73: 46243 | C73: 03 | D73: 6
B74: 46243 | C74: 04 | D74: 1
B75: 46243 | C75: 05 | D75: 3
B76: 46243 | C76: 06 | D76: 6
B77: 46243 | C77: 23 | D77: 3
B78: Total 09/08/2026 | D78: 41
B79: 46244 | C79: 00 | D79: 4
B80: 46244 | C80: 01 | D80: 2
B81: 46244 | C81: 02 | D81: 3
B82: 46244 | C82: 03 | D82: 2
B83: 46244 | C83: 04 | D83: 2
B84: 46244 | C84: 05 | D84: 1
B85: 46244 | C85: 06 | D85: 12
B86: 46244 | C86: 23 | D86: 10
B87: Total 10/08/2026 | D87: 36
B88: 46245 | C88: 00 | D88: 2
B89: 46245 | C89: 01 | D89: 2
B90: 46245 | C90: 02 | D90: 3
B91: 46245 | C91: 03 | D91: 2
B92: 46245 | C92: 04 | D92: 4
B93: 46245 | C93: 05 | D93: 2
B94: 46245 | C94: 06 | D94: 9
B95: 46245 | C95: 23 | D95: 3
B96: Total 11/08/2026 | D96: 27
B97: 46246 | C97: 00 | D97: 1
B98: 46246 | C98: 01 | D98: 3
B99: 46246 | C99: 02 | D99: 2
B100: 46246 | C100: 03 | D100: 1
...

Sheet Feuil2
A1: Date | B1: Heures ([Call Date/Time]) | C1: Calls
A2: 46235 | B2: 1 | C2: =SUMIFS('Croisé (2)'!C:C,'Croisé (2)'!B:B,Feuil2!B2,'Croisé (2)'!A:A,Feuil2!A2) -> 0
A3: 46235 | B3: 2 | C3: =SUMIFS('Croisé (2)'!C:C,'Croisé (2)'!B:B,Feuil2!B3,'Croisé (2)'!A:A,Feuil2!A3) -> 0
A4: 46235 | B4: 3 | C4: =SUMIFS('Croisé (2)'!C:C,'Croisé (2)'!B:B,Feuil2!B4,'Croisé (2)'!A:A,Feuil2!A4) -> 0 | F4: =IF(G4="","",A4) | G4: =IF(B4=7,SUM(C4:C18),"") | I4: =IF(J4="","",D4) | J4: =IF(E4=7,SUM(F4:F18),"")
A5: 46235 | B5: 7 | C5: =SUMIFS('Croisé (2)'!C:C,'Croisé (2)'!B:B,Feuil2!B5,'Croisé (2)'!A:A,Feuil2!A5) -> 0 | F5: =IF(G5="","",A5) -> 46235 | G5: =IF(B5=7,SUM(C5:C20),"") -> 0 | I5: =IF(J5="","",D5) | J5: =IF(E5=7,SUM(F5:F19),"")
A6: 46235 | B6: 8 | C6: =SUMIFS('Croisé (2)'!C:C,'Croisé (2)'!B:B,Feuil2!B6,'Croisé (2)'!A:A,Feuil2!A6) -> 0 | F6: =IF(G6="","",A6) | G6: =IF(B6=7,SUM(C6:C21),"") | I6: =IF(J6="","",D6) | J6: =IF(E6=7,SUM(F6:F20),"")
A7: 46235 | B7: 9 | C7: =SUMIFS('Croisé (2)'!C:C,'Croisé (2)'!B:B,Feuil2!B7,'Croisé (2)'!A:A,Feuil2!A7) -> 0 | F7: =IF(G7="","",A7) | G7: =IF(B7=7,SUM(C7:C22),"") | I7: =IF(J7="","",D7) | J7: =IF(E7=7,SUM(F7:F21),"")
A8: 46235 | B8: 10 | C8: =SUMIFS('Croisé (2)'!C:C,'Croisé (2)'!B:B,Feuil2!B8,'Croisé (2)'!A:A,Feuil2!A8) -> 0 | F8: =IF(G8="","",A8) | G8: =IF(B8=7,SUM(C8:C23),"") | I8: =IF(J8="","",D8) | J8: =IF(E8=7,SUM(F8:F22),"")
A9: 46235 | B9: 11 | C9: =SUMIFS('Croisé (2)'!C:C,'Croisé (2)'!B:B,Feuil2!B9,'Croisé (2)'!A:A,Feuil2!A9) -> 0 | F9: =IF(G9="","",A9) | G9: =IF(B9=7,SUM(C9:C24),"") | I9: =IF(J9="","",D9) | J9: =IF(E9=7,SUM(F9:F23),"")
A10: 46235 | B10: 12 | C10: =SUMIFS('Croisé (2)'!C:C,'Croisé (2)'!B:B,Feuil2!B10,'Croisé (2)'!A:A,Feuil2!A10) -> 0 | F10: =IF(G10="","",A10) | G10: =IF(B10=7,SUM(C10:C25),"") | I10: =IF(J10="","",D10) | J10: =IF(E10=7,SUM(F10:F24),"")
A11: 46235 | B11: 13 | C11: =SUMIFS('Croisé (2)'!C:C,'Croisé (2)'!B:B,Feuil2!B11,'Croisé (2)'!A:A,Feuil2!A11) -> 0 | F11: =IF(G11="","",A11) | G11: =IF(B11=7,SUM(C11:C26),"") | I11: =IF(J11="","",D11) | J11: =IF(E11=7,SUM(F11:F25),"")
A12: 46235 | B12: 14 | C12: =SUMIFS('Croisé (2)'!C:C,'Croisé (2)'!B:B,Feuil2!B12,'Croisé (2)'!A:A,Feuil2!A12) -> 0 | F12: =IF(G12="","",A12) | G12: =IF(B12=7,SUM(C12:C27),"") | I12: =IF(J12="","",D12) | J12: =IF(E12=7,SUM(F12:F26),"")
A13: 46235 | B13: 15 | C13: =SUMIFS('Croisé (2)'!C:C,'Croisé (2)'!B:B,Feuil2!B13,'Croisé (2)'!A:A,Feuil2!A13) -> 0 | F13: =IF(G13="","",A13) | G13: =IF(B13=7,SUM(C13:C28),"") | I13: =IF(J13="","",D13) | J13: =IF(E13=7,SUM(F13:F27),"")
A14: 46235 | B14: 16 | C14: =SUMIFS('Croisé (2)'!C:C,'Croisé (2)'!B:B,Feuil2!B14,'Croisé (2)'!A:A,Feuil2!A14) -> 0 | F14: =IF(G14="","",A14) | G14: =IF(B14=7,SUM(C14:C29),"") | I14: =IF(J14="","",D14) | J14: =IF(E14=7,SUM(F14:F28),"")
A15: 46235 | B15: 17 | C15: =SUMIFS('Croisé (2)'!C:C,'Croisé (2)'!B:B,Feuil2!B15,'Croisé (2)'!A:A,Feuil2!A15) -> 0 | F15: =IF(G15="","",A15) | G15: =IF(B15=7,SUM(C15:C30),"") | I15: =IF(J15="","",D15) | J15: =IF(E15=7,SUM(F15:F29),"")
A16: 46235 | B16: 18 | C16: =SUMIFS('Croisé (2)'!C:C,'Croisé (2)'!B:B,Feuil2!B16,'Croisé (2)'!A:A,Feuil2!A16) -> 0 | F16: =IF(G16="","",A16) | G16: =IF(B16=7,SUM(C16:C31),"") | I16: =IF(J16="","",D16) | J16: =IF(E16=7,SUM(F16:F30),"")
... A457: 46256 | B457: 23 | C457: =SUMIFS('Croisé (2)'!C:C,'Croisé (2)'!B:B,Feuil2!B457,'Croisé (2)'!A:A,Feuil2!A457) -> 0 | F457: =IF(G457="","",A457) | G457: =IF(B457=7,SUM(C457:C472),"") | I457: =IF(J457="","",D457) | J457: =IF(E457=7,SUM(F457:F471),"")

Sheet Feuil3
A1: Total 01/08/2026 | C1: 32 | D1: 32 | G1: Total 01/08/2026 | I1: 24 | J1: 24 | K1: =D1-J1 -> 8 | N1: Date | O1: Heures ([Call Date/Time]) | P1: RSA NL
A2: Total 02/08/2026 | C2: 54 | D2: 54 | G2: Total 02/08/2026 | I2: 30 | J2: 30 | K2: =D2-J2 -> 24 | N2: 46235 | O2: 00 | P2: 5
A3: Total 03/08/2026 | C3: 28 | D3: 28 | G3: Total 03/08/2026 | I3: 22 | J3: 22 | K3: =D3-J3 -> 6 | N3: 46235 | O3: 01 | P3: 4
A4: Total 04/08/2026 | C4: 26 | D4: 26 | G4: Total 04/08/2026 | I4: 24 | J4: 24 | K4: =D4-J4 -> 2 | N4: 46235 | O4: 02 | P4: 2
A5: Total 05/08/2026 | C5: 17 | D5: 17 | G5: Total 05/08/2026 | I5: 16 | J5: 16 | K5: =D5-J5 -> 1 | N5: 46235 | O5: 03 | P5: 1
A6: Total 06/08/2026 | C6: 28 | D6: 28 | G6: Total 06/08/2026 | I6: 22 | J6: 22 | K6: =D6-J6 -> 6 | N6: 46235 | O6: 04 | P6: 1
A7: Total 07/08/2026 | C7: 15 | D7: 15 | G7: Total 07/08/2026 | I7: 15 | J7: 15 | K7: =D7-J7 -> 0 | N7: 46235 | O7: 05 | P7: 4
A8: Total 08/08/2026 | C8: 18 | D8: 18 | G8: Total 08/08/2026 | I8: 18 | J8: 18 | K8: =D8-J8 -> 0 | N8: 46235 | O8: 06 | P8: 7
A9: Total 09/08/2026 | C9: 38 | D9: 38 | G9: Total 09/08/2026 | I9: 27 | J9: 27 | K9: =D9-J9 -> 11 | N9: 46235 | O9: 23 | P9: 9
A10: Total 10/08/2026 | C10: 26 | D10: 26 | G10: Total 10/08/2026 | I10: 22 | J10: 22 | K10: =D10-J10 -> 4 | N10: 46236 | O10: 00 | P10: 6
A11: Total 11/08/2026 | C11: 24 | D11: 24 | G11: 46246 | H11: 00 | I11: 1 | J11: 1 | K11: =D11-J11 -> 23 | N11: 46236 | O11: 01 | P11: 6
A12: Total 12/08/2026 | C12: 21 | D12: 21 | G12: 46247 | H12: 00 | I12: 2 | J12: 2 | K12: =D12-J12 -> 19 | N12: 46236 | O12: 02 | P12: 1
A13: Total 13/08/2026 | C13: 18 | D13: 18 | G13: 46248 | H13: 00 | I13: 4 | J13: 4 | K13: =D13-J13 -> 14 | N13: 46236 | O13: 03 | P13: 4
A14: Total 14/08/2026 | C14: 26 | D14: 26 | G14: 46249 | H14: 00 | I14: 5 | J14: 5 | K14: =D14-J14 -> 21 | N14: 46236 | O14: 04 | P14: 2
A15: Total 15/08/2026 | C15: 22 | D15: 22 | G15: 46250 | H15: 00 | I15: 4 | J15: 4 | K15: =D15-J15 -> 18 | N15: 46236 | O15: 05 | P15: 7
A16: Total 16/08/2026 | C16: 27 | D16: 27 | G16: 46251 | H16: 00 | I16: 1 | J16: 1 | K16: =D16-J16 -> 26 | N16: 46236 | O16: 06 | P16: 4
A17: Total 17/08/2026 | C17: 14 | D17: 14 | G17: 46252 | H17: 01 | I17: 2 | J17: 2 | K17: =D17-J17 -> 12 | N17: 46236 | O17: 23 | P17: 4
A18: Total 18/08/2026 | C18: 14 | D18: 14 | G18: 46253 | H18: 01 | I18: 1 | J18: 1 | K18: =D18-J18 -> 13 | N18: 46237 | O18: 00 | P18: 1
A19: Total 19/08/2026 | C19: 11 | D19: 11 | G19: 46254 | H19: 01 | I19: 1 | J19: 1 | K19: =D19-J19 -> 10 | N19: 46237 | O19: 01 | P19: 2
A20: Total 20/08/2026 | C20: 13 | D20: 13 | G20: 46255 | H20: 01 | I20: 1 | J20: 1 | K20: =D20-J20 -> 12 | N20: 46237 | O20: 02 | P20: 1
A21: Total 21/08/2026 | C21: 12 | D21: 12 | G21: 46256 | H21: 01 | I21: 3 | J21: 3 | K21: =D21-J21 -> 9 | N21: 46237 | O21: 03 | P21: 2
A22: Total 22/08/2026 | C22: 20 | D22: 20 | N22: 46237 | O22: 04 | P22: 1
N23: 46237 | O23: 05 | P23: 5
N24: 46237 | O24: 06 | P24: 10
N25: 46237 | O25: 23 | P25: 9
N26: 46238 | O26: 00 | P26: 6
N27: 46238 | O27: 01 | P27: 2
N28: 46238 | O28: 02 | P28: 2
N29: 46238 | O29: 03 | P29: 3
N30: 46238 | O30: 05 | P30: 1
N31: 46238 | O31: 06 | P31: 10
N32: 46238 | O32: 23 | P32: 7
N33: 46239 | O33: 00 | P33: 1
N34: 46239 | O34: 01 | P34: 1
... N158: 46256 | O158: 23 | P158: 11
