Workbook

Sheet Daily Flash NL
C1: 7 | D1: 7 | E1: 11 | F1: 12 | G1: 13 | H1: 6 | I1: 13 | J1: 13 | K1: 16 | L1: 16 | M1: 11 | N1: 10 | O1: 3 | P1: 7 | Q1: 5 | R1: 5 | S1: 5 | U1: 8 | W1: 8
U2: 10 | W2: 10
U3: 11 | W3: 10
J4: Partimers planned NL | K4: Partimers planned BE | U4: 11 | W4: 10
J5: 2 | K5: 0 | U5: 12 | W5: 10
S6: 1 | U6: 10 | W6: 7
U7: 9 | W7: 6
U8: 5 | W8: 6
U9: 5 | W9: 4
U10: 5 | W10: 4
U11: 5 | W11: 4
I12: OUT OFFICE SHRINKAGE
J13: RSA NL | K13: RSA BE | W13: RSA NL | X13: RSA BE | AF13: RSA NL | AG13: RSA BE
I14: Planned in HC | J14: =J15/8.75 -> 0 | K14: =K15/8.75 -> 0 | V14: Planned in HC | W14: 20 | X14: 16 | AE14: Planned in HC | AF14: 19 | AG14: 15
I15: Planned in Hours | J15: =SUM(M34:M49) -> 0 | K15: =SUM(M87:M103) -> 0 | V15: Planned in Hours | W15: =(W14-(J5*0.75))*8.75 -> 161.875 | X15: =(X14-(X5*0.75))*8.75 -> 140 | AE15: Planned in Hours | AF15: =(AF14-(J5*0.75))*8.75 -> 153.125 | AG15: =(AG14-(AG5*0.75))*8.75 -> 131.25
I16: Absents in HC | J16: 0 | K16: 0 | V16: Absents in HC | W16: 3 | X16: =2/8.75 -> 0.22857143 | AE16: Absents in HC | AF16: 4.75 | AG16: 4
I17: Absents in Hours | J17: =SUM(N34:P49) -> 0 | K17: =SUM(N89:O103) -> 0 | V17: Absents in Hours | W17: =(W16*8.75) -> 26.25 | X17: =(X16*8.75) -> 2 | AE17: Absents in Hours | AF17: =AF16*8.75 -> 41.5625 | AG17: =AG16*8.75 -> 35
I18: Late Hours | J18: =SUM(P34:P63) -> 0 | K18: =SUM(P89:P118) -> 0 | V18: Late Hours | AE18: Late Hours
I19: Absence rate | J19: =(J18+J17)/J15 -> #DIV/0! | K19: =(K18+K17)/K15 -> #DIV/0! | V19: Absence rate | W19: =(W18+W17)/W15 -> 0.16216216 | X19: =(X18+X17)/X15 -> 0.014285714 | AE19: Absence rate | AF19: =(AF18+AF17)/AF15 -> 0.27142857 | AG19: =(AG16-AG18)/AG14 -> 0.26666667
D25: 46270
D27: TSL | F27: Availability | J27: Deviation | N27: Dispatch | P27: Absence Rate in HC
D28: =H64/G64 -> 0.91296625 | F28: =+SUM(G34:G63)/SUM(F33:F62) -> 0.99469965 | J28: =+SUM(F64)/SUM(E64) -> 0.99298246 | N28: 0 | P28: =J19 -> #DIV/0! | AD28: Average Threshold Deviation | AE28: Average Threshold Deviation | AF28: Average Threshold Deviation
AD29: =J28 -> 0.99298246 | AE29: 1 | AF29: 0.6
AD31: Scenario 1 | AE31: Scenario 2 | AF31: Scenario 2
D32: Hour | E32: Volume Forcasted | F32: Volume Actual | G32: Volume Handled | H32: Volume Handle in SL | I32: Deviation | J32: SL | K32: Availability | L32: AHT | M32: Planned | N32: Abs | O32: LT Sickness | P32: Late/early leave | Q32: % Abs | R32: Extras | S32: Volume Actual SL | Y32: Hour | Z32: Forecast | AA32: Actual Fc scenario 1 | AB32: Actual Fc scenario 2 | AC32: Actual Fc scenario 3 | AD32: Actual deviation until EOD | AE32: 100% deviation until EOD | AF32: 90% deviation until EOD
Y33: 6 | Z33: =IF(SUMIFS('Daily Forecast'!D:D,'Daily Forecast'!B:B,$D$25,'Daily Forecast'!F:F,Y33,'Daily Forecast'!A:A,"Netherlands")=0,"",SUMIFS('Daily Forecast'!D:D,'Daily Forecast'!B:B,$D$25,'Daily Forecast'!F:F,Y33,'Daily Forecast'!A:A,"Netherlands")) -> 4 | AA33: =IFERROR(AD33/$J33,AD33) -> 3.9719298 | AB33: =IFERROR(AE33/$J33,AE33) -> 4 | AC33: =IFERROR(AF33/$J33,AF33) -> 2.4 | AD33: =IFERROR(IF(S33="",Z33*$AD$29,S33*J33),0) -> 3.9719298 | AE33: =IFERROR(IF(S33="",Z33*$AE$29,S33*J33),0) -> 4 | AF33: =IFERROR(IF(S33="",Z33*$AF$29,S33*J33),0) -> 2.4
A34: 7 | D34: 0.29166667 | E34: 12 | F34: 11 | G34: 9 | H34: 8 | I34: =IFERROR(Table1[[#This Row],[Volume Actual]]/Table1[[#This Row],[Volume Forcasted]],"") -> 0.91666667 | J34: =IFERROR(H34/G34,"") -> 0.88888889 | K34: =+IFERROR(Table1[[#This Row],[Volume Handled]]/Table1[[#This Row],[Volume Actual]],"") -> 0.81818182 | L34: 395.66667 | Q34: =(O34+N34)/M34 -> #DIV/0! | S34: =IF(SUMIFS('Daily Storm Data 2'!I:I,'Daily Storm Data 2'!$A:$A,$D$25,'Daily Storm Data 2'!$G:$G,$A34,'Daily Storm Data 2'!$E:$E,"Netherlands")=0,"",SUMIFS('Daily Storm Data 2'!I:I,'Daily Storm Data 2'!$A:$A,$D$25,'Daily Storm Data 2'!$G:$G,$A34,'Daily Storm Data 2'!$E:$E,"Netherlands")) | Y34: =+Y33+1 -> 7 | Z34: =IF(SUMIFS('Daily Forecast'!D:D,'Daily Forecast'!B:B,$D$25,'Daily Forecast'!F:F,Y34,'Daily Forecast'!A:A,"Netherlands")=0,"",SUMIFS('Daily Forecast'!D:D,'Daily Forecast'!B:B,$D$25,'Daily Forecast'!F:F,Y34,'Daily Forecast'!A:A,"Netherlands")) -> 12 | AA34: =IFERROR(AD34/$J34,AD34) -> 13.405263 | AB34: =IFERROR(AE34/$J34,AE34) -> 13.5 | AC34: =IFERROR(AF34/$J34,AF34) -> 8.1 | AD34: =IFERROR(IF(S34="",Z34*$AD$29,S34*J34),0) -> 11.915789 | AE34: =IFERROR(IF(S34="",Z34*$AE$29,S34*J34),0) -> 12 | AF34: =IFERROR(IF(S34="",Z34*$AF$29,S34*J34),0) -> 7.2
A35: =+A34+1 -> 8 | D35: 0.33333333 | E35: 19 | F35: 35 | G35: 35 | H35: 34 | I35: =IFERROR(Table1[[#This Row],[Volume Actual]]/Table1[[#This Row],[Volume Forcasted]],"") -> 1.8421053 | J35: =IFERROR(H35/G35,"") -> 0.97142857 | K35: =+IFERROR(Table1[[#This Row],[Volume Handled]]/Table1[[#This Row],[Volume Actual]],"") -> 1 | L35: 354.08571 | Q35: =(O35+N35)/M35 -> #DIV/0! | S35: =IF(SUMIFS('Daily Storm Data 2'!I:I,'Daily Storm Data 2'!$A:$A,$D$25,'Daily Storm Data 2'!$G:$G,$A35,'Daily Storm Data 2'!$E:$E,"Netherlands")=0,"",SUMIFS('Daily Storm Data 2'!I:I,'Daily Storm Data 2'!$A:$A,$D$25,'Daily Storm Data 2'!$G:$G,$A35,'Daily Storm Data 2'!$E:$E,"Netherlands")) | Y35: =+Y34+1 -> 8 | Z35: =IF(SUMIFS('Daily Forecast'!D:D,'Daily Forecast'!B:B,$D$25,'Daily Forecast'!F:F,Y35,'Daily Forecast'!A:A,"Netherlands")=0,"",SUMIFS('Daily Forecast'!D:D,'Daily Forecast'!B:B,$D$25,'Daily Forecast'!F:F,Y35,'Daily Forecast'!A:A,"Netherlands")) -> 19 | AA35: =IFERROR(AD35/$J35,AD35) -> 19.421569 | AB35: =IFERROR(AE35/$J35,AE35) -> 19.558824 | AC35: =IFERROR(AF35/$J35,AF35) -> 11.735294 | AD35: =IFERROR(IF(S35="",Z35*$AD$29,S35*J35),0) -> 18.866667 | AE35: =IFERROR(IF(S35="",Z35*$AE$29,S35*J35),0) -> 19 | AF35: =IFERROR(IF(S35="",Z35*$AF$29,S35*J35),0) -> 11.4 | AI35: Étiquettes de lignes | AJ35: I | AK35: (vide) | AL35: Total général
A36: =+A35+1 -> 9 | D36: 0.375 | E36: 46 | F36: 50 | G36: 50 | H36: 42 | I36: =IFERROR(Table1[[#This Row],[Volume Actual]]/Table1[[#This Row],[Volume Forcasted]],"") -> 1.0869565 | J36: =IFERROR(H36/G36,"") -> 0.84 | K36: =+IFERROR(Table1[[#This Row],[Volume Handled]]/Table1[[#This Row],[Volume Actual]],"") -> 1 | L36: 343.3 | Q36: =(O36+N36)/M36 -> #DIV/0! | S36: =IF(SUMIFS('Daily Storm Data 2'!I:I,'Daily Storm Data 2'!$A:$A,$D$25,'Daily Storm Data 2'!$G:$G,$A36,'Daily Storm Data 2'!$E:$E,"Netherlands")=0,"",SUMIFS('Daily Storm Data 2'!I:I,'Daily Storm Data 2'!$A:$A,$D$25,'Daily Storm Data 2'!$G:$G,$A36,'Daily Storm Data 2'!$E:$E,"Netherlands")) | Y36: =+Y35+1 -> 9 | Z36: =IF(SUMIFS('Daily Forecast'!D:D,'Daily Forecast'!B:B,$D$25,'Daily Forecast'!F:F,Y36,'Daily Forecast'!A:A,"Netherlands")=0,"",SUMIFS('Daily Forecast'!D:D,'Daily Forecast'!B:B,$D$25,'Daily Forecast'!F:F,Y36,'Daily Forecast'!A:A,"Netherlands")) -> 46 | AA36: =IFERROR(AD36/$J36,AD36) -> 54.377611 | AB36: =IFERROR(AE36/$J36,AE36) -> 54.761905 | AC36: =IFERROR(AF36/$J36,AF36) -> 32.857143 | AD36: =IFERROR(IF(S36="",Z36*$AD$29,S36*J36),0) -> 45.677193 | AE36: =IFERROR(IF(S36="",Z36*$AE$29,S36*J36),0) -> 46 | AF36: =IFERROR(IF(S36="",Z36*$AF$29,S36*J36),0) -> 27.6 | AI36: 3 | AJ36: 1 | AL36: 1
A37: =+A36+1 -> 10 | D37: 0.41666667 | E37: 56 | F37: 63 | G37: 63 | H37: 58 | I37: =IFERROR(Table1[[#This Row],[Volume Actual]]/Table1[[#This Row],[Volume Forcasted]],"") -> 1.125 | J37: =IFERROR(H37/G37,"") -> 0.92063492 | K37: =+IFERROR(Table1[[#This Row],[Volume Handled]]/Table1[[#This Row],[Volume Actual]],"") -> 1 | L37: 317.88889 | Q37: =(O37+N37)/M37 -> #DIV/0! | S37: =IF(SUMIFS('Daily Storm Data 2'!I:I,'Daily Storm Data 2'!$A:$A,$D$25,'Daily Storm Data 2'!$G:$G,$A37,'Daily Storm Data 2'!$E:$E,"Netherlands")=0,"",SUMIFS('Daily Storm Data 2'!I:I,'Daily Storm Data 2'!$A:$A,$D$25,'Daily Storm Data 2'!$G:$G,$A37,'Daily Storm Data 2'!$E:$E,"Netherlands")) | Y37: =+Y36+1 -> 10 | Z37: =IF(SUMIFS('Daily Forecast'!D:D,'Daily Forecast'!B:B,$D$25,'Daily Forecast'!F:F,Y37,'Daily Forecast'!A:A,"Netherlands")=0,"",SUMIFS('Daily Forecast'!D:D,'Daily Forecast'!B:B,$D$25,'Daily Forecast'!F:F,Y37,'Daily Forecast'!A:A,"Netherlands")) -> 56 | AA37: =IFERROR(AD37/$J37,AD37) -> 60.400726 | AB37: =IFERROR(AE37/$J37,AE37) -> 60.827586 | AC37: =IFERROR(AF37/$J37,AF37) -> 36.496552 | AD37: =IFERROR(IF(S37="",Z37*$AD$29,S37*J37),0) -> 55.607018 | AE37: =IFERROR(IF(S37="",Z37*$AE$29,S37*J37),0) -> 56 | AF37: =IFERROR(IF(S37="",Z37*$AF$29,S37*J37),0) -> 33.6 | AI37: 4 | AJ37: 1 | AL37: 1
A38: =+A37+1 -> 11 | D38: 0.45833333 | E38: 56 | F38: 69 | G38: 68 | H38: 58 | I38: =IFERROR(Table1[[#This Row],[Volume Actual]]/Table1[[#This Row],[Volume Forcasted]],"") -> 1.2321429 | J38: =IFERROR(H38/G38,"") -> 0.85294118 | K38: =+IFERROR(Table1[[#This Row],[Volume Handled]]/Table1[[#This Row],[Volume Actual]],"") -> 0.98550725 | L38: 312.77941 | Q38: =(O38+N38)/M38 -> #DIV/0! | S38: =IF(SUMIFS('Daily Storm Data 2'!I:I,'Daily Storm Data 2'!$A:$A,$D$25,'Daily Storm Data 2'!$G:$G,$A38,'Daily Storm Data 2'!$E:$E,"Netherlands")=0,"",SUMIFS('Daily Storm Data 2'!I:I,'Daily Storm Data 2'!$A:$A,$D$25,'Daily Storm Data 2'!$G:$G,$A38,'Daily Storm Data 2'!$E:$E,"Netherlands")) | Y38: =+Y37+1 -> 11 | Z38: =IF(SUMIFS('Daily Forecast'!D:D,'Daily Forecast'!B:B,$D$25,'Daily Forecast'!F:F,Y38,'Daily Forecast'!A:A,"Netherlands")=0,"",SUMIFS('Daily Forecast'!D:D,'Daily Forecast'!B:B,$D$25,'Daily Forecast'!F:F,Y38,'Daily Forecast'!A:A,"Netherlands")) -> 56 | AA38: =IFERROR(AD38/$J38,AD38) -> 65.194434 | AB38: =IFERROR(AE38/$J38,AE38) -> 65.655172 | AC38: =IFERROR(AF38/$J38,AF38) -> 39.393103 | AD38: =IFERROR(IF(S38="",Z38*$AD$29,S38*J38),0) -> 55.607018 | AE38: =IFERROR(IF(S38="",Z38*$AE$29,S38*J38),0) -> 56 | AF38: =IFERROR(IF(S38="",Z38*$AF$29,S38*J38),0) -> 33.6 | AI38: 6 | AJ38: 8 | AL38: 8
A39: =+A38+1 -> 12 | D39: 0.5 | E39: 60 | F39: 61 | G39: 61 | H39: 58 | I39: =IFERROR(Table1[[#This Row],[Volume Actual]]/Table1[[#This Row],[Volume Forcasted]],"") -> 1.0166667 | J39: =IFERROR(H39/G39,"") -> 0.95081967 | K39: =+IFERROR(Table1[[#This Row],[Volume Handled]]/Table1[[#This Row],[Volume Actual]],"") -> 1 | L39: 263.80328 | Q39: =(O39+N39)/M39 -> #DIV/0! | S39: =IF(SUMIFS('Daily Storm Data 2'!I:I,'Daily Storm Data 2'!$A:$A,$D$25,'Daily Storm Data 2'!$G:$G,$A39,'Daily Storm Data 2'!$E:$E,"Netherlands")=0,"",SUMIFS('Daily Storm Data 2'!I:I,'Daily Storm Data 2'!$A:$A,$D$25,'Daily Storm Data 2'!$G:$G,$A39,'Daily Storm Data 2'!$E:$E,"Netherlands")) | Y39: =+Y38+1 -> 12 | Z39: =IF(SUMIFS('Daily Forecast'!D:D,'Daily Forecast'!B:B,$D$25,'Daily Forecast'!F:F,Y39,'Daily Forecast'!A:A,"Netherlands")=0,"",SUMIFS('Daily Forecast'!D:D,'Daily Forecast'!B:B,$D$25,'Daily Forecast'!F:F,Y39,'Daily Forecast'!A:A,"Netherlands")) -> 60 | AA39: =IFERROR(AD39/$J39,AD39) -> 62.660617 | AB39: =IFERROR(AE39/$J39,AE39) -> 63.103448 | AC39: =IFERROR(AF39/$J39,AF39) -> 37.862069 | AD39: =IFERROR(IF(S39="",Z39*$AD$29,S39*J39),0) -> 59.578947 | AE39: =IFERROR(IF(S39="",Z39*$AE$29,S39*J39),0) -> 60 | AF39: =IFERROR(IF(S39="",Z39*$AF$29,S39*J39),0) -> 36 | AI39: 7 | AJ39: 42 | AL39: 42
A40: =+A39+1 -> 13 | D40: 0.54166667 | E40: 62 | F40: 58 | G40: 58 | H40: 54 | I40: =IFERROR(Table1[[#This Row],[Volume Actual]]/Table1[[#This Row],[Volume Forcasted]],"") -> 0.93548387 | J40: =IFERROR(H40/G40,"") -> 0.93103448 | K40: =+IFERROR(Table1[[#This Row],[Volume Handled]]/Table1[[#This Row],[Volume Actual]],"") -> 1 | L40: 275.51724 | Q40: =(O40+N40)/M40 -> #DIV/0! | S40: =IF(SUMIFS('Daily Storm Data 2'!I:I,'Daily Storm Data 2'!$A:$A,$D$25,'Daily Storm Data 2'!$G:$G,$A40,'Daily Storm Data 2'!$E:$E,"Netherlands")=0,"",SUMIFS('Daily Storm Data 2'!I:I,'Daily Storm Data 2'!$A:$A,$D$25,'Daily Storm Data 2'!$G:$G,$A40,'Daily Storm Data 2'!$E:$E,"Netherlands")) | Z40: =IF(SUMIFS('Daily Forecast'!D:D,'Daily Forecast'!B:B,$D$25,'Daily Forecast'!F:F,Y40,'Daily Forecast'!A:A,"Netherlands")=0,"",SUMIFS('Daily Forecast'!D:D,'Daily Forecast'!B:B,$D$25,'Daily Forecast'!F:F,Y40,'Daily Forecast'!A:A,"Netherlands")) | AA40: =IFERROR(AD40/$J40,AD40) -> 0 | AB40: =IFERROR(AE40/$J40,AE40) -> 0 | AC40: =IFERROR(AF40/$J40,AF40) -> 0 | AD40: =IFERROR(IF(S40="",Z40*$AD$29,S40*J40),0) -> 0 | AE40: =IFERROR(IF(S40="",Z40*$AE$29,S40*J40),0) -> 0 | AF40: =IFERROR(IF(S40="",Z40*$AF$29,S40*J40),0) -> 0 | AI40: 8 | AJ40: 82 | AL40: 82
A41: =+A40+1 -> 14 | D41: 0.58333333 | E41: 54 | F41: 53 | G41: 53 | H41: 52 | I41: =IFERROR(Table1[[#This Row],[Volume Actual]]/Table1[[#This Row],[Volume Forcasted]],"") -> 0.98148148 | J41: =IFERROR(H41/G41,"") -> 0.98113208 | K41: =+IFERROR(Table1[[#This Row],[Volume Handled]]/Table1[[#This Row],[Volume Actual]],"") -> 1 | L41: 367.07547 | Q41: =(O41+N41)/M41 -> #DIV/0! | S41: =IF(SUMIFS('Daily Storm Data 2'!I:I,'Daily Storm Data 2'!$A:$A,$D$25,'Daily Storm Data 2'!$G:$G,$A41,'Daily Storm Data 2'!$E:$E,"Netherlands")=0,"",SUMIFS('Daily Storm Data 2'!I:I,'Daily Storm Data 2'!$A:$A,$D$25,'Daily Storm Data 2'!$G:$G,$A41,'Daily Storm Data 2'!$E:$E,"Netherlands")) | Z41: =IF(SUMIFS('Daily Forecast'!D:D,'Daily Forecast'!B:B,$D$25,'Daily Forecast'!F:F,Y41,'Daily Forecast'!A:A,"Netherlands")=0,"",SUMIFS('Daily Forecast'!D:D,'Daily Forecast'!B:B,$D$25,'Daily Forecast'!F:F,Y41,'Daily Forecast'!A:A,"Netherlands")) | AA41: =IFERROR(AD41/$J41,AD41) -> 0 | AB41: =IFERROR(AE41/$J41,AE41) -> 0 | AC41: =IFERROR(AF41/$J41,AF41) -> 0 | AD41: =IFERROR(IF(S41="",Z41*$AD$29,S41*J41),0) -> 0 | AE41: =IFERROR(IF(S41="",Z41*$AE$29,S41*J41),0) -> 0 | AF41: =IFERROR(IF(S41="",Z41*$AF$29,S41*J41),0) -> 0 | AI41: 9 | AJ41: 92 | AL41: 92
A42: =+A41+1 -> 15 | D42: 0.625 | E42: 46 | F42: 66 | G42: 66 | H42: 60 | I42: =IFERROR(Table1[[#This Row],[Volume Actual]]/Table1[[#This Row],[Volume Forcasted]],"") -> 1.4347826 | J42: =IFERROR(H42/G42,"") -> 0.90909091 | K42: =+IFERROR(Table1[[#This Row],[Volume Handled]]/Table1[[#This Row],[Volume Actual]],"") -> 1 | L42: 305.92424 | Q42: =(O42+N42)/M42 -> #DIV/0! | S42: =IF(SUMIFS('Daily Storm Data 2'!I:I,'Daily Storm Data 2'!$A:$A,$D$25,'Daily Storm Data 2'!$G:$G,$A42,'Daily Storm Data 2'!$E:$E,"Netherlands")=0,"",SUMIFS('Daily Storm Data 2'!I:I,'Daily Storm Data 2'!$A:$A,$D$25,'Daily Storm Data 2'!$G:$G,$A42,'Daily Storm Data 2'!$E:$E,"Netherlands")) | Z42: =IF(SUMIFS('Daily Forecast'!D:D,'Daily Forecast'!B:B,$D$25,'Daily Forecast'!F:F,Y42,'Daily Forecast'!A:A,"Netherlands")=0,"",SUMIFS('Daily Forecast'!D:D,'Daily Forecast'!B:B,$D$25,'Daily Forecast'!F:F,Y42,'Daily Forecast'!A:A,"Netherlands")) | AA42: =IFERROR(AD42/$J42,AD42) -> 0 | AB42: =IFERROR(AE42/$J42,AE42) -> 0 | AC42: =IFERROR(AF42/$J42,AF42) -> 0 | AD42: =IFERROR(IF(S42="",Z42*$AD$29,S42*J42),0) -> 0 | AE42: =IFERROR(IF(S42="",Z42*$AE$29,S42*J42),0) -> 0 | AF42: =IFERROR(IF(S42="",Z42*$AF$29,S42*J42),0) -> 0 | AI42: 10 | AJ42: 98 | AL42: 98
A43: =+A42+1 -> 16 | D43: 0.66666667 | E43: 37 | F43: 54 | G43: 54 | H43: 52 | I43: =IFERROR(Table1[[#This Row],[Volume Actual]]/Table1[[#This Row],[Volume Forcasted]],"") -> 1.4594595 | J43: =IFERROR(H43/G43,"") -> 0.96296296 | K43: =+IFERROR(Table1[[#This Row],[Volume Handled]]/Table1[[#This Row],[Volume Actual]],"") -> 1 | L43: 283.40741 | Q43: =(O43+N43)/M43 -> #DIV/0! | S43: =IF(SUMIFS('Daily Storm Data 2'!I:I,'Daily Storm Data 2'!$A:$A,$D$25,'Daily Storm Data 2'!$G:$G,$A43,'Daily Storm Data 2'!$E:$E,"Netherlands")=0,"",SUMIFS('Daily Storm Data 2'!I:I,'Daily Storm Data 2'!$A:$A,$D$25,'Daily Storm Data 2'!$G:$G,$A43,'Daily Storm Data 2'!$E:$E,"Netherlands")) | Z43: =IF(SUMIFS('Daily Forecast'!D:D,'Daily Forecast'!B:B,$D$25,'Daily Forecast'!F:F,Y43,'Daily Forecast'!A:A,"Netherlands")=0,"",SUMIFS('Daily Forecast'!D:D,'Daily Forecast'!B:B,$D$25,'Daily Forecast'!F:F,Y43,'Daily Forecast'!A:A,"Netherlands")) | AA43: =IFERROR(AD43/$J43,AD43) -> 0 | AB43: =IFERROR(AE43/$J43,AE43) -> 0 | AC43: =IFERROR(AF43/$J43,AF43) -> 0 | AD43: =IFERROR(IF(S43="",Z43*$AD$29,S43*J43),0) -> 0 | AE43: =IFERROR(IF(S43="",Z43*$AE$29,S43*J43),0) -> 0 | AF43: =IFERROR(IF(S43="",Z43*$AF$29,S43*J43),0) -> 0
D44: 0.70833333 | E44: 29 | F44: 46 | G44: 46 | H44: 38 | I44: =IFERROR(Table1[[#This Row],[Volume Actual]]/Table1[[#This Row],[Volume Forcasted]],"") -> 1.5862069 | J44: =IFERROR(H44/G44,"") -> 0.82608696 | K44: =+IFERROR(Table1[[#This Row],[Volume Handled]]/Table1[[#This Row],[Volume Actual]],"") -> 1 | L44: 269.67391 | Q44: =(O44+N44)/M44 -> #DIV/0! | S44: =IF(SUMIFS('Daily Storm Data 2'!I:I,'Daily Storm Data 2'!$A:$A,$D$25,'Daily Storm Data 2'!$G:$G,$A44,'Daily Storm Data 2'!$E:$E,"Netherlands")=0,"",SUMIFS('Daily Storm Data 2'!I:I,'Daily Storm Data 2'!$A:$A,$D$25,'Daily Storm Data 2'!$G:$G,$A44,'Daily Storm Data 2'!$E:$E,"Netherlands")) | Z44: =IF(SUMIFS('Daily Forecast'!D:D,'Daily Forecast'!B:B,$D$25,'Daily Forecast'!F:F,Y44,'Daily Forecast'!A:A,"Netherlands")=0,"",SUMIFS('Daily Forecast'!D:D,'Daily Forecast'!B:B,$D$25,'Daily Forecast'!F:F,Y44,'Daily Forecast'!A:A,"Netherlands")) | AA44: =IFERROR(AD44/$J44,AD44) -> 0 | AB44: =IFERROR(AE44/$J44,AE44) -> 0 | AC44: =IFERROR(AF44/$J44,AF44) -> 0 | AD44: =IFERROR(IF(S44="",Z44*$AD$29,S44*J44),0) -> 0 | AE44: =IFERROR(IF(S44="",Z44*$AE$29,S44*J44),0) -> 0 | AF44: =IFERROR(IF(S44="",Z44*$AF$29,S44*J44),0) -> 0
D45: 0.75 | E45: 26 | F45: =IFERROR(GETPIVOTDATA("Calls Answered",'[1]Croisé NL'!$A$29,"Date",$D$25,"Heures ([Call Date/Time])",$A45),"") | G45: =IFERROR(GETPIVOTDATA("Calls Answered",'[1]Croisé NL'!$A$68,"Date",$D$25,"Heures ([Call Date/Time])",$A45),"") | H45: =IFERROR(GETPIVOTDATA(" Call in SL",'[1]Croisé NL'!$A$29,"Date",$D$25,"Heures ([Call Date/Time])",$A45),"") | I45: =IFERROR(Table1[[#This Row],[Volume Actual]]/Table1[[#This Row],[Volume Forcasted]],"") | J45: =IFERROR(H45/G45,"") | K45: =+IFERROR(Table1[[#This Row],[Volume Handled]]/Table1[[#This Row],[Volume Actual]],"") | L45: =IFERROR(GETPIVOTDATA(" AHT",'[1]Croisé NL'!$A$29,"Date",$D$25,"Heures ([Call Date/Time])",$A45),"") | Q45: =(O45+N45)/M45 -> #DIV/0! | S45: =IF(SUMIFS('Daily Storm Data 2'!I:I,'Daily Storm Data 2'!$A:$A,$D$25,'Daily Storm Data 2'!$G:$G,$A45,'Daily Storm Data 2'!$E:$E,"Netherlands")=0,"",SUMIFS('Daily Storm Data 2'!I:I,'Daily Storm Data 2'!$A:$A,$D$25,'Daily Storm Data 2'!$G:$G,$A45,'Daily Storm Data 2'!$E:$E,"Netherlands")) | Z45: =IF(SUMIFS('Daily Forecast'!D:D,'Daily Forecast'!B:B,$D$25,'Daily Forecast'!F:F,Y45,'Daily Forecast'!A:A,"Netherlands")=0,"",SUMIFS('Daily Forecast'!D:D,'Daily Forecast'!B:B,$D$25,'Daily Forecast'!F:F,Y45,'Daily Forecast'!A:A,"Netherlands")) | AA45: =IFERROR(AD45/$J45,AD45) -> 0 | AB45: =IFERROR(AE45/$J45,AE45) -> 0 | AC45: =IFERROR(AF45/$J45,AF45) -> 0 | AD45: =IFERROR(IF(S45="",Z45*$AD$29,S45*J45),0) -> 0 | AE45: =IFERROR(IF(S45="",Z45*$AE$29,S45*J45),0) -> 0 | AF45: =IFERROR(IF(S45="",Z45*$AF$29,S45*J45),0) -> 0
D46: 0.79166667 | E46: 23 | F46: =IFERROR(GETPIVOTDATA("Calls Answered",'[1]Croisé NL'!$A$29,"Date",$D$25,"Heures ([Call Date/Time])",$A46),"") | G46: =IFERROR(GETPIVOTDATA("Calls Answered",'[1]Croisé NL'!$A$68,"Date",$D$25,"Heures ([Call Date/Time])",$A46),"") | H46: =IFERROR(GETPIVOTDATA(" Call in SL",'[1]Croisé NL'!$A$29,"Date",$D$25,"Heures ([Call Date/Time])",$A46),"") | I46: =IFERROR(Table1[[#This Row],[Volume Actual]]/Table1[[#This Row],[Volume Forcasted]],"") | J46: =IFERROR(H46/G46,"") | K46: =+IFERROR(Table1[[#This Row],[Volume Handled]]/Table1[[#This Row],[Volume Actual]],"") | L46: =IFERROR(GETPIVOTDATA(" AHT",'[1]Croisé NL'!$A$29,"Date",$D$25,"Heures ([Call Date/Time])",$A46),"") | Q46: =(O46+N46)/M46 -> #DIV/0! | S46: =IF(SUMIFS('Daily Storm Data 2'!I:I,'Daily Storm Data 2'!$A:$A,$D$25,'Daily Storm Data 2'!$G:$G,$A46,'Daily Storm Data 2'!$E:$E,"Netherlands")=0,"",SUMIFS('Daily Storm Data 2'!I:I,'Daily Storm Data 2'!$A:$A,$D$25,'Daily Storm Data 2'!$G:$G,$A46,'Daily Storm Data 2'!$E:$E,"Netherlands")) | Z46: =IF(SUMIFS('Daily Forecast'!D:D,'Daily Forecast'!B:B,$D$25,'Daily Forecast'!F:F,Y46,'Daily Forecast'!A:A,"Netherlands")=0,"",SUMIFS('Daily Forecast'!D:D,'Daily Forecast'!B:B,$D$25,'Daily Forecast'!F:F,Y46,'Daily Forecast'!A:A,"Netherlands")) | AA46: =IFERROR(AD46/$J46,AD46) -> 0 | AB46: =IFERROR(AE46/$J46,AE46) -> 0 | AC46: =IFERROR(AF46/$J46,AF46) -> 0 | AD46: =IFERROR(IF(S46="",Z46*$AD$29,S46*J46),0) -> 0 | AE46: =IFERROR(IF(S46="",Z46*$AE$29,S46*J46),0) -> 0 | AF46: =IFERROR(IF(S46="",Z46*$AF$29,S46*J46),0) -> 0
D47: 0.83333333 | E47: 24 | F47: =IFERROR(GETPIVOTDATA("Calls Answered",'[1]Croisé NL'!$A$29,"Date",$D$25,"Heures ([Call Date/Time])",$A47),"") | G47: =IFERROR(GETPIVOTDATA("Calls Answered",'[1]Croisé NL'!$A$68,"Date",$D$25,"Heures ([Call Date/Time])",$A47),"") | H47: =IFERROR(GETPIVOTDATA(" Call in SL",'[1]Croisé NL'!$A$29,"Date",$D$25,"Heures ([Call Date/Time])",$A47),"") | I47: =IFERROR(Table1[[#This Row],[Volume Actual]]/Table1[[#This Row],[Volume Forcasted]],"") | J47: =IFERROR(H47/G47,"") | K47: =+IFERROR(Table1[[#This Row],[Volume Handled]]/Table1[[#This Row],[Volume Actual]],"") | L47: =IFERROR(GETPIVOTDATA(" AHT",'[1]Croisé NL'!$A$29,"Date",$D$25,"Heures ([Call Date/Time])",$A47),"") | Q47: =(O47+N47)/M47 -> #DIV/0! | S47: =IF(SUMIFS('Daily Storm Data 2'!I:I,'Daily Storm Data 2'!$A:$A,$D$25,'Daily Storm Data 2'!$G:$G,$A47,'Daily Storm Data 2'!$E:$E,"Netherlands")=0,"",SUMIFS('Daily Storm Data 2'!I:I,'Daily Storm Data 2'!$A:$A,$D$25,'Daily Storm Data 2'!$G:$G,$A47,'Daily Storm Data 2'!$E:$E,"Netherlands")) | Z47: =IF(SUMIFS('Daily Forecast'!D:D,'Daily Forecast'!B:B,$D$25,'Daily Forecast'!F:F,Y47,'Daily Forecast'!A:A,"Netherlands")=0,"",SUMIFS('Daily Forecast'!D:D,'Daily Forecast'!B:B,$D$25,'Daily Forecast'!F:F,Y47,'Daily Forecast'!A:A,"Netherlands")) | AA47: =IFERROR(AD47/$J47,AD47) -> 0 | AB47: =IFERROR(AE47/$J47,AE47) -> 0 | AC47: =IFERROR(AF47/$J47,AF47) -> 0 | AD47: =IFERROR(IF(S47="",Z47*$AD$29,S47*J47),0) -> 0 | AE47: =IFERROR(IF(S47="",Z47*$AE$29,S47*J47),0) -> 0 | AF47: =IFERROR(IF(S47="",Z47*$AF$29,S47*J47),0) -> 0
D48: 0.875 | E48: 11 | F48: =IFERROR(GETPIVOTDATA("Calls Answered",'[1]Croisé NL'!$A$29,"Date",$D$25,"Heures ([Call Date/Time])",$A48),"") | G48: =IFERROR(GETPIVOTDATA("Calls Answered",'[1]Croisé NL'!$A$68,"Date",$D$25,"Heures ([Call Date/Time])",$A48),"") | H48: =IFERROR(GETPIVOTDATA(" Call in SL",'[1]Croisé NL'!$A$29,"Date",$D$25,"Heures ([Call Date/Time])",$A48),"") | I48: =IFERROR(Table1[[#This Row],[Volume Actual]]/Table1[[#This Row],[Volume Forcasted]],"") | J48: =IFERROR(H48/G48,"") | K48: =+IFERROR(Table1[[#This Row],[Volume Handled]]/Table1[[#This Row],[Volume Actual]],"") | L48: =IFERROR(GETPIVOTDATA(" AHT",'[1]Croisé NL'!$A$29,"Date",$D$25,"Heures ([Call Date/Time])",$A48),"") | Q48: =(O48+N48)/M48 -> #DIV/0! | S48: =IF(SUMIFS('Daily Storm Data 2'!I:I,'Daily Storm Data 2'!$A:$A,$D$25,'Daily Storm Data 2'!$G:$G,$A48,'Daily Storm Data 2'!$E:$E,"Netherlands")=0,"",SUMIFS('Daily Storm Data 2'!I:I,'Daily Storm Data 2'!$A:$A,$D$25,'Daily Storm Data 2'!$G:$G,$A48,'Daily Storm Data 2'!$E:$E,"Netherlands")) | Z48: =IF(SUMIFS('Daily Forecast'!D:D,'Daily Forecast'!B:B,$D$25,'Daily Forecast'!F:F,Y48,'Daily Forecast'!A:A,"Netherlands")=0,"",SUMIFS('Daily Forecast'!D:D,'Daily Forecast'!B:B,$D$25,'Daily Forecast'!F:F,Y48,'Daily Forecast'!A:A,"Netherlands")) | AA48: =IFERROR(AD48/$J48,AD48) -> 0 | AB48: =IFERROR(AE48/$J48,AE48) -> 0 | AC48: =IFERROR(AF48/$J48,AF48) -> 0 | AD48: =IFERROR(IF(S48="",Z48*$AD$29,S48*J48),0) -> 0 | AE48: =IFERROR(IF(S48="",Z48*$AE$29,S48*J48),0) -> 0 | AF48: =IFERROR(IF(S48="",Z48*$AF$29,S48*J48),0) -> 0
D49: 0.91666667 | E49: 9 | F49: =IFERROR(GETPIVOTDATA("Calls Answered",'[1]Croisé NL'!$A$29,"Date",$D$25,"Heures ([Call Date/Time])",$A49),"") | G49: =IFERROR(GETPIVOTDATA("Calls Answered",'[1]Croisé NL'!$A$68,"Date",$D$25,"Heures ([Call Date/Time])",$A49),"") | H49: =IFERROR(GETPIVOTDATA(" Call in SL",'[1]Croisé NL'!$A$29,"Date",$D$25,"Heures ([Call Date/Time])",$A49),"") | I49: =IFERROR(Table1[[#This Row],[Volume Actual]]/Table1[[#This Row],[Volume Forcasted]],"") | J49: =IFERROR(H49/G49,"") | K49: =+IFERROR(Table1[[#This Row],[Volume Handled]]/Table1[[#This Row],[Volume Actual]],"") | L49: =IFERROR(GETPIVOTDATA(" AHT",'[1]Croisé NL'!$A$29,"Date",$D$25,"Heures ([Call Date/Time])",$A49),"") | Q49: =(O49+N49)/M49 -> #DIV/0! | S49: =IF(SUMIFS('Daily Storm Data 2'!I:I,'Daily Storm Data 2'!$A:$A,$D$25,'Daily Storm Data 2'!$G:$G,$A49,'Daily Storm Data 2'!$E:$E,"Netherlands")=0,"",SUMIFS('Daily Storm Data 2'!I:I,'Daily Storm Data 2'!$A:$A,$D$25,'Daily Storm Data 2'!$G:$G,$A49,'Daily Storm Data 2'!$E:$E,"Netherlands")) | Z49: =IF(SUMIFS('Daily Forecast'!D:D,'Daily Forecast'!B:B,$D$25,'Daily Forecast'!F:F,Y49,'Daily Forecast'!A:A,"Netherlands")=0,"",SUMIFS('Daily Forecast'!D:D,'Daily Forecast'!B:B,$D$25,'Daily Forecast'!F:F,Y49,'Daily Forecast'!A:A,"Netherlands")) | AA49: =IFERROR(AD49/$J49,AD49) -> 0 | AB49: =IFERROR(AE49/$J49,AE49) -> 0 | AC49: =IFERROR(AF49/$J49,AF49) -> 0 | AD49: =IFERROR(IF(S49="",Z49*$AD$29,S49*J49),0) -> 0 | AE49: =IFERROR(IF(S49="",Z49*$AE$29,S49*J49),0) -> 0 | AF49: =IFERROR(IF(S49="",Z49*$AF$29,S49*J49),0) -> 0
D50: 0.95833333 | G50: =IFERROR(GETPIVOTDATA("Calls Answered",'[1]Croisé NL'!$A$68,"Date",$D$25,"Heures ([Call Date/Time])",$A50),"") | H50: =SUMIFS('Daily Storm Data 2'!K:K,'Daily Storm Data 2'!$A:$A,$D$25,'Daily Storm Data 2'!$G:$G,$A50,'Daily Storm Data 2'!$E:$E,"Netherlands") -> 0 | I50: =IFERROR(Table1[[#This Row],[Volume Actual]]/Table1[[#This Row],[Volume Forcasted]],"") | J50: =IFERROR(H50/S50,"") | K50: =+IFERROR(Table1[[#This Row],[Volume Handled]]/Table1[[#This Row],[Volume Actual]],"") | L50: =SUMIFS('Daily Storm Data 2'!O:O,'Daily Storm Data 2'!$A:$A,$D$25,'Daily Storm Data 2'!$G:$G,$A50,'Daily Storm Data 2'!$E:$E,"Netherlands") -> 0 | Q50: =(O50+N50)/M50 -> #DIV/0! | S50: =IF(SUMIFS('Daily Storm Data 2'!I:I,'Daily Storm Data 2'!$A:$A,$D$25,'Daily Storm Data 2'!$G:$G,$A50,'Daily Storm Data 2'!$E:$E,"Netherlands")=0,"",SUMIFS('Daily Storm Data 2'!I:I,'Daily Storm Data 2'!$A:$A,$D$25,'Daily Storm Data 2'!$G:$G,$A50,'Daily Storm Data 2'!$E:$E,"Netherlands")) | W50: 1 | Y50: =+Y49+1 -> 1 | AA50: =AD50/$J50 -> #VALUE! | AB50: =AE50/$J50 -> #VALUE! | AC50: =AF50/$J50 -> #VALUE! | AF50: =IFERROR(IF(F50="",Z50*$AF$29,F50*J50),0) -> 0
D51: 1 | G51: =IFERROR(GETPIVOTDATA("Calls Answered",'[1]Croisé NL'!$A$68,"Date",$D$25,"Heures ([Call Date/Time])",$A51),"") | H51: =SUMIFS('Daily Storm Data 2'!K:K,'Daily Storm Data 2'!$A:$A,$D$25,'Daily Storm Data 2'!$G:$G,$A51,'Daily Storm Data 2'!$E:$E,"Netherlands") -> 0 | I51: =IFERROR(Table1[[#This Row],[Volume Actual]]/Table1[[#This Row],[Volume Forcasted]],"") | J51: =IFERROR(H51/S51,"") | K51: =+IFERROR(Table1[[#This Row],[Volume Handled]]/Table1[[#This Row],[Volume Actual]],"") | L51: =SUMIFS('Daily Storm Data 2'!O:O,'Daily Storm Data 2'!$A:$A,$D$25,'Daily Storm Data 2'!$G:$G,$A51,'Daily Storm Data 2'!$E:$E,"Netherlands") -> 0 | Q51: =(O51+N51)/M51 -> #DIV/0! | S51: =IF(SUMIFS('Daily Storm Data 2'!I:I,'Daily Storm Data 2'!$A:$A,$D$25,'Daily Storm Data 2'!$G:$G,$A51,'Daily Storm Data 2'!$E:$E,"Netherlands")=0,"",SUMIFS('Daily Storm Data 2'!I:I,'Daily Storm Data 2'!$A:$A,$D$25,'Daily Storm Data 2'!$G:$G,$A51,'Daily Storm Data 2'!$E:$E,"Netherlands")) | Y51: =+Y50+1 -> 2 | AA51: =AD51/$J51 -> #VALUE! | AB51: =AE51/$J51 -> #VALUE! | AC51: =AF51/$J51 -> #VALUE! | AF51: =IFERROR(IF(F51="",Z51*$AF$29,F51*J51),0) -> 0
D52: 1.0416667 | G52: =IFERROR(GETPIVOTDATA("Calls Answered",'[1]Croisé NL'!$A$68,"Date",$D$25,"Heures ([Call Date/Time])",$A52),"") | H52: =SUMIFS('Daily Storm Data 2'!K:K,'Daily Storm Data 2'!$A:$A,$D$25,'Daily Storm Data 2'!$G:$G,$A52,'Daily Storm Data 2'!$E:$E,"Netherlands") -> 0 | I52: =IFERROR(Table1[[#This Row],[Volume Actual]]/Table1[[#This Row],[Volume Forcasted]],"") | J52: =IFERROR(H52/S52,"") | K52: =+IFERROR(Table1[[#This Row],[Volume Handled]]/Table1[[#This Row],[Volume Actual]],"") | L52: =SUMIFS('Daily Storm Data 2'!O:O,'Daily Storm Data 2'!$A:$A,$D$25,'Daily Storm Data 2'!$G:$G,$A52,'Daily Storm Data 2'!$E:$E,"Netherlands") -> 0 | Q52: =(O52+N52)/M52 -> #DIV/0! | S52: =IF(SUMIFS('Daily Storm Data 2'!I:I,'Daily Storm Data 2'!$A:$A,$D$25,'Daily Storm Data 2'!$G:$G,$A52,'Daily Storm Data 2'!$E:$E,"Netherlands")=0,"",SUMIFS('Daily Storm Data 2'!I:I,'Daily Storm Data 2'!$A:$A,$D$25,'Daily Storm Data 2'!$G:$G,$A52,'Daily Storm Data 2'!$E:$E,"Netherlands")) | Y52: =+Y51+1 -> 3 | AA52: =AD52/$J52 -> #VALUE! | AB52: =AE52/$J52 -> #VALUE! | AC52: =AF52/$J52 -> #VALUE! | AF52: =IFERROR(IF(F52="",Z52*$AF$29,F52*J52),0) -> 0
D53: 1.0833333 | G53: =IFERROR(GETPIVOTDATA("Calls Answered",'[1]Croisé NL'!$A$68,"Date",$D$25,"Heures ([Call Date/Time])",$A53),"") | H53: =SUMIFS('Daily Storm Data 2'!K:K,'Daily Storm Data 2'!$A:$A,$D$25,'Daily Storm Data 2'!$G:$G,$A53,'Daily Storm Data 2'!$E:$E,"Netherlands") -> 0 | I53: =IFERROR(Table1[[#This Row],[Volume Actual]]/Table1[[#This Row],[Volume Forcasted]],"") | J53: =IFERROR(H53/S53,"") | K53: =+IFERROR(Table1[[#This Row],[Volume Handled]]/Table1[[#This Row],[Volume Actual]],"") | L53: =SUMIFS('Daily Storm Data 2'!O:O,'Daily Storm Data 2'!$A:$A,$D$25,'Daily Storm Data 2'!$G:$G,$A53,'Daily Storm Data 2'!$E:$E,"Netherlands") -> 0 | Q53: =(O53+N53)/M53 -> #DIV/0! | S53: =IF(SUMIFS('Daily Storm Data 2'!I:I,'Daily Storm Data 2'!$A:$A,$D$25,'Daily Storm Data 2'!$G:$G,$A53,'Daily Storm Data 2'!$E:$E,"Netherlands")=0,"",SUMIFS('Daily Storm Data 2'!I:I,'Daily Storm Data 2'!$A:$A,$D$25,'Daily Storm Data 2'!$G:$G,$A53,'Daily Storm Data 2'!$E:$E,"Netherlands")) | Y53: =+Y52+1 -> 4 | AA53: =AD53/$J53 -> #VALUE! | AB53: =AE53/$J53 -> #VALUE! | AC53: =AF53/$J53 -> #VALUE! | AF53: =IFERROR(IF(F53="",Z53*$AF$29,F53*J53),0) -> 0
D54: 1.125 | G54: =IFERROR(GETPIVOTDATA("Calls Answered",'[1]Croisé NL'!$A$68,"Date",$D$25,"Heures ([Call Date/Time])",$A54),"") | H54: =SUMIFS('Daily Storm Data 2'!K:K,'Daily Storm Data 2'!$A:$A,$D$25,'Daily Storm Data 2'!$G:$G,$A54,'Daily Storm Data 2'!$E:$E,"Netherlands") -> 0 | I54: =IFERROR(Table1[[#This Row],[Volume Actual]]/Table1[[#This Row],[Volume Forcasted]],"") | J54: =IFERROR(H54/S54,"") | K54: =+IFERROR(Table1[[#This Row],[Volume Handled]]/Table1[[#This Row],[Volume Actual]],"") | L54: =SUMIFS('Daily Storm Data 2'!O:O,'Daily Storm Data 2'!$A:$A,$D$25,'Daily Storm Data 2'!$G:$G,$A54,'Daily Storm Data 2'!$E:$E,"Netherlands") -> 0 | Q54: =(O54+N54)/M54 -> #DIV/0! | S54: =IF(SUMIFS('Daily Storm Data 2'!I:I,'Daily Storm Data 2'!$A:$A,$D$25,'Daily Storm Data 2'!$G:$G,$A54,'Daily Storm Data 2'!$E:$E,"Netherlands")=0,"",SUMIFS('Daily Storm Data 2'!I:I,'Daily Storm Data 2'!$A:$A,$D$25,'Daily Storm Data 2'!$G:$G,$A54,'Daily Storm Data 2'!$E:$E,"Netherlands")) | Y54: =+Y53+1 -> 5 | AA54: =AD54/$J54 -> #VALUE! | AB54: =AE54/$J54 -> #VALUE! | AC54: =AF54/$J54 -> #VALUE! | AF54: =IFERROR(IF(F54="",Z54*$AF$29,F54*J54),0) -> 0
D55: 1.1666667 | G55: =IFERROR(GETPIVOTDATA("Calls Answered",'[1]Croisé NL'!$A$68,"Date",$D$25,"Heures ([Call Date/Time])",$A55),"") | H55: =SUMIFS('Daily Storm Data 2'!K:K,'Daily Storm Data 2'!$A:$A,$D$25,'Daily Storm Data 2'!$G:$G,$A55,'Daily Storm Data 2'!$E:$E,"Netherlands") -> 0 | I55: =IFERROR(Table1[[#This Row],[Volume Actual]]/Table1[[#This Row],[Volume Forcasted]],"") | J55: =IFERROR(H55/S55,"") | K55: =+IFERROR(Table1[[#This Row],[Volume Handled]]/Table1[[#This Row],[Volume Actual]],"") | L55: =SUMIFS('Daily Storm Data 2'!O:O,'Daily Storm Data 2'!$A:$A,$D$25,'Daily Storm Data 2'!$G:$G,$A55,'Daily Storm Data 2'!$E:$E,"Netherlands") -> 0 | Q55: =(O55+N55)/M55 -> #DIV/0! | S55: =IF(SUMIFS('Daily Storm Data 2'!I:I,'Daily Storm Data 2'!$A:$A,$D$25,'Daily Storm Data 2'!$G:$G,$A55,'Daily Storm Data 2'!$E:$E,"Netherlands")=0,"",SUMIFS('Daily Storm Data 2'!I:I,'Daily Storm Data 2'!$A:$A,$D$25,'Daily Storm Data 2'!$G:$G,$A55,'Daily Storm Data 2'!$E:$E,"Netherlands")) | Y55: =+Y54+1 -> 6 | AA55: =AD55/$J55 -> #VALUE! | AB55: =AE55/$J55 -> #VALUE! | AC55: =AF55/$J55 -> #VALUE! | AF55: =IFERROR(IF(F55="",Z55*$AF$29,F55*J55),0) -> 0
D56: 1.2083333 | G56: =IFERROR(GETPIVOTDATA("Calls Answered",'[1]Croisé NL'!$A$68,"Date",$D$25,"Heures ([Call Date/Time])",$A56),"") | H56: =SUMIFS('Daily Storm Data 2'!K:K,'Daily Storm Data 2'!$A:$A,$D$25,'Daily Storm Data 2'!$G:$G,$A56,'Daily Storm Data 2'!$E:$E,"Netherlands") -> 0 | I56: =IFERROR(Table1[[#This Row],[Volume Actual]]/Table1[[#This Row],[Volume Forcasted]],"") | J56: =IFERROR(H56/S56,"") | K56: =+IFERROR(Table1[[#This Row],[Volume Handled]]/Table1[[#This Row],[Volume Actual]],"") | L56: =SUMIFS('Daily Storm Data 2'!O:O,'Daily Storm Data 2'!$A:$A,$D$25,'Daily Storm Data 2'!$G:$G,$A56,'Daily Storm Data 2'!$E:$E,"Netherlands") -> 0 | Q56: =(O56+N56)/M56 -> #DIV/0! | S56: =IF(SUMIFS('Daily Storm Data 2'!I:I,'Daily Storm Data 2'!$A:$A,$D$25,'Daily Storm Data 2'!$G:$G,$A56,'Daily Storm Data 2'!$E:$E,"Netherlands")=0,"",SUMIFS('Daily Storm Data 2'!I:I,'Daily Storm Data 2'!$A:$A,$D$25,'Daily Storm Data 2'!$G:$G,$A56,'Daily Storm Data 2'!$E:$E,"Netherlands")) | Y56: =+Y55+1 -> 7 | AA56: =AD56/$J56 -> #VALUE! | AB56: =AE56/$J56 -> #VALUE! | AC56: =AF56/$J56 -> #VALUE! | AF56: =IFERROR(IF(F56="",Z56*$AF$29,F56*J56),0) -> 0
D57: 1.25 | G57: =IFERROR(GETPIVOTDATA("Calls Answered",'[1]Croisé NL'!$A$68,"Date",$D$25,"Heures ([Call Date/Time])",$A57),"") | H57: =SUMIFS('Daily Storm Data 2'!K:K,'Daily Storm Data 2'!$A:$A,$D$25,'Daily Storm Data 2'!$G:$G,$A57,'Daily Storm Data 2'!$E:$E,"Netherlands") -> 0 | I57: =IFERROR(Table1[[#This Row],[Volume Actual]]/Table1[[#This Row],[Volume Forcasted]],"") | J57: =IFERROR(H57/S57,"") | K57: =+IFERROR(Table1[[#This Row],[Volume Handled]]/Table1[[#This Row],[Volume Actual]],"") | L57: =SUMIFS('Daily Storm Data 2'!O:O,'Daily Storm Data 2'!$A:$A,$D$25,'Daily Storm Data 2'!$G:$G,$A57,'Daily Storm Data 2'!$E:$E,"Netherlands") -> 0 | Q57: =(O57+N57)/M57 -> #DIV/0! | S57: =IF(SUMIFS('Daily Storm Data 2'!I:I,'Daily Storm Data 2'!$A:$A,$D$25,'Daily Storm Data 2'!$G:$G,$A57,'Daily Storm Data 2'!$E:$E,"Netherlands")=0,"",SUMIFS('Daily Storm Data 2'!I:I,'Daily Storm Data 2'!$A:$A,$D$25,'Daily Storm Data 2'!$G:$G,$A57,'Daily Storm Data 2'!$E:$E,"Netherlands")) | Y57: =+Y56+1 -> 8 | AA57: =AD57/$J57 -> #VALUE! | AB57: =AE57/$J57 -> #VALUE! | AC57: =AF57/$J57 -> #VALUE! | AF57: =IFERROR(IF(F57="",Z57*$AF$29,F57*J57),0) -> 0
D58: 1.2916667 | G58: =IFERROR(GETPIVOTDATA("Calls Answered",'[1]Croisé NL'!$A$68,"Date",$D$25,"Heures ([Call Date/Time])",$A58),"") | H58: =SUMIFS('Daily Storm Data 2'!K:K,'Daily Storm Data 2'!$A:$A,$D$25,'Daily Storm Data 2'!$G:$G,$A58,'Daily Storm Data 2'!$E:$E,"Netherlands") -> 0 | I58: =IFERROR(Table1[[#This Row],[Volume Actual]]/Table1[[#This Row],[Volume Forcasted]],"") | J58: =IFERROR(H58/S58,"") | K58: =+IFERROR(Table1[[#This Row],[Volume Handled]]/Table1[[#This Row],[Volume Actual]],"") | L58: =SUMIFS('Daily Storm Data 2'!O:O,'Daily Storm Data 2'!$A:$A,$D$25,'Daily Storm Data 2'!$G:$G,$A58,'Daily Storm Data 2'!$E:$E,"Netherlands") -> 0 | Q58: =(O58+N58)/M58 -> #DIV/0! | S58: =IF(SUMIFS('Daily Storm Data 2'!I:I,'Daily Storm Data 2'!$A:$A,$D$25,'Daily Storm Data 2'!$G:$G,$A58,'Daily Storm Data 2'!$E:$E,"Netherlands")=0,"",SUMIFS('Daily Storm Data 2'!I:I,'Daily Storm Data 2'!$A:$A,$D$25,'Daily Storm Data 2'!$G:$G,$A58,'Daily Storm Data 2'!$E:$E,"Netherlands")) | Y58: =+Y57+1 -> 9 | AA58: =AD58/$J58 -> #VALUE! | AB58: =AE58/$J58 -> #VALUE! | AC58: =AF58/$J58 -> #VALUE! | AF58: =IFERROR(IF(F58="",Z58*$AF$29,F58*J58),0) -> 0
D59: 1.3333333 | G59: =IFERROR(GETPIVOTDATA("Calls Answered",'[1]Croisé NL'!$A$68,"Date",$D$25,"Heures ([Call Date/Time])",$A59),"") | H59: =SUMIFS('Daily Storm Data 2'!K:K,'Daily Storm Data 2'!$A:$A,$D$25,'Daily Storm Data 2'!$G:$G,$A59,'Daily Storm Data 2'!$E:$E,"Netherlands") -> 0 | I59: =IFERROR(Table1[[#This Row],[Volume Actual]]/Table1[[#This Row],[Volume Forcasted]],"") | J59: =IFERROR(H59/S59,"") | K59: =+IFERROR(Table1[[#This Row],[Volume Handled]]/Table1[[#This Row],[Volume Actual]],"") | L59: =SUMIFS('Daily Storm Data 2'!O:O,'Daily Storm Data 2'!$A:$A,$D$25,'Daily Storm Data 2'!$G:$G,$A59,'Daily Storm Data 2'!$E:$E,"Netherlands") -> 0 | Q59: =(O59+N59)/M59 -> #DIV/0! | S59: =IF(SUMIFS('Daily Storm Data 2'!I:I,'Daily Storm Data 2'!$A:$A,$D$25,'Daily Storm Data 2'!$G:$G,$A59,'Daily Storm Data 2'!$E:$E,"Netherlands")=0,"",SUMIFS('Daily Storm Data 2'!I:I,'Daily Storm Data 2'!$A:$A,$D$25,'Daily Storm Data 2'!$G:$G,$A59,'Daily Storm Data 2'!$E:$E,"Netherlands")) | Y59: =+Y58+1 -> 10 | AA59: =AD59/$J59 -> #VALUE! | AB59: =AE59/$J59 -> #VALUE! | AC59: =AF59/$J59 -> #VALUE! | AF59: =IFERROR(IF(F59="",Z59*$AF$29,F59*J59),0) -> 0
D60: 1.375 | G60: =IFERROR(GETPIVOTDATA("Calls Answered",'[1]Croisé NL'!$A$68,"Date",$D$25,"Heures ([Call Date/Time])",$A60),"") | H60: =SUMIFS('Daily Storm Data 2'!K:K,'Daily Storm Data 2'!$A:$A,$D$25,'Daily Storm Data 2'!$G:$G,$A60,'Daily Storm Data 2'!$E:$E,"Netherlands") -> 0 | I60: =IFERROR(Table1[[#This Row],[Volume Actual]]/Table1[[#This Row],[Volume Forcasted]],"") | J60: =IFERROR(H60/S60,"") | K60: =+IFERROR(Table1[[#This Row],[Volume Handled]]/Table1[[#This Row],[Volume Actual]],"") | L60: =SUMIFS('Daily Storm Data 2'!O:O,'Daily Storm Data 2'!$A:$A,$D$25,'Daily Storm Data 2'!$G:$G,$A60,'Daily Storm Data 2'!$E:$E,"Netherlands") -> 0 | Q60: =(O60+N60)/M60 -> #DIV/0! | S60: =IF(SUMIFS('Daily Storm Data 2'!I:I,'Daily Storm Data 2'!$A:$A,$D$25,'Daily Storm Data 2'!$G:$G,$A60,'Daily Storm Data 2'!$E:$E,"Netherlands")=0,"",SUMIFS('Daily Storm Data 2'!I:I,'Daily Storm Data 2'!$A:$A,$D$25,'Daily Storm Data 2'!$G:$G,$A60,'Daily Storm Data 2'!$E:$E,"Netherlands")) | Y60: =+Y59+1 -> 11 | AA60: =AD60/$J60 -> #VALUE! | AB60: =AE60/$J60 -> #VALUE! | AC60: =AF60/$J60 -> #VALUE! | AF60: =IFERROR(IF(F60="",Z60*$AF$29,F60*J60),0) -> 0
D61: 1.4166667 | G61: =IFERROR(GETPIVOTDATA("Calls Answered",'[1]Croisé NL'!$A$68,"Date",$D$25,"Heures ([Call Date/Time])",$A61),"") | H61: =SUMIFS('Daily Storm Data 2'!K:K,'Daily Storm Data 2'!$A:$A,$D$25,'Daily Storm Data 2'!$G:$G,$A61,'Daily Storm Data 2'!$E:$E,"Netherlands") -> 0 | I61: =IFERROR(Table1[[#This Row],[Volume Actual]]/Table1[[#This Row],[Volume Forcasted]],"") | J61: =IFERROR(H61/S61,"") | K61: =+IFERROR(Table1[[#This Row],[Volume Handled]]/Table1[[#This Row],[Volume Actual]],"") | L61: =SUMIFS('Daily Storm Data 2'!O:O,'Daily Storm Data 2'!$A:$A,$D$25,'Daily Storm Data 2'!$G:$G,$A61,'Daily Storm Data 2'!$E:$E,"Netherlands") -> 0 | Q61: =(O61+N61)/M61 -> #DIV/0! | S61: =IF(SUMIFS('Daily Storm Data 2'!I:I,'Daily Storm Data 2'!$A:$A,$D$25,'Daily Storm Data 2'!$G:$G,$A61,'Daily Storm Data 2'!$E:$E,"Netherlands")=0,"",SUMIFS('Daily Storm Data 2'!I:I,'Daily Storm Data 2'!$A:$A,$D$25,'Daily Storm Data 2'!$G:$G,$A61,'Daily Storm Data 2'!$E:$E,"Netherlands")) | Y61: =+Y60+1 -> 12 | AA61: =AD61/$J61 -> #VALUE! | AB61: =AE61/$J61 -> #VALUE! | AC61: =AF61/$J61 -> #VALUE! | AF61: =IFERROR(IF(F61="",Z61*$AF$29,F61*J61),0) -> 0
D62: 1.4583333 | G62: =IFERROR(GETPIVOTDATA("Calls Answered",'[1]Croisé NL'!$A$68,"Date",$D$25,"Heures ([Call Date/Time])",$A62),"") | H62: =SUMIFS('Daily Storm Data 2'!K:K,'Daily Storm Data 2'!$A:$A,$D$25,'Daily Storm Data 2'!$G:$G,$A62,'Daily Storm Data 2'!$E:$E,"Netherlands") -> 0 | I62: =IFERROR(Table1[[#This Row],[Volume Actual]]/Table1[[#This Row],[Volume Forcasted]],"") | J62: =IFERROR(H62/S62,"") | K62: =+IFERROR(Table1[[#This Row],[Volume Handled]]/Table1[[#This Row],[Volume Actual]],"") | L62: =SUMIFS('Daily Storm Data 2'!O:O,'Daily Storm Data 2'!$A:$A,$D$25,'Daily Storm Data 2'!$G:$G,$A62,'Daily Storm Data 2'!$E:$E,"Netherlands") -> 0 | Q62: =(O62+N62)/M62 -> #DIV/0! | S62: =IF(SUMIFS('Daily Storm Data 2'!I:I,'Daily Storm Data 2'!$A:$A,$D$25,'Daily Storm Data 2'!$G:$G,$A62,'Daily Storm Data 2'!$E:$E,"Netherlands")=0,"",SUMIFS('Daily Storm Data 2'!I:I,'Daily Storm Data 2'!$A:$A,$D$25,'Daily Storm Data 2'!$G:$G,$A62,'Daily Storm Data 2'!$E:$E,"Netherlands")) | Y62: =+Y61+1 -> 13 | AA62: =AD62/$J62 -> #VALUE! | AB62: =AE62/$J62 -> #VALUE! | AC62: =AF62/$J62 -> #VALUE! | AF62: =IFERROR(IF(F62="",Z62*$AF$29,F62*J62),0) -> 0
D63: 1.5 | G63: =IFERROR(GETPIVOTDATA("Calls Answered",'[1]Croisé NL'!$A$68,"Date",$D$25,"Heures ([Call Date/Time])",$A63),"") | H63: =SUMIFS('Daily Storm Data 2'!K:K,'Daily Storm Data 2'!$A:$A,$D$25,'Daily Storm Data 2'!$G:$G,$A63,'Daily Storm Data 2'!$E:$E,"Netherlands") -> 0 | I63: =IFERROR(Table1[[#This Row],[Volume Actual]]/Table1[[#This Row],[Volume Forcasted]],"") | J63: =IFERROR(H63/S63,"") | K63: =+IFERROR(Table1[[#This Row],[Volume Handled]]/Table1[[#This Row],[Volume Actual]],"") | L63: =SUMIFS('Daily Storm Data 2'!O:O,'Daily Storm Data 2'!$A:$A,$D$25,'Daily Storm Data 2'!$G:$G,$A63,'Daily Storm Data 2'!$E:$E,"Netherlands") -> 0 | Q63: =(O63+N63)/M63 -> #DIV/0! | S63: =IF(SUMIFS('Daily Storm Data 2'!I:I,'Daily Storm Data 2'!$A:$A,$D$25,'Daily Storm Data 2'!$G:$G,$A63,'Daily Storm Data 2'!$E:$E,"Netherlands")=0,"",SUMIFS('Daily Storm Data 2'!I:I,'Daily Storm Data 2'!$A:$A,$D$25,'Daily Storm Data 2'!$G:$G,$A63,'Daily Storm Data 2'!$E:$E,"Netherlands")) | Y63: =+Y62+1 -> 14 | AA63: =AD63/$J63 -> #VALUE! | AB63: =AE63/$J63 -> #VALUE! | AC63: =AF63/$J63 -> #VALUE! | AF63: =IFERROR(IF(F63="",Z63*$AF$29,F63*J63),0) -> 0
D64: Day till Hour | E64: =SUM(E33:E49) -> 570 | F64: =SUM(F33:F49) -> 566 | G64: =SUM(G33:G49) -> 563 | H64: =SUM(H34:H63) -> 514 | I64: =Table1[[#This Row],[Volume Actual]]/Table1[[#This Row],[Volume Forcasted]] -> 0.99298246 | J64: =IFERROR(H64/G64,"") -> 0.91296625 | L64: =+SUMPRODUCT(F33:F58,L33:L58)/SUM(F33:F58) -> 309.09207 | Q64: =P28 -> #DIV/0! | R64: =SUM(R33:R63) -> 0 | S64: =SUM(S33:S63) -> 0 | V64: Absences | W64: =SUM(W34:W49) -> 0 | Z64: =SUM(Z33:Z49) -> 253 | AA64: =SUM(AA33:AA49) -> 279.43215 | AB64: =SUM(AB33:AB49) -> 281.40694 | AC64: =SUM(AC33:AC49) -> 168.84416 | AD64: =SUM(AD33:AD49)/AA64 -> 0.89905389 | AE64: =SUM(AE33:AE49)/AB64 -> 0.89905389 | AF64: =SUM(AF33:AF49)/AC64 -> 0.89905389
X67: 3
X68: 5
X69: 5
X70: 5
X71: 5
X72: 5
X73: 5
X74: 6
X75: 6
X76: 7
X77: 5
X78: 3
X79: 3
D80: =D25 -> 46270 | X80: 3
X81: 3
D82: TSL | F82: Availability | J82: Deviation | M82: VR | N82: Dispatch | P82: Absence Rate in HC | X82: 3 | AD82: Average Threshold Deviation | AE82: Average Threshold Deviation | AF82: Average Threshold Deviation
D83: =H119/G119 -> 0.84 | F83: =+SUM(G88:G118)/SUM(F88:F118) -> 0.9202454 | J83: =+SUM(F88:F118)/SUM(E88:E118) -> 0.6221374 | M83: 0 | N83: 0 | P83: =K19 -> #DIV/0! | AD83: =J83 -> 0.6221374 | AE83: 1 | AF83: 0.6
D87: Hour | E87: Volume Forcasted | F87: Volume Actual | G87: Volume Handled | H87: Volume Handle in SL | I87: Deviation | J87: SL | K87: Availability | L87: AHT | M87: Planned | N87: Abs | O87: LT Sickness | P87: Late | Q87: % Abs | R87: Extras | Y87: Hour | Z87: Forecast | AA87: Actual Fc scenario 1 | AB87: Actual Fc scenario 2 | AC87: Actual Fc scenario 3 | AD87: Actual deviation until EOD | AE87: 100% deviation until EOD | AF87: 90% deviation until EOD
A88: =IF(A33=0,"Vide",A33) -> Vide | D88: 0.25 | E88: =IF(SUMIFS('Daily Forecast'!D:D,'Daily Forecast'!B:B,$D$25,'Daily Forecast'!F:F,A88,'Daily Forecast'!A:A,"Belgium")=0,"",SUMIFS('Daily Forecast'!D:D,'Daily Forecast'!B:B,$D$25,'Daily Forecast'!F:F,A88,'Daily Forecast'!A:A,"Belgium")) | F88: =IF(SUMIFS('Daily Storm Data 2'!I:I,'Daily Storm Data 2'!$A:$A,$D$25,'Daily Storm Data 2'!$G:$G,$A88,'Daily Storm Data 2'!$E:$E,"Belgium")=0,"",SUMIFS('Daily Storm Data 2'!I:I,'Daily Storm Data 2'!$A:$A,$D$25,'Daily Storm Data 2'!$G:$G,$A88,'Daily Storm Data 2'!$E:$E,"Belgium")) | G88: =SUMIFS('Daily Storm Data 2'!J:J,'Daily Storm Data 2'!$A:$A,$D$25,'Daily Storm Data 2'!$G:$G,$A88,'Daily Storm Data 2'!$E:$E,"Belgium") -> 0 | H88: =SUMIFS('Daily Storm Data 2'!K:K,'Daily Storm Data 2'!$A:$A,$D$25,'Daily Storm Data 2'!$G:$G,$A88,'Daily Storm Data 2'!$E:$E,"Belgium") -> 0 | I88: =IFERROR(Table16[[#This Row],[Volume Actual]]/Table16[[#This Row],[Volume Forcasted]],"") | J88: =IFERROR(H88/G88,"") | K88: =+IFERROR(Table16[[#This Row],[Volume Handled]]/Table16[[#This Row],[Volume Actual]],"") | L88: =SUMIFS('Daily Storm Data 2'!O:O,'Daily Storm Data 2'!$A:$A,$D$25,'Daily Storm Data 2'!$G:$G,$A88,'Daily Storm Data 2'!$E:$E,"Belgium") -> 0 | P88: =IFERROR(Table16[[#This Row],[Abs]]/Table16[[#This Row],[Planned]],"") | Y88: 6 | Z88: =IF(SUMIFS('Daily Forecast'!D:D,'Daily Forecast'!B:B,$D$25,'Daily Forecast'!F:F,Y88,'Daily Forecast'!A:A,"Belgium")=0,"",SUMIFS('Daily Forecast'!D:D,'Daily Forecast'!B:B,$D$25,'Daily Forecast'!F:F,Y88,'Daily Forecast'!A:A,"Belgium")) | AA88: =IFERROR(AD88/$J88,AD88) -> 0 | AB88: =IFERROR(AE88/$J88,AE88) -> 0 | AC88: =IFERROR(AF88/$J88,AF88) -> 0 | AD88: =IFERROR(IF(F88="",Z88*$AD$83,F88*J88),0) -> 0 | AE88: =IFERROR(IF(F88="",Z88*$AE$83,F88*J88),0) -> 0 | AF88: =IFERROR(IF(F88="",Z88*$AF$83,F88*J88),0) -> 0
A89: =IF(A34=0,"Vide",A34) -> 7 | D89: 0.29166667 | E89: 2 | F89: 7 | G89: 1 | H89: 0 | I89: =IFERROR(Table16[[#This Row],[Volume Actual]]/Table16[[#This Row],[Volume Forcasted]],"") -> 3.5 | J89: =IFERROR(H89/G89,"") -> 0 | K89: =+IFERROR(Table16[[#This Row],[Volume Handled]]/Table16[[#This Row],[Volume Actual]],"") -> 0.14285714 | L89: 91 | Q89: =(O89+N89)/M89 -> #DIV/0! | Y89: =+Y88+1 -> 7 | Z89: =IF(SUMIFS('Daily Forecast'!D:D,'Daily Forecast'!B:B,$D$25,'Daily Forecast'!F:F,Y89,'Daily Forecast'!A:A,"Belgium")=0,"",SUMIFS('Daily Forecast'!D:D,'Daily Forecast'!B:B,$D$25,'Daily Forecast'!F:F,Y89,'Daily Forecast'!A:A,"Belgium")) -> 2 | AA89: =IFERROR(AD89/$J89,AD89) -> 0 | AB89: =IFERROR(AE89/$J89,AE89) -> 0 | AC89: =IFERROR(AF89/$J89,AF89) -> 0 | AD89: =IFERROR(IF(F89="",Z89*$AD$83,F89*J89),0) -> 0 | AE89: =IFERROR(IF(F89="",Z89*$AE$83,F89*J89),0) -> 0 | AF89: =IFERROR(IF(F89="",Z89*$AF$83,F89*J89),0) -> 0
A90: =IF(A35=0,"Vide",A35) -> 8 | D90: 0.33333333 | E90: 5 | F90: 17 | G90: 16 | H90: 15 | I90: =IFERROR(Table16[[#This Row],[Volume Actual]]/Table16[[#This Row],[Volume Forcasted]],"") -> 3.4 | J90: =IFERROR(H90/G90,"") -> 0.9375 | K90: =+IFERROR(Table16[[#This Row],[Volume Handled]]/Table16[[#This Row],[Volume Actual]],"") -> 0.94117647 | L90: 318.8125 | Q90: =(O90+N90)/M90 -> #DIV/0! | Y90: =+Y89+1 -> 8 | Z90: =IF(SUMIFS('Daily Forecast'!D:D,'Daily Forecast'!B:B,$D$25,'Daily Forecast'!F:F,Y90,'Daily Forecast'!A:A,"Belgium")=0,"",SUMIFS('Daily Forecast'!D:D,'Daily Forecast'!B:B,$D$25,'Daily Forecast'!F:F,Y90,'Daily Forecast'!A:A,"Belgium")) -> 5 | AA90: =IFERROR(AD90/$J90,AD90) -> 17 | AB90: =IFERROR(AE90/$J90,AE90) -> 17 | AC90: =IFERROR(AF90/$J90,AF90) -> 17 | AD90: =IFERROR(IF(F90="",Z90*$AD$83,F90*J90),0) -> 15.9375 | AE90: =IFERROR(IF(F90="",Z90*$AE$83,F90*J90),0) -> 15.9375 | AF90: =IFERROR(IF(F90="",Z90*$AF$83,F90*J90),0) -> 15.9375
A91: =IF(A36=0,"Vide",A36) -> 9 | D91: 0.375 | E91: 7 | F91: 18 | G91: 15 | H91: 12 | I91: =IFERROR(Table16[[#This Row],[Volume Actual]]/Table16[[#This Row],[Volume Forcasted]],"") -> 2.5714286 | J91: =IFERROR(H91/G91,"") -> 0.8 | K91: =+IFERROR(Table16[[#This Row],[Volume Handled]]/Table16[[#This Row],[Volume Actual]],"") -> 0.83333333 | L91: 436 | Q91: =(O91+N91)/M91 -> #DIV/0! | Y91: =+Y90+1 -> 9 | Z91: =IF(SUMIFS('Daily Forecast'!D:D,'Daily Forecast'!B:B,$D$25,'Daily Forecast'!F:F,Y91,'Daily Forecast'!A:A,"Belgium")=0,"",SUMIFS('Daily Forecast'!D:D,'Daily Forecast'!B:B,$D$25,'Daily Forecast'!F:F,Y91,'Daily Forecast'!A:A,"Belgium")) -> 7 | AA91: =IFERROR(AD91/$J91,AD91) -> 18 | AB91: =IFERROR(AE91/$J91,AE91) -> 18 | AC91: =IFERROR(AF91/$J91,AF91) -> 18 | AD91: =IFERROR(IF(F91="",Z91*$AD$83,F91*J91),0) -> 14.4 | AE91: =IFERROR(IF(F91="",Z91*$AE$83,F91*J91),0) -> 14.4 | AF91: =IFERROR(IF(F91="",Z91*$AF$83,F91*J91),0) -> 14.4
A92: =IF(A37=0,"Vide",A37) -> 10 | D92: 0.41666667 | E92: 13 | F92: 17 | G92: 16 | H92: 9 | I92: =IFERROR(Table16[[#This Row],[Volume Actual]]/Table16[[#This Row],[Volume Forcasted]],"") -> 1.3076923 | J92: =IFERROR(H92/G92,"") -> 0.5625 | K92: =+IFERROR(Table16[[#This Row],[Volume Handled]]/Table16[[#This Row],[Volume Actual]],"") -> 0.94117647 | L92: 414.125 | Q92: =(O92+N92)/M92 -> #DIV/0! | Y92: =+Y91+1 -> 10 | Z92: =IF(SUMIFS('Daily Forecast'!D:D,'Daily Forecast'!B:B,$D$25,'Daily Forecast'!F:F,Y92,'Daily Forecast'!A:A,"Belgium")=0,"",SUMIFS('Daily Forecast'!D:D,'Daily Forecast'!B:B,$D$25,'Daily Forecast'!F:F,Y92,'Daily Forecast'!A:A,"Belgium")) -> 13 | AA92: =IFERROR(AD92/$J92,AD92) -> 17 | AB92: =IFERROR(AE92/$J92,AE92) -> 17 | AC92: =IFERROR(AF92/$J92,AF92) -> 17 | AD92: =IFERROR(IF(F92="",Z92*$AD$83,F92*J92),0) -> 9.5625 | AE92: =IFERROR(IF(F92="",Z92*$AE$83,F92*J92),0) -> 9.5625 | AF92: =IFERROR(IF(F92="",Z92*$AF$83,F92*J92),0) -> 9.5625
A93: =IF(A38=0,"Vide",A38) -> 11 | D93: 0.45833333 | E93: 16 | F93: 24 | G93: 24 | H93: 22 | I93: =IFERROR(Table16[[#This Row],[Volume Actual]]/Table16[[#This Row],[Volume Forcasted]],"") -> 1.5 | J93: =IFERROR(H93/G93,"") -> 0.91666667 | K93: =+IFERROR(Table16[[#This Row],[Volume Handled]]/Table16[[#This Row],[Volume Actual]],"") -> 1 | L93: 251.04167 | Q93: =(O93+N93)/M93 -> #DIV/0! | Y93: =+Y92+1 -> 11 | Z93: =IF(SUMIFS('Daily Forecast'!D:D,'Daily Forecast'!B:B,$D$25,'Daily Forecast'!F:F,Y93,'Daily Forecast'!A:A,"Belgium")=0,"",SUMIFS('Daily Forecast'!D:D,'Daily Forecast'!B:B,$D$25,'Daily Forecast'!F:F,Y93,'Daily Forecast'!A:A,"Belgium")) -> 16 | AA93: =IFERROR(AD93/$J93,AD93) -> 24 | AB93: =IFERROR(AE93/$J93,AE93) -> 24 | AC93: =IFERROR(AF93/$J93,AF93) -> 24 | AD93: =IFERROR(IF(F93="",Z93*$AD$83,F93*J93),0) -> 22 | AE93: =IFERROR(IF(F93="",Z93*$AE$83,F93*J93),0) -> 22 | AF93: =IFERROR(IF(F93="",Z93*$AF$83,F93*J93),0) -> 22
A94: =IF(A39=0,"Vide",A39) -> 12 | D94: 0.5 | E94: 13 | F94: 21 | G94: 20 | H94: 14 | I94: =IFERROR(Table16[[#This Row],[Volume Actual]]/Table16[[#This Row],[Volume Forcasted]],"") -> 1.6153846 | J94: =IFERROR(H94/G94,"") -> 0.7 | K94: =+IFERROR(Table16[[#This Row],[Volume Handled]]/Table16[[#This Row],[Volume Actual]],"") -> 0.95238095 | L94: 250.6 | Q94: =(O94+N94)/M94 -> #DIV/0! | Y94: =+Y93+1 -> 12 | Z94: =IF(SUMIFS('Daily Forecast'!D:D,'Daily Forecast'!B:B,$D$25,'Daily Forecast'!F:F,Y94,'Daily Forecast'!A:A,"Belgium")=0,"",SUMIFS('Daily Forecast'!D:D,'Daily Forecast'!B:B,$D$25,'Daily Forecast'!F:F,Y94,'Daily Forecast'!A:A,"Belgium")) -> 13 | AA94: =IFERROR(AD94/$J94,AD94) -> 21 | AB94: =IFERROR(AE94/$J94,AE94) -> 21 | AC94: =IFERROR(AF94/$J94,AF94) -> 21 | AD94: =IFERROR(IF(F94="",Z94*$AD$83,F94*J94),0) -> 14.7 | AE94: =IFERROR(IF(F94="",Z94*$AE$83,F94*J94),0) -> 14.7 | AF94: =IFERROR(IF(F94="",Z94*$AF$83,F94*J94),0) -> 14.7
A95: =IF(A40=0,"Vide",A40) -> 13 | D95: 0.54166667 | E95: 15 | F95: 19 | G95: 19 | H95: 17 | I95: =IFERROR(Table16[[#This Row],[Volume Actual]]/Table16[[#This Row],[Volume Forcasted]],"") -> 1.2666667 | J95: =IFERROR(H95/G95,"") -> 0.89473684 | K95: =+IFERROR(Table16[[#This Row],[Volume Handled]]/Table16[[#This Row],[Volume Actual]],"") -> 1 | L95: 435.10526 | Q95: =(O95+N95)/M95 -> #DIV/0! | Y95: =+Y94+1 -> 13 | Z95: =IF(SUMIFS('Daily Forecast'!D:D,'Daily Forecast'!B:B,$D$25,'Daily Forecast'!F:F,Y95,'Daily Forecast'!A:A,"Belgium")=0,"",SUMIFS('Daily Forecast'!D:D,'Daily Forecast'!B:B,$D$25,'Daily Forecast'!F:F,Y95,'Daily Forecast'!A:A,"Belgium")) -> 15 | AA95: =IFERROR(AD95/$J95,AD95) -> 19 | AB95: =IFERROR(AE95/$J95,AE95) -> 19 | AC95: =IFERROR(AF95/$J95,AF95) -> 19 | AD95: =IFERROR(IF(F95="",Z95*$AD$83,F95*J95),0) -> 17 | AE95: =IFERROR(IF(F95="",Z95*$AE$83,F95*J95),0) -> 17 | AF95: =IFERROR(IF(F95="",Z95*$AF$83,F95*J95),0) -> 17
A96: =IF(A41=0,"Vide",A41) -> 14 | D96: 0.58333333 | E96: 17 | F96: 7 | G96: 6 | H96: 6 | I96: =IFERROR(Table16[[#This Row],[Volume Actual]]/Table16[[#This Row],[Volume Forcasted]],"") -> 0.41176471 | J96: =IFERROR(H96/G96,"") -> 1 | K96: =+IFERROR(Table16[[#This Row],[Volume Handled]]/Table16[[#This Row],[Volume Actual]],"") -> 0.85714286 | L96: 388.16667 | Q96: =(O96+N96)/M96 -> #DIV/0! | Y96: =+Y95+1 -> 14 | Z96: =IF(SUMIFS('Daily Forecast'!D:D,'Daily Forecast'!B:B,$D$25,'Daily Forecast'!F:F,Y96,'Daily Forecast'!A:A,"Belgium")=0,"",SUMIFS('Daily Forecast'!D:D,'Daily Forecast'!B:B,$D$25,'Daily Forecast'!F:F,Y96,'Daily Forecast'!A:A,"Belgium")) -> 17 | AA96: =IFERROR(AD96/$J96,AD96) -> 7 | AB96: =IFERROR(AE96/$J96,AE96) -> 7 | AC96: =IFERROR(AF96/$J96,AF96) -> 7 | AD96: =IFERROR(IF(F96="",Z96*$AD$83,F96*J96),0) -> 7 | AE96: =IFERROR(IF(F96="",Z96*$AE$83,F96*J96),0) -> 7 | AF96: =IFERROR(IF(F96="",Z96*$AF$83,F96*J96),0) -> 7
A97: =IF(A42=0,"Vide",A42) -> 15 | D97: 0.625 | E97: 9 | F97: 10 | G97: 10 | H97: 9 | I97: =IFERROR(Table16[[#This Row],[Volume Actual]]/Table16[[#This Row],[Volume Forcasted]],"") -> 1.1111111 | J97: =IFERROR(H97/G97,"") -> 0.9 | K97: =+IFERROR(Table16[[#This Row],[Volume Handled]]/Table16[[#This Row],[Volume Actual]],"") -> 1 | L97: 316.7 | Q97: =(O97+N97)/M97 -> #DIV/0! | Y97: =+Y96+1 -> 15 | Z97: =IF(SUMIFS('Daily Forecast'!D:D,'Daily Forecast'!B:B,$D$25,'Daily Forecast'!F:F,Y97,'Daily Forecast'!A:A,"Belgium")=0,"",SUMIFS('Daily Forecast'!D:D,'Daily Forecast'!B:B,$D$25,'Daily Forecast'!F:F,Y97,'Daily Forecast'!A:A,"Belgium")) -> 9 | AA97: =IFERROR(AD97/$J97,AD97) -> 10 | AB97: =IFERROR(AE97/$J97,AE97) -> 10 | AC97: =IFERROR(AF97/$J97,AF97) -> 10 | AD97: =IFERROR(IF(F97="",Z97*$AD$83,F97*J97),0) -> 9 | AE97: =IFERROR(IF(F97="",Z97*$AE$83,F97*J97),0) -> 9 | AF97: =IFERROR(IF(F97="",Z97*$AF$83,F97*J97),0) -> 9
A98: =IF(A43=0,"Vide",A43) -> 16 | D98: 0.66666667 | E98: 12 | F98: 17 | G98: 17 | H98: 17 | I98: =IFERROR(Table16[[#This Row],[Volume Actual]]/Table16[[#This Row],[Volume Forcasted]],"") -> 1.4166667 | J98: =IFERROR(H98/G98,"") -> 1 | K98: =+IFERROR(Table16[[#This Row],[Volume Handled]]/Table16[[#This Row],[Volume Actual]],"") -> 1 | L98: 253.64706 | Q98: =(O98+N98)/M98 -> #DIV/0! | Y98: =+Y97+1 -> 16 | Z98: =IF(SUMIFS('Daily Forecast'!D:D,'Daily Forecast'!B:B,$D$25,'Daily Forecast'!F:F,Y98,'Daily Forecast'!A:A,"Belgium")=0,"",SUMIFS('Daily Forecast'!D:D,'Daily Forecast'!B:B,$D$25,'Daily Forecast'!F:F,Y98,'Daily Forecast'!A:A,"Belgium")) -> 12 | AA98: =IFERROR(AD98/$J98,AD98) -> 17 | AB98: =IFERROR(AE98/$J98,AE98) -> 17 | AC98: =IFERROR(AF98/$J98,AF98) -> 17 | AD98: =IFERROR(IF(F98="",Z98*$AD$83,F98*J98),0) -> 17 | AE98: =IFERROR(IF(F98="",Z98*$AE$83,F98*J98),0) -> 17 | AF98: =IFERROR(IF(F98="",Z98*$AF$83,F98*J98),0) -> 17
A99: =IF(A44=0,"Vide",A44) -> Vide | D99: 0.70833333 | E99: 8 | F99: 6 | G99: 6 | H99: 5 | I99: =IFERROR(Table16[[#This Row],[Volume Actual]]/Table16[[#This Row],[Volume Forcasted]],"") -> 0.75 | J99: =IFERROR(H99/G99,"") -> 0.83333333 | K99: =+IFERROR(Table16[[#This Row],[Volume Handled]]/Table16[[#This Row],[Volume Actual]],"") -> 1 | L99: 492 | Q99: =(O99+N99)/M99 -> #DIV/0! | W99: 1 | Y99: =+Y98+1 -> 17 | Z99: =IF(SUMIFS('Daily Forecast'!D:D,'Daily Forecast'!B:B,$D$25,'Daily Forecast'!F:F,Y99,'Daily Forecast'!A:A,"Belgium")=0,"",SUMIFS('Daily Forecast'!D:D,'Daily Forecast'!B:B,$D$25,'Daily Forecast'!F:F,Y99,'Daily Forecast'!A:A,"Belgium")) -> 8 | AA99: =IFERROR(AD99/$J99,AD99) -> 6 | AB99: =IFERROR(AE99/$J99,AE99) -> 6 | AC99: =IFERROR(AF99/$J99,AF99) -> 6 | AD99: =IFERROR(IF(F99="",Z99*$AD$83,F99*J99),0) -> 5 | AE99: =IFERROR(IF(F99="",Z99*$AE$83,F99*J99),0) -> 5 | AF99: =IFERROR(IF(F99="",Z99*$AF$83,F99*J99),0) -> 5
A100: =IF(A45=0,"Vide",A45) -> Vide | D100: 0.75 | E100: 11 | F100: =IFERROR(GETPIVOTDATA("Calls Answered",'[1]Croisé VL'!$A$29,"Date",$D$25,"Heures ([Call Date/Time])",$A100),"") | G100: =IFERROR(GETPIVOTDATA("Calls Answered",'[1]Croisé VL'!$A$68,"Date",$D$25,"Heures ([Call Date/Time])",$A100),"") | H100: =IFERROR(GETPIVOTDATA(" Call in SL",'[1]Croisé VL'!$A$29,"Date",$D$25,"Heures ([Call Date/Time])",$A100),"") | I100: =IFERROR(Table16[[#This Row],[Volume Actual]]/Table16[[#This Row],[Volume Forcasted]],"") | J100: =IFERROR(H100/G100,"") | K100: =+IFERROR(Table16[[#This Row],[Volume Handled]]/Table16[[#This Row],[Volume Actual]],"") | L100: =IFERROR(GETPIVOTDATA(" AHT",'[1]Croisé VL'!$A$29,"Date",$D$25,"Heures ([Call Date/Time])",$A100),"") | Q100: =(O100+N100)/M100 -> #DIV/0! | W100: 1 | Y100: =+Y99+1 -> 18 | Z100: =IF(SUMIFS('Daily Forecast'!D:D,'Daily Forecast'!B:B,$D$25,'Daily Forecast'!F:F,Y100,'Daily Forecast'!A:A,"Belgium")=0,"",SUMIFS('Daily Forecast'!D:D,'Daily Forecast'!B:B,$D$25,'Daily Forecast'!F:F,Y100,'Daily Forecast'!A:A,"Belgium")) -> 11 | AA100: =IFERROR(AD100/$J100,AD100) -> 6.8435115 | AB100: =IFERROR(AE100/$J100,AE100) -> 11 | AC100: =IFERROR(AF100/$J100,AF100) -> 6.6 | AD100: =IFERROR(IF(F100="",Z100*$AD$83,F100*J100),0) -> 6.8435115 | AE100: =IFERROR(IF(F100="",Z100*$AE$83,F100*J100),0) -> 11 | AF100: =IFERROR(IF(F100="",Z100*$AF$83,F100*J100),0) -> 6.6
A101: =IF(A46=0,"Vide",A46) -> Vide | D101: 0.79166667 | E101: 6 | F101: =IFERROR(GETPIVOTDATA("Calls Answered",'[1]Croisé VL'!$A$29,"Date",$D$25,"Heures ([Call Date/Time])",$A101),"") | G101: =IFERROR(GETPIVOTDATA("Calls Answered",'[1]Croisé VL'!$A$68,"Date",$D$25,"Heures ([Call Date/Time])",$A101),"") | H101: =IFERROR(GETPIVOTDATA(" Call in SL",'[1]Croisé VL'!$A$29,"Date",$D$25,"Heures ([Call Date/Time])",$A101),"") | I101: =IFERROR(Table16[[#This Row],[Volume Actual]]/Table16[[#This Row],[Volume Forcasted]],"") | J101: =IFERROR(H101/G101,"") | K101: =+IFERROR(Table16[[#This Row],[Volume Handled]]/Table16[[#This Row],[Volume Actual]],"") | L101: =IFERROR(GETPIVOTDATA(" AHT",'[1]Croisé VL'!$A$29,"Date",$D$25,"Heures ([Call Date/Time])",$A101),"") | Q101: =(O101+N101)/M101 -> #DIV/0! | W101: 1 | Y101: =+Y100+1 -> 19 | Z101: =IF(SUMIFS('Daily Forecast'!D:D,'Daily Forecast'!B:B,$D$25,'Daily Forecast'!F:F,Y101,'Daily Forecast'!A:A,"Belgium")=0,"",SUMIFS('Daily Forecast'!D:D,'Daily Forecast'!B:B,$D$25,'Daily Forecast'!F:F,Y101,'Daily Forecast'!A:A,"Belgium")) -> 6 | AA101: =IFERROR(AD101/$J101,AD101) -> 3.7328244 | AB101: =IFERROR(AE101/$J101,AE101) -> 6 | AC101: =IFERROR(AF101/$J101,AF101) -> 3.6 | AD101: =IFERROR(IF(F101="",Z101*$AD$83,F101*J101),0) -> 3.7328244 | AE101: =IFERROR(IF(F101="",Z101*$AE$83,F101*J101),0) -> 6 | AF101: =IFERROR(IF(F101="",Z101*$AF$83,F101*J101),0) -> 3.6
A102: =IF(A47=0,"Vide",A47) -> Vide | D102: 0.83333333 | E102: 6 | F102: =IFERROR(GETPIVOTDATA("Calls Answered",'[1]Croisé VL'!$A$29,"Date",$D$25,"Heures ([Call Date/Time])",$A102),"") | G102: =IFERROR(GETPIVOTDATA("Calls Answered",'[1]Croisé VL'!$A$68,"Date",$D$25,"Heures ([Call Date/Time])",$A102),"") | H102: =IFERROR(GETPIVOTDATA(" Call in SL",'[1]Croisé VL'!$A$29,"Date",$D$25,"Heures ([Call Date/Time])",$A102),"") | I102: =IFERROR(Table16[[#This Row],[Volume Actual]]/Table16[[#This Row],[Volume Forcasted]],"") | J102: =IFERROR(H102/G102,"") | K102: =+IFERROR(Table16[[#This Row],[Volume Handled]]/Table16[[#This Row],[Volume Actual]],"") | L102: =IFERROR(GETPIVOTDATA(" AHT",'[1]Croisé VL'!$A$29,"Date",$D$25,"Heures ([Call Date/Time])",$A102),"") | Q102: =(O102+N102)/M102 -> #DIV/0! | W102: 1 | Y102: =+Y101+1 -> 20 | Z102: =IF(SUMIFS('Daily Forecast'!D:D,'Daily Forecast'!B:B,$D$25,'Daily Forecast'!F:F,Y102,'Daily Forecast'!A:A,"Belgium")=0,"",SUMIFS('Daily Forecast'!D:D,'Daily Forecast'!B:B,$D$25,'Daily Forecast'!F:F,Y102,'Daily Forecast'!A:A,"Belgium")) -> 6 | AA102: =IFERROR(AD102/$J102,AD102) -> 3.7328244 | AB102: =IFERROR(AE102/$J102,AE102) -> 6 | AC102: =IFERROR(AF102/$J102,AF102) -> 3.6 | AD102: =IFERROR(IF(F102="",Z102*$AD$83,F102*J102),0) -> 3.7328244 | AE102: =IFERROR(IF(F102="",Z102*$AE$83,F102*J102),0) -> 6 | AF102: =IFERROR(IF(F102="",Z102*$AF$83,F102*J102),0) -> 3.6
A103: =IF(A48=0,"Vide",A48) -> Vide | D103: 0.875 | E103: 5 | F103: =IFERROR(GETPIVOTDATA("Calls Answered",'[1]Croisé VL'!$A$29,"Date",$D$25,"Heures ([Call Date/Time])",$A103),"") | G103: =IFERROR(GETPIVOTDATA("Calls Answered",'[1]Croisé VL'!$A$68,"Date",$D$25,"Heures ([Call Date/Time])",$A103),"") | H103: =IFERROR(GETPIVOTDATA(" Call in SL",'[1]Croisé VL'!$A$29,"Date",$D$25,"Heures ([Call Date/Time])",$A103),"") | I103: =IFERROR(Table16[[#This Row],[Volume Actual]]/Table16[[#This Row],[Volume Forcasted]],"") | J103: =IFERROR(H103/G103,"") | K103: =+IFERROR(Table16[[#This Row],[Volume Handled]]/Table16[[#This Row],[Volume Actual]],"") | L103: =IFERROR(GETPIVOTDATA(" AHT",'[1]Croisé VL'!$A$29,"Date",$D$25,"Heures ([Call Date/Time])",$A103),"") | Q103: =(O103+N103)/M103 -> #DIV/0! | W103: 0 | Y103: =+Y102+1 -> 21 | Z103: =IF(SUMIFS('Daily Forecast'!D:D,'Daily Forecast'!B:B,$D$25,'Daily Forecast'!F:F,Y103,'Daily Forecast'!A:A,"Belgium")=0,"",SUMIFS('Daily Forecast'!D:D,'Daily Forecast'!B:B,$D$25,'Daily Forecast'!F:F,Y103,'Daily Forecast'!A:A,"Belgium")) -> 5 | AA103: =IFERROR(AD103/$J103,AD103) -> 3.110687 | AB103: =IFERROR(AE103/$J103,AE103) -> 5 | AC103: =IFERROR(AF103/$J103,AF103) -> 3 | AD103: =IFERROR(IF(F103="",Z103*$AD$83,F103*J103),0) -> 3.110687 | AE103: =IFERROR(IF(F103="",Z103*$AE$83,F103*J103),0) -> 5 | AF103: =IFERROR(IF(F103="",Z103*$AF$83,F103*J103),0) -> 3
E104: 117 | F104: =IFERROR(GETPIVOTDATA("Calls Answered",'[1]Croisé VL'!$A$29,"Date",$D$25,"Heures ([Call Date/Time])",$A104),"") | G104: =IFERROR(GETPIVOTDATA("Calls Answered",'[1]Croisé VL'!$A$68,"Date",$D$25,"Heures ([Call Date/Time])",$A104),"") | H104: =IFERROR(GETPIVOTDATA(" Call in SL",'[1]Croisé VL'!$A$29,"Date",$D$25,"Heures ([Call Date/Time])",$A104),"") | I104: =IFERROR(Table1[[#This Row],[Volume Actual]]/Table1[[#This Row],[Volume Forcasted]],"") | J104: =IFERROR(H104/G104,"") | K104: =+IFERROR(Table1[[#This Row],[Volume Handled]]/Table1[[#This Row],[Volume Actual]],"") | L104: =IFERROR(GETPIVOTDATA(" AHT",'[1]Croisé VL'!$A$29,"Date",$D$25,"Heures ([Call Date/Time])",$A104),"") | M104: 5 | W104: 0
F105: =IFERROR(GETPIVOTDATA("Calls Answered",'[1]Croisé VL'!$A$29,"Date",$D$25,"Heures ([Call Date/Time])",$A105),"") | G105: =IFERROR(GETPIVOTDATA("Calls Answered",'[1]Croisé VL'!$A$68,"Date",$D$25,"Heures ([Call Date/Time])",$A105),"") | H105: =IFERROR(GETPIVOTDATA(" Call in SL",'[1]Croisé VL'!$A$29,"Date",$D$25,"Heures ([Call Date/Time])",$A105),"") | I105: =IFERROR(Table1[[#This Row],[Volume Actual]]/Table1[[#This Row],[Volume Forcasted]],"") | J105: =IFERROR(H105/G105,"") | K105: =+IFERROR(Table1[[#This Row],[Volume Handled]]/Table1[[#This Row],[Volume Actual]],"") | L105: =IFERROR(GETPIVOTDATA(" AHT",'[1]Croisé VL'!$A$29,"Date",$D$25,"Heures ([Call Date/Time])",$A105),"") | W105: 0
F106: =IFERROR(GETPIVOTDATA("Calls Answered",'[1]Croisé VL'!$A$29,"Date",$D$25,"Heures ([Call Date/Time])",$A106),"") | G106: =IFERROR(GETPIVOTDATA("Calls Answered",'[1]Croisé VL'!$A$68,"Date",$D$25,"Heures ([Call Date/Time])",$A106),"") | H106: =IFERROR(GETPIVOTDATA(" Call in SL",'[1]Croisé VL'!$A$29,"Date",$D$25,"Heures ([Call Date/Time])",$A106),"") | I106: =IFERROR(Table1[[#This Row],[Volume Actual]]/Table1[[#This Row],[Volume Forcasted]],"") | J106: =IFERROR(H106/G106,"") | K106: =+IFERROR(Table1[[#This Row],[Volume Handled]]/Table1[[#This Row],[Volume Actual]],"") | L106: =IFERROR(GETPIVOTDATA(" AHT",'[1]Croisé VL'!$A$29,"Date",$D$25,"Heures ([Call Date/Time])",$A106),"") | W106: #VALUE!
F107: =IFERROR(GETPIVOTDATA("Calls Answered",'[1]Croisé VL'!$A$29,"Date",$D$25,"Heures ([Call Date/Time])",$A107),"") | G107: =IFERROR(GETPIVOTDATA("Calls Answered",'[1]Croisé VL'!$A$68,"Date",$D$25,"Heures ([Call Date/Time])",$A107),"") | H107: =IFERROR(GETPIVOTDATA(" Call in SL",'[1]Croisé VL'!$A$29,"Date",$D$25,"Heures ([Call Date/Time])",$A107),"") | I107: =IFERROR(Table1[[#This Row],[Volume Actual]]/Table1[[#This Row],[Volume Forcasted]],"") | J107: =IFERROR(H107/G107,"") | K107: =+IFERROR(Table1[[#This Row],[Volume Handled]]/Table1[[#This Row],[Volume Actual]],"") | L107: =IFERROR(GETPIVOTDATA(" AHT",'[1]Croisé VL'!$A$29,"Date",$D$25,"Heures ([Call Date/Time])",$A107),"")
F108: =IFERROR(GETPIVOTDATA("Calls Answered",'[1]Croisé VL'!$A$29,"Date",$D$25,"Heures ([Call Date/Time])",$A108),"") | G108: =IFERROR(GETPIVOTDATA("Calls Answered",'[1]Croisé VL'!$A$68,"Date",$D$25,"Heures ([Call Date/Time])",$A108),"") | H108: =IFERROR(GETPIVOTDATA(" Call in SL",'[1]Croisé VL'!$A$29,"Date",$D$25,"Heures ([Call Date/Time])",$A108),"") | I108: =IFERROR(Table1[[#This Row],[Volume Actual]]/Table1[[#This Row],[Volume Forcasted]],"") | J108: =IFERROR(H108/G108,"") | K108: =+IFERROR(Table1[[#This Row],[Volume Handled]]/Table1[[#This Row],[Volume Actual]],"") | L108: =IFERROR(GETPIVOTDATA(" AHT",'[1]Croisé VL'!$A$29,"Date",$D$25,"Heures ([Call Date/Time])",$A108),"")
F109: =IFERROR(GETPIVOTDATA("Calls Answered",'[1]Croisé VL'!$A$29,"Date",$D$25,"Heures ([Call Date/Time])",$A109),"") | G109: =IFERROR(GETPIVOTDATA("Calls Answered",'[1]Croisé VL'!$A$68,"Date",$D$25,"Heures ([Call Date/Time])",$A109),"") | H109: =IFERROR(GETPIVOTDATA(" Call in SL",'[1]Croisé VL'!$A$29,"Date",$D$25,"Heures ([Call Date/Time])",$A109),"") | I109: =IFERROR(Table1[[#This Row],[Volume Actual]]/Table1[[#This Row],[Volume Forcasted]],"") | J109: =IFERROR(H109/G109,"") | K109: =+IFERROR(Table1[[#This Row],[Volume Handled]]/Table1[[#This Row],[Volume Actual]],"") | L109: =IFERROR(GETPIVOTDATA(" AHT",'[1]Croisé VL'!$A$29,"Date",$D$25,"Heures ([Call Date/Time])",$A109),"")
F110: =IFERROR(GETPIVOTDATA("Calls Answered",'[1]Croisé VL'!$A$29,"Date",$D$25,"Heures ([Call Date/Time])",$A110),"") | G110: =IFERROR(GETPIVOTDATA("Calls Answered",'[1]Croisé VL'!$A$68,"Date",$D$25,"Heures ([Call Date/Time])",$A110),"") | H110: =IFERROR(GETPIVOTDATA(" Call in SL",'[1]Croisé VL'!$A$29,"Date",$D$25,"Heures ([Call Date/Time])",$A110),"") | I110: =IFERROR(Table1[[#This Row],[Volume Actual]]/Table1[[#This Row],[Volume Forcasted]],"") | J110: =IFERROR(H110/G110,"") | K110: =+IFERROR(Table1[[#This Row],[Volume Handled]]/Table1[[#This Row],[Volume Actual]],"") | L110: =IFERROR(GETPIVOTDATA(" AHT",'[1]Croisé VL'!$A$29,"Date",$D$25,"Heures ([Call Date/Time])",$A110),"")
F111: =IFERROR(GETPIVOTDATA("Calls Answered",'[1]Croisé VL'!$A$29,"Date",$D$25,"Heures ([Call Date/Time])",$A111),"") | G111: =IFERROR(GETPIVOTDATA("Calls Answered",'[1]Croisé VL'!$A$68,"Date",$D$25,"Heures ([Call Date/Time])",$A111),"") | H111: =IFERROR(GETPIVOTDATA(" Call in SL",'[1]Croisé VL'!$A$29,"Date",$D$25,"Heures ([Call Date/Time])",$A111),"") | I111: =IFERROR(Table1[[#This Row],[Volume Actual]]/Table1[[#This Row],[Volume Forcasted]],"") | J111: =IFERROR(H111/G111,"") | K111: =+IFERROR(Table1[[#This Row],[Volume Handled]]/Table1[[#This Row],[Volume Actual]],"") | L111: =IFERROR(GETPIVOTDATA(" AHT",'[1]Croisé VL'!$A$29,"Date",$D$25,"Heures ([Call Date/Time])",$A111),"")
F112: =IFERROR(GETPIVOTDATA("Calls Answered",'[1]Croisé VL'!$A$29,"Date",$D$25,"Heures ([Call Date/Time])",$A112),"") | G112: =IFERROR(GETPIVOTDATA("Calls Answered",'[1]Croisé VL'!$A$68,"Date",$D$25,"Heures ([Call Date/Time])",$A112),"") | H112: =IFERROR(GETPIVOTDATA(" Call in SL",'[1]Croisé VL'!$A$29,"Date",$D$25,"Heures ([Call Date/Time])",$A112),"") | I112: =IFERROR(Table1[[#This Row],[Volume Actual]]/Table1[[#This Row],[Volume Forcasted]],"") | J112: =IFERROR(H112/G112,"") | K112: =+IFERROR(Table1[[#This Row],[Volume Handled]]/Table1[[#This Row],[Volume Actual]],"") | L112: =IFERROR(GETPIVOTDATA(" AHT",'[1]Croisé VL'!$A$29,"Date",$D$25,"Heures ([Call Date/Time])",$A112),"")
...

Sheet Feuil6
B5: 1. Delivery Performance
B7: Overall performance in Week 17 remained stable, with Service Level on target, as well as controlled HR KPIs (Attrition & ABS%).
B9: • Service Level
B10: • Actual:
B11: NL 67% vs. Target of 70%
B12: BE 82% vs. Target of 70%
B14: • Forecast vs. received deviation:
B15: On NL, 98% over the week, with a couple of days reaching 114%, and several rush morning intervals exceeding 400% deviation.
B17: • Key drivers:
B19: o Sunday 26th had a significant impact on weekly results due to high deviation linked to the school vacation period
B20: o ABS: NL 2% | BE 2%
B21: o Close monitoring of daily delivery by the Local RTAs, combined with daily scheduling coverage checks
B22: o Ongoing exploration of the new reporting “AGENT SCORE CARD / Agent overview” to track gaps and drive remediation at a granular agent level

Sheet Daily Flash NL (2)
AB3: Traité | AC3: Voice Mail
D4: Global TSL RSA | AA4: Ford NL | AB4: 208 | AC4: 69
D5: =(H51+H106)/(G51+G106) -> 0.43638851 | AA5: Fpord FR | AB5: 199 | AC5: 17
D12: 46169
D14: TSL | F14: Availability | J14: Deviation | P14: Absence Rate in HC
D15: =H51/F51 -> 0.2778626 | F15: =+SUM(G20:G50)/SUM(F20:F50) -> 0.79847328 | J15: =+SUM(F20:F50)/SUM(E20:E50) -> 1.1930783 | P15: =SUM(N20:N50)/SUM(M20:M50) -> 0.62962963 | Z15: Average Threshold Deviation | AA15: Average Threshold Deviation | AB15: Average Threshold Deviation
Z16: =J15 -> 1.1930783 | AA16: 1 | AB16: 0.6
Z18: Scenario 1 | AA18: Scenario 2 | AB18: Scenario 2
D19: Hour | E19: Volume Forcasted | F19: Volume Actual | G19: Volume Handled | H19: Volume Handle in SL | I19: Deviation | J19: SL | K19: Availability | L19: AHT | M19: Planned | N19: Abs | O19: Late | P19: % Abs | S19: Calls over Forecast | U19: Hour | V19: Forecast | W19: Actual Fc scenario 1 | X19: Actual Fc scenario 2 | Y19: Actual Fc scenario 3 | Z19: Actual deviation until EOD | AA19: 100% deviation until EOD | AB19: 90% deviation until EOD
D20: 0.25 | E20: =IF(SUMIFS('Daily Forecast'!D:D,'Daily Forecast'!B:B,'Daily Flash NL (2)'!$D$12,'Daily Forecast'!F:F,A20,'Daily Forecast'!A:A,"Netherlands")=0,"",SUMIFS('Daily Forecast'!D:D,'Daily Forecast'!B:B,'Daily Flash NL (2)'!$D$12,'Daily Forecast'!F:F,A20,'Daily Forecast'!A:A,"Netherlands")) | F20: 8 | G20: =SUMIFS('Daily Storm Data 2'!J:J,'Daily Storm Data 2'!$A:$A,'Daily Flash NL (2)'!$D$12,'Daily Storm Data 2'!$G:$G,'Daily Flash NL (2)'!$A20,'Daily Storm Data 2'!$E:$E,"Netherlands") -> 0 | H20: =SUMIFS('Daily Storm Data 2'!K:K,'Daily Storm Data 2'!$A:$A,'Daily Flash NL (2)'!$D$12,'Daily Storm Data 2'!$G:$G,'Daily Flash NL (2)'!$A20,'Daily Storm Data 2'!$E:$E,"Netherlands") -> 0 | I20: =IFERROR(Table17[[#This Row],[Volume Actual]]/Table17[[#This Row],[Volume Forcasted]],"") | J20: =IFERROR(H20/F20,"") -> 0 | K20: =+IFERROR(Table17[[#This Row],[Volume Handled]]/Table17[[#This Row],[Volume Actual]],"") -> 0 | L20: =SUMIFS('Daily Storm Data 2'!O:O,'Daily Storm Data 2'!$A:$A,'Daily Flash NL (2)'!$D$12,'Daily Storm Data 2'!$G:$G,'Daily Flash NL (2)'!$A20,'Daily Storm Data 2'!$E:$E,"Netherlands") -> 0 | M20: 5 | N20: 1 | P20: =IFERROR(Table17[[#This Row],[Abs]]/Table17[[#This Row],[Planned]],"") -> 0.2 | S20: =Table17[[#This Row],[Volume Actual]]-Table17[[#This Row],[Volume Forcasted]] -> #VALUE! | U20: 6 | V20: =IF(SUMIFS('Daily Forecast'!D:D,'Daily Forecast'!B:B,'Daily Flash NL (2)'!$D$12,'Daily Forecast'!F:F,U20,'Daily Forecast'!A:A,"Netherlands")=0,"",SUMIFS('Daily Forecast'!D:D,'Daily Forecast'!B:B,'Daily Flash NL (2)'!$D$12,'Daily Forecast'!F:F,U20,'Daily Forecast'!A:A,"Netherlands")) -> 6 | W20: =IFERROR(Z20/$J20,Z20) -> 0 | X20: =IFERROR(AA20/$J20,AA20) -> 0 | Y20: =IFERROR(AB20/$J20,AB20) -> 0 | Z20: =IFERROR(IF(F20="",V20*$Z$16,F20*J20),0) -> 0 | AA20: =IFERROR(IF(F20="",V20*$AA$16,F20*J20),0) -> 0 | AB20: =IFERROR(IF(F20="",V20*$AB$16,F20*J20),0) -> 0
A21: 7 | D21: 0.29166667 | E21: =IF(SUMIFS('Daily Forecast'!D:D,'Daily Forecast'!B:B,'Daily Flash NL (2)'!$D$12,'Daily Forecast'!F:F,A21,'Daily Forecast'!A:A,"Netherlands")=0,"",SUMIFS('Daily Forecast'!D:D,'Daily Forecast'!B:B,'Daily Flash NL (2)'!$D$12,'Daily Forecast'!F:F,A21,'Daily Forecast'!A:A,"Netherlands")) -> 15 | F21: =IF(SUMIFS('Daily Storm Data 2'!I:I,'Daily Storm Data 2'!$A:$A,'Daily Flash NL (2)'!$D$12,'Daily Storm Data 2'!$G:$G,'Daily Flash NL (2)'!$A21,'Daily Storm Data 2'!$E:$E,"Netherlands")=0,"",SUMIFS('Daily Storm Data 2'!I:I,'Daily Storm Data 2'!$A:$A,'Daily Flash NL (2)'!$D$12,'Daily Storm Data 2'!$G:$G,'Daily Flash NL (2)'!$A21,'Daily Storm Data 2'!$E:$E,"Netherlands")) -> 20 | G21: =SUMIFS('Daily Storm Data 2'!J:J,'Daily Storm Data 2'!$A:$A,'Daily Flash NL (2)'!$D$12,'Daily Storm Data 2'!$G:$G,'Daily Flash NL (2)'!$A21,'Daily Storm Data 2'!$E:$E,"Netherlands") -> 20 | H21: =SUMIFS('Daily Storm Data 2'!K:K,'Daily Storm Data 2'!$A:$A,'Daily Flash NL (2)'!$D$12,'Daily Storm Data 2'!$G:$G,'Daily Flash NL (2)'!$A21,'Daily Storm Data 2'!$E:$E,"Netherlands") -> 14 | I21: =IFERROR(Table17[[#This Row],[Volume Actual]]/Table17[[#This Row],[Volume Forcasted]],"") -> 1.3333333 | J21: =IFERROR(H21/F21,"") -> 0.7 | K21: =+IFERROR(Table17[[#This Row],[Volume Handled]]/Table17[[#This Row],[Volume Actual]],"") -> 1 | L21: =SUMIFS('Daily Storm Data 2'!O:O,'Daily Storm Data 2'!$A:$A,'Daily Flash NL (2)'!$D$12,'Daily Storm Data 2'!$G:$G,'Daily Flash NL (2)'!$A21,'Daily Storm Data 2'!$E:$E,"Netherlands") -> 288.3908 | M21: 6 | N21: 3 | P21: =IFERROR(Table17[[#This Row],[Abs]]/Table17[[#This Row],[Planned]],"") -> 0.5 | S21: 3 | U21: =+U20+1 -> 7 | V21: =IF(SUMIFS('Daily Forecast'!D:D,'Daily Forecast'!B:B,'Daily Flash NL (2)'!$D$12,'Daily Forecast'!F:F,U21,'Daily Forecast'!A:A,"Netherlands")=0,"",SUMIFS('Daily Forecast'!D:D,'Daily Forecast'!B:B,'Daily Flash NL (2)'!$D$12,'Daily Forecast'!F:F,U21,'Daily Forecast'!A:A,"Netherlands")) -> 15 | W21: =IFERROR(Z21/$J21,Z21) -> 20 | X21: =IFERROR(AA21/$J21,AA21) -> 20 | Y21: =IFERROR(AB21/$J21,AB21) -> 20 | Z21: =IFERROR(IF(F21="",V21*$Z$16,F21*J21),0) -> 14 | AA21: =IFERROR(IF(F21="",V21*$AA$16,F21*J21),0) -> 14 | AB21: =IFERROR(IF(F21="",V21*$AB$16,F21*J21),0) -> 14
A22: =+A21+1 -> 8 | D22: 0.33333333 | E22: =IF(SUMIFS('Daily Forecast'!D:D,'Daily Forecast'!B:B,'Daily Flash NL (2)'!$D$12,'Daily Forecast'!F:F,A22,'Daily Forecast'!A:A,"Netherlands")=0,"",SUMIFS('Daily Forecast'!D:D,'Daily Forecast'!B:B,'Daily Flash NL (2)'!$D$12,'Daily Forecast'!F:F,A22,'Daily Forecast'!A:A,"Netherlands")) -> 42 | F22: =IF(SUMIFS('Daily Storm Data 2'!I:I,'Daily Storm Data 2'!$A:$A,'Daily Flash NL (2)'!$D$12,'Daily Storm Data 2'!$G:$G,'Daily Flash NL (2)'!$A22,'Daily Storm Data 2'!$E:$E,"Netherlands")=0,"",SUMIFS('Daily Storm Data 2'!I:I,'Daily Storm Data 2'!$A:$A,'Daily Flash NL (2)'!$D$12,'Daily Storm Data 2'!$G:$G,'Daily Flash NL (2)'!$A22,'Daily Storm Data 2'!$E:$E,"Netherlands")) -> 67 | G22: =SUMIFS('Daily Storm Data 2'!J:J,'Daily Storm Data 2'!$A:$A,'Daily Flash NL (2)'!$D$12,'Daily Storm Data 2'!$G:$G,'Daily Flash NL (2)'!$A22,'Daily Storm Data 2'!$E:$E,"Netherlands") -> 50 | H22: =SUMIFS('Daily Storm Data 2'!K:K,'Daily Storm Data 2'!$A:$A,'Daily Flash NL (2)'!$D$12,'Daily Storm Data 2'!$G:$G,'Daily Flash NL (2)'!$A22,'Daily Storm Data 2'!$E:$E,"Netherlands") -> 9 | I22: =IFERROR(Table17[[#This Row],[Volume Actual]]/Table17[[#This Row],[Volume Forcasted]],"") -> 1.5952381 | J22: =IFERROR(H22/F22,"") -> 0.13432836 | K22: =+IFERROR(Table17[[#This Row],[Volume Handled]]/Table17[[#This Row],[Volume Actual]],"") -> 0.74626866 | L22: =SUMIFS('Daily Storm Data 2'!O:O,'Daily Storm Data 2'!$A:$A,'Daily Flash NL (2)'!$D$12,'Daily Storm Data 2'!$G:$G,'Daily Flash NL (2)'!$A22,'Daily Storm Data 2'!$E:$E,"Netherlands") -> 151.0559 | M22: 11 | N22: 7 | P22: =IFERROR(Table17[[#This Row],[Abs]]/Table17[[#This Row],[Planned]],"") -> 0.63636364 | S22: 5 | U22: =+U21+1 -> 8 | V22: =IF(SUMIFS('Daily Forecast'!D:D,'Daily Forecast'!B:B,'Daily Flash NL (2)'!$D$12,'Daily Forecast'!F:F,U22,'Daily Forecast'!A:A,"Netherlands")=0,"",SUMIFS('Daily Forecast'!D:D,'Daily Forecast'!B:B,'Daily Flash NL (2)'!$D$12,'Daily Forecast'!F:F,U22,'Daily Forecast'!A:A,"Netherlands")) -> 42 | W22: =IFERROR(Z22/$J22,Z22) -> 67 | X22: =IFERROR(AA22/$J22,AA22) -> 67 | Y22: =IFERROR(AB22/$J22,AB22) -> 67 | Z22: =IFERROR(IF(F22="",V22*$Z$16,F22*J22),0) -> 9 | AA22: =IFERROR(IF(F22="",V22*$AA$16,F22*J22),0) -> 9 | AB22: =IFERROR(IF(F22="",V22*$AB$16,F22*J22),0) -> 9 | AE22: Étiquettes de lignes | AF22: I | AG22: (vide) | AH22: Total général
A23: =+A22+1 -> 9 | D23: 0.375 | E23: =IF(SUMIFS('Daily Forecast'!D:D,'Daily Forecast'!B:B,'Daily Flash NL (2)'!$D$12,'Daily Forecast'!F:F,A23,'Daily Forecast'!A:A,"Netherlands")=0,"",SUMIFS('Daily Forecast'!D:D,'Daily Forecast'!B:B,'Daily Flash NL (2)'!$D$12,'Daily Forecast'!F:F,A23,'Daily Forecast'!A:A,"Netherlands")) -> 62 | F23: =IF(SUMIFS('Daily Storm Data 2'!I:I,'Daily Storm Data 2'!$A:$A,'Daily Flash NL (2)'!$D$12,'Daily Storm Data 2'!$G:$G,'Daily Flash NL (2)'!$A23,'Daily Storm Data 2'!$E:$E,"Netherlands")=0,"",SUMIFS('Daily Storm Data 2'!I:I,'Daily Storm Data 2'!$A:$A,'Daily Flash NL (2)'!$D$12,'Daily Storm Data 2'!$G:$G,'Daily Flash NL (2)'!$A23,'Daily Storm Data 2'!$E:$E,"Netherlands")) -> 88 | G23: =SUMIFS('Daily Storm Data 2'!J:J,'Daily Storm Data 2'!$A:$A,'Daily Flash NL (2)'!$D$12,'Daily Storm Data 2'!$G:$G,'Daily Flash NL (2)'!$A23,'Daily Storm Data 2'!$E:$E,"Netherlands") -> 49 | H23: =SUMIFS('Daily Storm Data 2'!K:K,'Daily Storm Data 2'!$A:$A,'Daily Flash NL (2)'!$D$12,'Daily Storm Data 2'!$G:$G,'Daily Flash NL (2)'!$A23,'Daily Storm Data 2'!$E:$E,"Netherlands") -> 0 | I23: =IFERROR(Table17[[#This Row],[Volume Actual]]/Table17[[#This Row],[Volume Forcasted]],"") -> 1.4193548 | J23: =IFERROR(H23/F23,"") -> 0 | K23: =+IFERROR(Table17[[#This Row],[Volume Handled]]/Table17[[#This Row],[Volume Actual]],"") -> 0.55681818 | L23: =SUMIFS('Daily Storm Data 2'!O:O,'Daily Storm Data 2'!$A:$A,'Daily Flash NL (2)'!$D$12,'Daily Storm Data 2'!$G:$G,'Daily Flash NL (2)'!$A23,'Daily Storm Data 2'!$E:$E,"Netherlands") -> 240.45225 | M23: 14 | N23: 10 | P23: =IFERROR(Table17[[#This Row],[Abs]]/Table17[[#This Row],[Planned]],"") -> 0.71428571 | S23: 5 | U23: =+U22+1 -> 9 | V23: =IF(SUMIFS('Daily Forecast'!D:D,'Daily Forecast'!B:B,'Daily Flash NL (2)'!$D$12,'Daily Forecast'!F:F,U23,'Daily Forecast'!A:A,"Netherlands")=0,"",SUMIFS('Daily Forecast'!D:D,'Daily Forecast'!B:B,'Daily Flash NL (2)'!$D$12,'Daily Forecast'!F:F,U23,'Daily Forecast'!A:A,"Netherlands")) -> 62 | W23: =IFERROR(Z23/$J23,Z23) -> 0 | X23: =IFERROR(AA23/$J23,AA23) -> 0 | Y23: =IFERROR(AB23/$J23,AB23) -> 0 | Z23: =IFERROR(IF(F23="",V23*$Z$16,F23*J23),0) -> 0 | AA23: =IFERROR(IF(F23="",V23*$AA$16,F23*J23),0) -> 0 | AB23: =IFERROR(IF(F23="",V23*$AB$16,F23*J23),0) -> 0 | AE23: 3 | AF23: 1 | AH23: 1
A24: =+A23+1 -> 10 | D24: 0.41666667 | E24: =IF(SUMIFS('Daily Forecast'!D:D,'Daily Forecast'!B:B,'Daily Flash NL (2)'!$D$12,'Daily Forecast'!F:F,A24,'Daily Forecast'!A:A,"Netherlands")=0,"",SUMIFS('Daily Forecast'!D:D,'Daily Forecast'!B:B,'Daily Flash NL (2)'!$D$12,'Daily Forecast'!F:F,A24,'Daily Forecast'!A:A,"Netherlands")) -> 55 | F24: =IF(SUMIFS('Daily Storm Data 2'!I:I,'Daily Storm Data 2'!$A:$A,'Daily Flash NL (2)'!$D$12,'Daily Storm Data 2'!$G:$G,'Daily Flash NL (2)'!$A24,'Daily Storm Data 2'!$E:$E,"Netherlands")=0,"",SUMIFS('Daily Storm Data 2'!I:I,'Daily Storm Data 2'!$A:$A,'Daily Flash NL (2)'!$D$12,'Daily Storm Data 2'!$G:$G,'Daily Flash NL (2)'!$A24,'Daily Storm Data 2'!$E:$E,"Netherlands")) -> 79 | G24: =SUMIFS('Daily Storm Data 2'!J:J,'Daily Storm Data 2'!$A:$A,'Daily Flash NL (2)'!$D$12,'Daily Storm Data 2'!$G:$G,'Daily Flash NL (2)'!$A24,'Daily Storm Data 2'!$E:$E,"Netherlands") -> 46 | H24: =SUMIFS('Daily Storm Data 2'!K:K,'Daily Storm Data 2'!$A:$A,'Daily Flash NL (2)'!$D$12,'Daily Storm Data 2'!$G:$G,'Daily Flash NL (2)'!$A24,'Daily Storm Data 2'!$E:$E,"Netherlands") -> 0 | I24: =IFERROR(Table17[[#This Row],[Volume Actual]]/Table17[[#This Row],[Volume Forcasted]],"") -> 1.4363636 | J24: =IFERROR(H24/F24,"") -> 0 | K24: =+IFERROR(Table17[[#This Row],[Volume Handled]]/Table17[[#This Row],[Volume Actual]],"") -> 0.58227848 | L24: =SUMIFS('Daily Storm Data 2'!O:O,'Daily Storm Data 2'!$A:$A,'Daily Flash NL (2)'!$D$12,'Daily Storm Data 2'!$G:$G,'Daily Flash NL (2)'!$A24,'Daily Storm Data 2'!$E:$E,"Netherlands") -> 201.54635 | M24: 14 | N24: 10 | P24: =IFERROR(Table17[[#This Row],[Abs]]/Table17[[#This Row],[Planned]],"") -> 0.71428571 | S24: 5 | U24: =+U23+1 -> 10 | V24: =IF(SUMIFS('Daily Forecast'!D:D,'Daily Forecast'!B:B,'Daily Flash NL (2)'!$D$12,'Daily Forecast'!F:F,U24,'Daily Forecast'!A:A,"Netherlands")=0,"",SUMIFS('Daily Forecast'!D:D,'Daily Forecast'!B:B,'Daily Flash NL (2)'!$D$12,'Daily Forecast'!F:F,U24,'Daily Forecast'!A:A,"Netherlands")) -> 55 | W24: =IFERROR(Z24/$J24,Z24) -> 0 | X24: =IFERROR(AA24/$J24,AA24) -> 0 | Y24: =IFERROR(AB24/$J24,AB24) -> 0 | Z24: =IFERROR(IF(F24="",V24*$Z$16,F24*J24),0) -> 0 | AA24: =IFERROR(IF(F24="",V24*$AA$16,F24*J24),0) -> 0 | AB24: =IFERROR(IF(F24="",V24*$AB$16,F24*J24),0) -> 0 | AE24: 4 | AF24: 1 | AH24: 1
A25: =+A24+1 -> 11 | D25: 0.45833333 | E25: =IF(SUMIFS('Daily Forecast'!D:D,'Daily Forecast'!B:B,'Daily Flash NL (2)'!$D$12,'Daily Forecast'!F:F,A25,'Daily Forecast'!A:A,"Netherlands")=0,"",SUMIFS('Daily Forecast'!D:D,'Daily Forecast'!B:B,'Daily Flash NL (2)'!$D$12,'Daily Forecast'!F:F,A25,'Daily Forecast'!A:A,"Netherlands")) -> 53 | F25: =IF(SUMIFS('Daily Storm Data 2'!I:I,'Daily Storm Data 2'!$A:$A,'Daily Flash NL (2)'!$D$12,'Daily Storm Data 2'!$G:$G,'Daily Flash NL (2)'!$A25,'Daily Storm Data 2'!$E:$E,"Netherlands")=0,"",SUMIFS('Daily Storm Data 2'!I:I,'Daily Storm Data 2'!$A:$A,'Daily Flash NL (2)'!$D$12,'Daily Storm Data 2'!$G:$G,'Daily Flash NL (2)'!$A25,'Daily Storm Data 2'!$E:$E,"Netherlands")) -> 55 | G25: =SUMIFS('Daily Storm Data 2'!J:J,'Daily Storm Data 2'!$A:$A,'Daily Flash NL (2)'!$D$12,'Daily Storm Data 2'!$G:$G,'Daily Flash NL (2)'!$A25,'Daily Storm Data 2'!$E:$E,"Netherlands") -> 50 | H25: =SUMIFS('Daily Storm Data 2'!K:K,'Daily Storm Data 2'!$A:$A,'Daily Flash NL (2)'!$D$12,'Daily Storm Data 2'!$G:$G,'Daily Flash NL (2)'!$A25,'Daily Storm Data 2'!$E:$E,"Netherlands") -> 2 | I25: =IFERROR(Table17[[#This Row],[Volume Actual]]/Table17[[#This Row],[Volume Forcasted]],"") -> 1.0377358 | J25: =IFERROR(H25/F25,"") -> 0.036363636 | K25: =+IFERROR(Table17[[#This Row],[Volume Handled]]/Table17[[#This Row],[Volume Actual]],"") -> 0.90909091 | L25: =SUMIFS('Daily Storm Data 2'!O:O,'Daily Storm Data 2'!$A:$A,'Daily Flash NL (2)'!$D$12,'Daily Storm Data 2'!$G:$G,'Daily Flash NL (2)'!$A25,'Daily Storm Data 2'!$E:$E,"Netherlands") -> 260.48874 | M25: 15 | N25: 11 | P25: =IFERROR(Table17[[#This Row],[Abs]]/Table17[[#This Row],[Planned]],"") -> 0.73333333 | S25: 5 | U25: =+U24+1 -> 11 | V25: =IF(SUMIFS('Daily Forecast'!D:D,'Daily Forecast'!B:B,'Daily Flash NL (2)'!$D$12,'Daily Forecast'!F:F,U25,'Daily Forecast'!A:A,"Netherlands")=0,"",SUMIFS('Daily Forecast'!D:D,'Daily Forecast'!B:B,'Daily Flash NL (2)'!$D$12,'Daily Forecast'!F:F,U25,'Daily Forecast'!A:A,"Netherlands")) -> 53 | W25: =IFERROR(Z25/$J25,Z25) -> 55 | X25: =IFERROR(AA25/$J25,AA25) -> 55 | Y25: =IFERROR(AB25/$J25,AB25) -> 55 | Z25: =IFERROR(IF(F25="",V25*$Z$16,F25*J25),0) -> 2 | AA25: =IFERROR(IF(F25="",V25*$AA$16,F25*J25),0) -> 2 | AB25: =IFERROR(IF(F25="",V25*$AB$16,F25*J25),0) -> 2 | AE25: 6 | AF25: 8 | AH25: 8
A26: =+A25+1 -> 12 | D26: 0.5 | E26: =IF(SUMIFS('Daily Forecast'!D:D,'Daily Forecast'!B:B,'Daily Flash NL (2)'!$D$12,'Daily Forecast'!F:F,A26,'Daily Forecast'!A:A,"Netherlands")=0,"",SUMIFS('Daily Forecast'!D:D,'Daily Forecast'!B:B,'Daily Flash NL (2)'!$D$12,'Daily Forecast'!F:F,A26,'Daily Forecast'!A:A,"Netherlands")) -> 57 | F26: =IF(SUMIFS('Daily Storm Data 2'!I:I,'Daily Storm Data 2'!$A:$A,'Daily Flash NL (2)'!$D$12,'Daily Storm Data 2'!$G:$G,'Daily Flash NL (2)'!$A26,'Daily Storm Data 2'!$E:$E,"Netherlands")=0,"",SUMIFS('Daily Storm Data 2'!I:I,'Daily Storm Data 2'!$A:$A,'Daily Flash NL (2)'!$D$12,'Daily Storm Data 2'!$G:$G,'Daily Flash NL (2)'!$A26,'Daily Storm Data 2'!$E:$E,"Netherlands")) -> 46 | G26: =SUMIFS('Daily Storm Data 2'!J:J,'Daily Storm Data 2'!$A:$A,'Daily Flash NL (2)'!$D$12,'Daily Storm Data 2'!$G:$G,'Daily Flash NL (2)'!$A26,'Daily Storm Data 2'!$E:$E,"Netherlands") -> 45 | H26: =SUMIFS('Daily Storm Data 2'!K:K,'Daily Storm Data 2'!$A:$A,'Daily Flash NL (2)'!$D$12,'Daily Storm Data 2'!$G:$G,'Daily Flash NL (2)'!$A26,'Daily Storm Data 2'!$E:$E,"Netherlands") -> 37 | I26: =IFERROR(Table17[[#This Row],[Volume Actual]]/Table17[[#This Row],[Volume Forcasted]],"") -> 0.80701754 | J26: =IFERROR(H26/F26,"") -> 0.80434783 | K26: =+IFERROR(Table17[[#This Row],[Volume Handled]]/Table17[[#This Row],[Volume Actual]],"") -> 0.97826087 | L26: =SUMIFS('Daily Storm Data 2'!O:O,'Daily Storm Data 2'!$A:$A,'Daily Flash NL (2)'!$D$12,'Daily Storm Data 2'!$G:$G,'Daily Flash NL (2)'!$A26,'Daily Storm Data 2'!$E:$E,"Netherlands") -> 247.03957 | M26: 16 | N26: 11 | P26: =IFERROR(Table17[[#This Row],[Abs]]/Table17[[#This Row],[Planned]],"") -> 0.6875 | S26: 5 | U26: =+U25+1 -> 12 | V26: =IF(SUMIFS('Daily Forecast'!D:D,'Daily Forecast'!B:B,'Daily Flash NL (2)'!$D$12,'Daily Forecast'!F:F,U26,'Daily Forecast'!A:A,"Netherlands")=0,"",SUMIFS('Daily Forecast'!D:D,'Daily Forecast'!B:B,'Daily Flash NL (2)'!$D$12,'Daily Forecast'!F:F,U26,'Daily Forecast'!A:A,"Netherlands")) -> 57 | W26: =IFERROR(Z26/$J26,Z26) -> 46 | X26: =IFERROR(AA26/$J26,AA26) -> 46 | Y26: =IFERROR(AB26/$J26,AB26) -> 46 | Z26: =IFERROR(IF(F26="",V26*$Z$16,F26*J26),0) -> 37 | AA26: =IFERROR(IF(F26="",V26*$AA$16,F26*J26),0) -> 37 | AB26: =IFERROR(IF(F26="",V26*$AB$16,F26*J26),0) -> 37 | AE26: 7 | AF26: 42 | AH26: 42
A27: =+A26+1 -> 13 | D27: 0.54166667 | E27: =IF(SUMIFS('Daily Forecast'!D:D,'Daily Forecast'!B:B,'Daily Flash NL (2)'!$D$12,'Daily Forecast'!F:F,A27,'Daily Forecast'!A:A,"Netherlands")=0,"",SUMIFS('Daily Forecast'!D:D,'Daily Forecast'!B:B,'Daily Flash NL (2)'!$D$12,'Daily Forecast'!F:F,A27,'Daily Forecast'!A:A,"Netherlands")) -> 55 | F27: =IF(SUMIFS('Daily Storm Data 2'!I:I,'Daily Storm Data 2'!$A:$A,'Daily Flash NL (2)'!$D$12,'Daily Storm Data 2'!$G:$G,'Daily Flash NL (2)'!$A27,'Daily Storm Data 2'!$E:$E,"Netherlands")=0,"",SUMIFS('Daily Storm Data 2'!I:I,'Daily Storm Data 2'!$A:$A,'Daily Flash NL (2)'!$D$12,'Daily Storm Data 2'!$G:$G,'Daily Flash NL (2)'!$A27,'Daily Storm Data 2'!$E:$E,"Netherlands")) -> 57 | G27: =SUMIFS('Daily Storm Data 2'!J:J,'Daily Storm Data 2'!$A:$A,'Daily Flash NL (2)'!$D$12,'Daily Storm Data 2'!$G:$G,'Daily Flash NL (2)'!$A27,'Daily Storm Data 2'!$E:$E,"Netherlands") -> 57 | H27: =SUMIFS('Daily Storm Data 2'!K:K,'Daily Storm Data 2'!$A:$A,'Daily Flash NL (2)'!$D$12,'Daily Storm Data 2'!$G:$G,'Daily Flash NL (2)'!$A27,'Daily Storm Data 2'!$E:$E,"Netherlands") -> 44 | I27: =IFERROR(Table17[[#This Row],[Volume Actual]]/Table17[[#This Row],[Volume Forcasted]],"") -> 1.0363636 | J27: =IFERROR(H27/F27,"") -> 0.77192982 | K27: =+IFERROR(Table17[[#This Row],[Volume Handled]]/Table17[[#This Row],[Volume Actual]],"") -> 1 | L27: =SUMIFS('Daily Storm Data 2'!O:O,'Daily Storm Data 2'!$A:$A,'Daily Flash NL (2)'!$D$12,'Daily Storm Data 2'!$G:$G,'Daily Flash NL (2)'!$A27,'Daily Storm Data 2'!$E:$E,"Netherlands") -> 322.06828 | M27: 16 | N27: 11 | P27: =IFERROR(Table17[[#This Row],[Abs]]/Table17[[#This Row],[Planned]],"") -> 0.6875 | S27: 5 | U27: =+U26+1 -> 13 | V27: =IF(SUMIFS('Daily Forecast'!D:D,'Daily Forecast'!B:B,'Daily Flash NL (2)'!$D$12,'Daily Forecast'!F:F,U27,'Daily Forecast'!A:A,"Netherlands")=0,"",SUMIFS('Daily Forecast'!D:D,'Daily Forecast'!B:B,'Daily Flash NL (2)'!$D$12,'Daily Forecast'!F:F,U27,'Daily Forecast'!A:A,"Netherlands")) -> 55 | W27: =IFERROR(Z27/$J27,Z27) -> 57 | X27: =IFERROR(AA27/$J27,AA27) -> 57 | Y27: =IFERROR(AB27/$J27,AB27) -> 57 | Z27: =IFERROR(IF(F27="",V27*$Z$16,F27*J27),0) -> 44 | AA27: =IFERROR(IF(F27="",V27*$AA$16,F27*J27),0) -> 44 | AB27: =IFERROR(IF(F27="",V27*$AB$16,F27*J27),0) -> 44 | AE27: 8 | AF27: 82 | AH27: 82
A28: =+A27+1 -> 14 | D28: 0.58333333 | E28: =IF(SUMIFS('Daily Forecast'!D:D,'Daily Forecast'!B:B,'Daily Flash NL (2)'!$D$12,'Daily Forecast'!F:F,A28,'Daily Forecast'!A:A,"Netherlands")=0,"",SUMIFS('Daily Forecast'!D:D,'Daily Forecast'!B:B,'Daily Flash NL (2)'!$D$12,'Daily Forecast'!F:F,A28,'Daily Forecast'!A:A,"Netherlands")) -> 52 | F28: =IF(SUMIFS('Daily Storm Data 2'!I:I,'Daily Storm Data 2'!$A:$A,'Daily Flash NL (2)'!$D$12,'Daily Storm Data 2'!$G:$G,'Daily Flash NL (2)'!$A28,'Daily Storm Data 2'!$E:$E,"Netherlands")=0,"",SUMIFS('Daily Storm Data 2'!I:I,'Daily Storm Data 2'!$A:$A,'Daily Flash NL (2)'!$D$12,'Daily Storm Data 2'!$G:$G,'Daily Flash NL (2)'!$A28,'Daily Storm Data 2'!$E:$E,"Netherlands")) -> 65 | G28: =SUMIFS('Daily Storm Data 2'!J:J,'Daily Storm Data 2'!$A:$A,'Daily Flash NL (2)'!$D$12,'Daily Storm Data 2'!$G:$G,'Daily Flash NL (2)'!$A28,'Daily Storm Data 2'!$E:$E,"Netherlands") -> 55 | H28: =SUMIFS('Daily Storm Data 2'!K:K,'Daily Storm Data 2'!$A:$A,'Daily Flash NL (2)'!$D$12,'Daily Storm Data 2'!$G:$G,'Daily Flash NL (2)'!$A28,'Daily Storm Data 2'!$E:$E,"Netherlands") -> 11 | I28: =IFERROR(Table17[[#This Row],[Volume Actual]]/Table17[[#This Row],[Volume Forcasted]],"") -> 1.25 | J28: =IFERROR(H28/F28,"") -> 0.16923077 | K28: =+IFERROR(Table17[[#This Row],[Volume Handled]]/Table17[[#This Row],[Volume Actual]],"") -> 0.84615385 | L28: =SUMIFS('Daily Storm Data 2'!O:O,'Daily Storm Data 2'!$A:$A,'Daily Flash NL (2)'!$D$12,'Daily Storm Data 2'!$G:$G,'Daily Flash NL (2)'!$A28,'Daily Storm Data 2'!$E:$E,"Netherlands") -> 196.73504 | M28: 19 | N28: 12 | P28: =IFERROR(Table17[[#This Row],[Abs]]/Table17[[#This Row],[Planned]],"") -> 0.63157895 | S28: 6 | U28: =+U27+1 -> 14 | V28: =IF(SUMIFS('Daily Forecast'!D:D,'Daily Forecast'!B:B,'Daily Flash NL (2)'!$D$12,'Daily Forecast'!F:F,U28,'Daily Forecast'!A:A,"Netherlands")=0,"",SUMIFS('Daily Forecast'!D:D,'Daily Forecast'!B:B,'Daily Flash NL (2)'!$D$12,'Daily Forecast'!F:F,U28,'Daily Forecast'!A:A,"Netherlands")) -> 52 | W28: =IFERROR(Z28/$J28,Z28) -> 65 | X28: =IFERROR(AA28/$J28,AA28) -> 65 | Y28: =IFERROR(AB28/$J28,AB28) -> 65 | Z28: =IFERROR(IF(F28="",V28*$Z$16,F28*J28),0) -> 11 | AA28: =IFERROR(IF(F28="",V28*$AA$16,F28*J28),0) -> 11 | AB28: =IFERROR(IF(F28="",V28*$AB$16,F28*J28),0) -> 11 | AE28: 9 | AF28: 92 | AH28: 92
A29: =+A28+1 -> 15 | D29: 0.625 | E29: =IF(SUMIFS('Daily Forecast'!D:D,'Daily Forecast'!B:B,'Daily Flash NL (2)'!$D$12,'Daily Forecast'!F:F,A29,'Daily Forecast'!A:A,"Netherlands")=0,"",SUMIFS('Daily Forecast'!D:D,'Daily Forecast'!B:B,'Daily Flash NL (2)'!$D$12,'Daily Forecast'!F:F,A29,'Daily Forecast'!A:A,"Netherlands")) -> 45 | F29: =IF(SUMIFS('Daily Storm Data 2'!I:I,'Daily Storm Data 2'!$A:$A,'Daily Flash NL (2)'!$D$12,'Daily Storm Data 2'!$G:$G,'Daily Flash NL (2)'!$A29,'Daily Storm Data 2'!$E:$E,"Netherlands")=0,"",SUMIFS('Daily Storm Data 2'!I:I,'Daily Storm Data 2'!$A:$A,'Daily Flash NL (2)'!$D$12,'Daily Storm Data 2'!$G:$G,'Daily Flash NL (2)'!$A29,'Daily Storm Data 2'!$E:$E,"Netherlands")) -> 51 | G29: =SUMIFS('Daily Storm Data 2'!J:J,'Daily Storm Data 2'!$A:$A,'Daily Flash NL (2)'!$D$12,'Daily Storm Data 2'!$G:$G,'Daily Flash NL (2)'!$A29,'Daily Storm Data 2'!$E:$E,"Netherlands") -> 51 | H29: =SUMIFS('Daily Storm Data 2'!K:K,'Daily Storm Data 2'!$A:$A,'Daily Flash NL (2)'!$D$12,'Daily Storm Data 2'!$G:$G,'Daily Flash NL (2)'!$A29,'Daily Storm Data 2'!$E:$E,"Netherlands") -> 35 | I29: =IFERROR(Table17[[#This Row],[Volume Actual]]/Table17[[#This Row],[Volume Forcasted]],"") -> 1.1333333 | J29: =IFERROR(H29/F29,"") -> 0.68627451 | K29: =+IFERROR(Table17[[#This Row],[Volume Handled]]/Table17[[#This Row],[Volume Actual]],"") -> 1 | L29: =SUMIFS('Daily Storm Data 2'!O:O,'Daily Storm Data 2'!$A:$A,'Daily Flash NL (2)'!$D$12,'Daily Storm Data 2'!$G:$G,'Daily Flash NL (2)'!$A29,'Daily Storm Data 2'!$E:$E,"Netherlands") -> 253.2306 | M29: 18 | N29: 12 | P29: =IFERROR(Table17[[#This Row],[Abs]]/Table17[[#This Row],[Planned]],"") -> 0.66666667 | S29: 6 | U29: =+U28+1 -> 15 | V29: =IF(SUMIFS('Daily Forecast'!D:D,'Daily Forecast'!B:B,'Daily Flash NL (2)'!$D$12,'Daily Forecast'!F:F,U29,'Daily Forecast'!A:A,"Netherlands")=0,"",SUMIFS('Daily Forecast'!D:D,'Daily Forecast'!B:B,'Daily Flash NL (2)'!$D$12,'Daily Forecast'!F:F,U29,'Daily Forecast'!A:A,"Netherlands")) -> 45 | W29: =IFERROR(Z29/$J29,Z29) -> 51 | X29: =IFERROR(AA29/$J29,AA29) -> 51 | Y29: =IFERROR(AB29/$J29,AB29) -> 51 | Z29: =IFERROR(IF(F29="",V29*$Z$16,F29*J29),0) -> 35 | AA29: =IFERROR(IF(F29="",V29*$AA$16,F29*J29),0) -> 35 | AB29: =IFERROR(IF(F29="",V29*$AB$16,F29*J29),0) -> 35 | AE29: 10 | AF29: 98 | AH29: 98
A30: =+A29+1 -> 16 | D30: 0.66666667 | E30: =IF(SUMIFS('Daily Forecast'!D:D,'Daily Forecast'!B:B,'Daily Flash NL (2)'!$D$12,'Daily Forecast'!F:F,A30,'Daily Forecast'!A:A,"Netherlands")=0,"",SUMIFS('Daily Forecast'!D:D,'Daily Forecast'!B:B,'Daily Flash NL (2)'!$D$12,'Daily Forecast'!F:F,A30,'Daily Forecast'!A:A,"Netherlands")) -> 48 | F30: =IF(SUMIFS('Daily Storm Data 2'!I:I,'Daily Storm Data 2'!$A:$A,'Daily Flash NL (2)'!$D$12,'Daily Storm Data 2'!$G:$G,'Daily Flash NL (2)'!$A30,'Daily Storm Data 2'!$E:$E,"Netherlands")=0,"",SUMIFS('Daily Storm Data 2'!I:I,'Daily Storm Data 2'!$A:$A,'Daily Flash NL (2)'!$D$12,'Daily Storm Data 2'!$G:$G,'Daily Flash NL (2)'!$A30,'Daily Storm Data 2'!$E:$E,"Netherlands")) -> 53 | G30: =SUMIFS('Daily Storm Data 2'!J:J,'Daily Storm Data 2'!$A:$A,'Daily Flash NL (2)'!$D$12,'Daily Storm Data 2'!$G:$G,'Daily Flash NL (2)'!$A30,'Daily Storm Data 2'!$E:$E,"Netherlands") -> 48 | H30: =SUMIFS('Daily Storm Data 2'!K:K,'Daily Storm Data 2'!$A:$A,'Daily Flash NL (2)'!$D$12,'Daily Storm Data 2'!$G:$G,'Daily Flash NL (2)'!$A30,'Daily Storm Data 2'!$E:$E,"Netherlands") -> 24 | I30: =IFERROR(Table17[[#This Row],[Volume Actual]]/Table17[[#This Row],[Volume Forcasted]],"") -> 1.1041667 | J30: =IFERROR(H30/F30,"") -> 0.45283019 | K30: =+IFERROR(Table17[[#This Row],[Volume Handled]]/Table17[[#This Row],[Volume Actual]],"") -> 0.90566038 | L30: =SUMIFS('Daily Storm Data 2'!O:O,'Daily Storm Data 2'!$A:$A,'Daily Flash NL (2)'!$D$12,'Daily Storm Data 2'!$G:$G,'Daily Flash NL (2)'!$A30,'Daily Storm Data 2'!$E:$E,"Netherlands") -> 289.96221 | M30: 18 | N30: 12 | P30: =IFERROR(Table17[[#This Row],[Abs]]/Table17[[#This Row],[Planned]],"") -> 0.66666667 | S30: 7 | U30: =+U29+1 -> 16 | V30: =IF(SUMIFS('Daily Forecast'!D:D,'Daily Forecast'!B:B,'Daily Flash NL (2)'!$D$12,'Daily Forecast'!F:F,U30,'Daily Forecast'!A:A,"Netherlands")=0,"",SUMIFS('Daily Forecast'!D:D,'Daily Forecast'!B:B,'Daily Flash NL (2)'!$D$12,'Daily Forecast'!F:F,U30,'Daily Forecast'!A:A,"Netherlands")) -> 48 | W30: =IFERROR(Z30/$J30,Z30) -> 53 | X30: =IFERROR(AA30/$J30,AA30) -> 53 | Y30: =IFERROR(AB30/$J30,AB30) -> 53 | Z30: =IFERROR(IF(F30="",V30*$Z$16,F30*J30),0) -> 24 | AA30: =IFERROR(IF(F30="",V30*$AA$16,F30*J30),0) -> 24 | AB30: =IFERROR(IF(F30="",V30*$AB$16,F30*J30),0) -> 24
A31: =+A30+1 -> 17 | D31: 0.70833333 | E31: =IF(SUMIFS('Daily Forecast'!D:D,'Daily Forecast'!B:B,'Daily Flash NL (2)'!$D$12,'Daily Forecast'!F:F,A31,'Daily Forecast'!A:A,"Netherlands")=0,"",SUMIFS('Daily Forecast'!D:D,'Daily Forecast'!B:B,'Daily Flash NL (2)'!$D$12,'Daily Forecast'!F:F,A31,'Daily Forecast'!A:A,"Netherlands")) -> 40 | F31: =IF(SUMIFS('Daily Storm Data 2'!I:I,'Daily Storm Data 2'!$A:$A,'Daily Flash NL (2)'!$D$12,'Daily Storm Data 2'!$G:$G,'Daily Flash NL (2)'!$A31,'Daily Storm Data 2'!$E:$E,"Netherlands")=0,"",SUMIFS('Daily Storm Data 2'!I:I,'Daily Storm Data 2'!$A:$A,'Daily Flash NL (2)'!$D$12,'Daily Storm Data 2'!$G:$G,'Daily Flash NL (2)'!$A31,'Daily Storm Data 2'!$E:$E,"Netherlands")) -> 42 | G31: =SUMIFS('Daily Storm Data 2'!J:J,'Daily Storm Data 2'!$A:$A,'Daily Flash NL (2)'!$D$12,'Daily Storm Data 2'!$G:$G,'Daily Flash NL (2)'!$A31,'Daily Storm Data 2'!$E:$E,"Netherlands") -> 34 | H31: =SUMIFS('Daily Storm Data 2'!K:K,'Daily Storm Data 2'!$A:$A,'Daily Flash NL (2)'!$D$12,'Daily Storm Data 2'!$G:$G,'Daily Flash NL (2)'!$A31,'Daily Storm Data 2'!$E:$E,"Netherlands") -> 2 | I31: =IFERROR(Table17[[#This Row],[Volume Actual]]/Table17[[#This Row],[Volume Forcasted]],"") -> 1.05 | J31: =IFERROR(H31/F31,"") -> 0.047619048 | K31: =+IFERROR(Table17[[#This Row],[Volume Handled]]/Table17[[#This Row],[Volume Actual]],"") -> 0.80952381 | L31: =SUMIFS('Daily Storm Data 2'!O:O,'Daily Storm Data 2'!$A:$A,'Daily Flash NL (2)'!$D$12,'Daily Storm Data 2'!$G:$G,'Daily Flash NL (2)'!$A31,'Daily Storm Data 2'!$E:$E,"Netherlands") -> 294.75531 | M31: 12 | N31: 8 | P31: =IFERROR(Table17[[#This Row],[Abs]]/Table17[[#This Row],[Planned]],"") -> 0.66666667 | S31: 5 | U31: =+U30+1 -> 17 | V31: =IF(SUMIFS('Daily Forecast'!D:D,'Daily Forecast'!B:B,'Daily Flash NL (2)'!$D$12,'Daily Forecast'!F:F,U31,'Daily Forecast'!A:A,"Netherlands")=0,"",SUMIFS('Daily Forecast'!D:D,'Daily Forecast'!B:B,'Daily Flash NL (2)'!$D$12,'Daily Forecast'!F:F,U31,'Daily Forecast'!A:A,"Netherlands")) -> 40 | W31: =IFERROR(Z31/$J31,Z31) -> 42 | X31: =IFERROR(AA31/$J31,AA31) -> 42 | Y31: =IFERROR(AB31/$J31,AB31) -> 42 | Z31: =IFERROR(IF(F31="",V31*$Z$16,F31*J31),0) -> 2 | AA31: =IFERROR(IF(F31="",V31*$AA$16,F31*J31),0) -> 2 | AB31: =IFERROR(IF(F31="",V31*$AB$16,F31*J31),0) -> 2
A32: =+A31+1 -> 18 | D32: 0.75 | E32: =IF(SUMIFS('Daily Forecast'!D:D,'Daily Forecast'!B:B,'Daily Flash NL (2)'!$D$12,'Daily Forecast'!F:F,A32,'Daily Forecast'!A:A,"Netherlands")=0,"",SUMIFS('Daily Forecast'!D:D,'Daily Forecast'!B:B,'Daily Flash NL (2)'!$D$12,'Daily Forecast'!F:F,A32,'Daily Forecast'!A:A,"Netherlands")) -> 25 | F32: =IF(SUMIFS('Daily Storm Data 2'!I:I,'Daily Storm Data 2'!$A:$A,'Daily Flash NL (2)'!$D$12,'Daily Storm Data 2'!$G:$G,'Daily Flash NL (2)'!$A32,'Daily Storm Data 2'!$E:$E,"Netherlands")=0,"",SUMIFS('Daily Storm Data 2'!I:I,'Daily Storm Data 2'!$A:$A,'Daily Flash NL (2)'!$D$12,'Daily Storm Data 2'!$G:$G,'Daily Flash NL (2)'!$A32,'Daily Storm Data 2'!$E:$E,"Netherlands")) -> 24 | G32: =SUMIFS('Daily Storm Data 2'!J:J,'Daily Storm Data 2'!$A:$A,'Daily Flash NL (2)'!$D$12,'Daily Storm Data 2'!$G:$G,'Daily Flash NL (2)'!$A32,'Daily Storm Data 2'!$E:$E,"Netherlands") -> 18 | H32: =SUMIFS('Daily Storm Data 2'!K:K,'Daily Storm Data 2'!$A:$A,'Daily Flash NL (2)'!$D$12,'Daily Storm Data 2'!$G:$G,'Daily Flash NL (2)'!$A32,'Daily Storm Data 2'!$E:$E,"Netherlands") -> 4 | I32: =IFERROR(Table17[[#This Row],[Volume Actual]]/Table17[[#This Row],[Volume Forcasted]],"") -> 0.96 | J32: =IFERROR(H32/F32,"") -> 0.16666667 | K32: =+IFERROR(Table17[[#This Row],[Volume Handled]]/Table17[[#This Row],[Volume Actual]],"") -> 0.75 | L32: =SUMIFS('Daily Storm Data 2'!O:O,'Daily Storm Data 2'!$A:$A,'Daily Flash NL (2)'!$D$12,'Daily Storm Data 2'!$G:$G,'Daily Flash NL (2)'!$A32,'Daily Storm Data 2'!$E:$E,"Netherlands") -> 479.36481 | M32: 8 | N32: 5 | P32: =IFERROR(Table17[[#This Row],[Abs]]/Table17[[#This Row],[Planned]],"") -> 0.625 | S32: 3 | U32: =+U31+1 -> 18 | V32: =IF(SUMIFS('Daily Forecast'!D:D,'Daily Forecast'!B:B,'Daily Flash NL (2)'!$D$12,'Daily Forecast'!F:F,U32,'Daily Forecast'!A:A,"Netherlands")=0,"",SUMIFS('Daily Forecast'!D:D,'Daily Forecast'!B:B,'Daily Flash NL (2)'!$D$12,'Daily Forecast'!F:F,U32,'Daily Forecast'!A:A,"Netherlands")) -> 25 | W32: =IFERROR(Z32/$J32,Z32) -> 24 | X32: =IFERROR(AA32/$J32,AA32) -> 24 | Y32: =IFERROR(AB32/$J32,AB32) -> 24 | Z32: =IFERROR(IF(F32="",V32*$Z$16,F32*J32),0) -> 4 | AA32: =IFERROR(IF(F32="",V32*$AA$16,F32*J32),0) -> 4 | AB32: =IFERROR(IF(F32="",V32*$AB$16,F32*J32),0) -> 4
D33: 0.79166667 | E33: =IF(SUMIFS('Daily Forecast'!D:D,'Daily Forecast'!B:B,'Daily Flash NL (2)'!$D$12,'Daily Forecast'!F:F,A33,'Daily Forecast'!A:A,"Netherlands")=0,"",SUMIFS('Daily Forecast'!D:D,'Daily Forecast'!B:B,'Daily Flash NL (2)'!$D$12,'Daily Forecast'!F:F,A33,'Daily Forecast'!A:A,"Netherlands")) | F33: =IF(SUMIFS('Daily Storm Data 2'!I:I,'Daily Storm Data 2'!$A:$A,'Daily Flash NL (2)'!$D$12,'Daily Storm Data 2'!$G:$G,'Daily Flash NL (2)'!$A33,'Daily Storm Data 2'!$E:$E,"Netherlands")=0,"",SUMIFS('Daily Storm Data 2'!I:I,'Daily Storm Data 2'!$A:$A,'Daily Flash NL (2)'!$D$12,'Daily Storm Data 2'!$G:$G,'Daily Flash NL (2)'!$A33,'Daily Storm Data 2'!$E:$E,"Netherlands")) | G33: =SUMIFS('Daily Storm Data 2'!J:J,'Daily Storm Data 2'!$A:$A,'Daily Flash NL (2)'!$D$12,'Daily Storm Data 2'!$G:$G,'Daily Flash NL (2)'!$A33,'Daily Storm Data 2'!$E:$E,"Netherlands") -> 0 | H33: =SUMIFS('Daily Storm Data 2'!K:K,'Daily Storm Data 2'!$A:$A,'Daily Flash NL (2)'!$D$12,'Daily Storm Data 2'!$G:$G,'Daily Flash NL (2)'!$A33,'Daily Storm Data 2'!$E:$E,"Netherlands") -> 0 | I33: =IFERROR(Table17[[#This Row],[Volume Actual]]/Table17[[#This Row],[Volume Forcasted]],"") | J33: =IFERROR(H33/F33,"") | K33: =+IFERROR(Table17[[#This Row],[Volume Handled]]/Table17[[#This Row],[Volume Actual]],"") | L33: =SUMIFS('Daily Storm Data 2'!O:O,'Daily Storm Data 2'!$A:$A,'Daily Flash NL (2)'!$D$12,'Daily Storm Data 2'!$G:$G,'Daily Flash NL (2)'!$A33,'Daily Storm Data 2'!$E:$E,"Netherlands") -> 0 | M33: 5 | N33: 2 | P33: =IFERROR(Table17[[#This Row],[Abs]]/Table17[[#This Row],[Planned]],"") -> 0.4 | S33: 3 | U33: =+U32+1 -> 19 | V33: =IF(SUMIFS('Daily Forecast'!D:D,'Daily Forecast'!B:B,'Daily Flash NL (2)'!$D$12,'Daily Forecast'!F:F,U33,'Daily Forecast'!A:A,"Netherlands")=0,"",SUMIFS('Daily Forecast'!D:D,'Daily Forecast'!B:B,'Daily Flash NL (2)'!$D$12,'Daily Forecast'!F:F,U33,'Daily Forecast'!A:A,"Netherlands")) -> 16 | W33: =IFERROR(Z33/$J33,Z33) -> 19.089253 | X33: =IFERROR(AA33/$J33,AA33) -> 16 | Y33: =IFERROR(AB33/$J33,AB33) -> 9.6 | Z33: =IFERROR(IF(F33="",V33*$Z$16,F33*J33),0) -> 19.089253 | AA33: =IFERROR(IF(F33="",V33*$AA$16,F33*J33),0) -> 16 | AB33: =IFERROR(IF(F33="",V33*$AB$16,F33*J33),0) -> 9.6
D34: 0.83333333 | E34: =IF(SUMIFS('Daily Forecast'!D:D,'Daily Forecast'!B:B,'Daily Flash NL (2)'!$D$12,'Daily Forecast'!F:F,A34,'Daily Forecast'!A:A,"Netherlands")=0,"",SUMIFS('Daily Forecast'!D:D,'Daily Forecast'!B:B,'Daily Flash NL (2)'!$D$12,'Daily Forecast'!F:F,A34,'Daily Forecast'!A:A,"Netherlands")) | F34: =IF(SUMIFS('Daily Storm Data 2'!I:I,'Daily Storm Data 2'!$A:$A,'Daily Flash NL (2)'!$D$12,'Daily Storm Data 2'!$G:$G,'Daily Flash NL (2)'!$A34,'Daily Storm Data 2'!$E:$E,"Netherlands")=0,"",SUMIFS('Daily Storm Data 2'!I:I,'Daily Storm Data 2'!$A:$A,'Daily Flash NL (2)'!$D$12,'Daily Storm Data 2'!$G:$G,'Daily Flash NL (2)'!$A34,'Daily Storm Data 2'!$E:$E,"Netherlands")) | G34: =SUMIFS('Daily Storm Data 2'!J:J,'Daily Storm Data 2'!$A:$A,'Daily Flash NL (2)'!$D$12,'Daily Storm Data 2'!$G:$G,'Daily Flash NL (2)'!$A34,'Daily Storm Data 2'!$E:$E,"Netherlands") -> 0 | H34: =SUMIFS('Daily Storm Data 2'!K:K,'Daily Storm Data 2'!$A:$A,'Daily Flash NL (2)'!$D$12,'Daily Storm Data 2'!$G:$G,'Daily Flash NL (2)'!$A34,'Daily Storm Data 2'!$E:$E,"Netherlands") -> 0 | I34: =IFERROR(Table17[[#This Row],[Volume Actual]]/Table17[[#This Row],[Volume Forcasted]],"") | J34: =IFERROR(H34/F34,"") | K34: =+IFERROR(Table17[[#This Row],[Volume Handled]]/Table17[[#This Row],[Volume Actual]],"") | L34: =SUMIFS('Daily Storm Data 2'!O:O,'Daily Storm Data 2'!$A:$A,'Daily Flash NL (2)'!$D$12,'Daily Storm Data 2'!$G:$G,'Daily Flash NL (2)'!$A34,'Daily Storm Data 2'!$E:$E,"Netherlands") -> 0 | M34: 5 | N34: 2 | P34: =IFERROR(Table17[[#This Row],[Abs]]/Table17[[#This Row],[Planned]],"") -> 0.4 | S34: 3 | U34: =+U33+1 -> 20 | V34: =IF(SUMIFS('Daily Forecast'!D:D,'Daily Forecast'!B:B,'Daily Flash NL (2)'!$D$12,'Daily Forecast'!F:F,U34,'Daily Forecast'!A:A,"Netherlands")=0,"",SUMIFS('Daily Forecast'!D:D,'Daily Forecast'!B:B,'Daily Flash NL (2)'!$D$12,'Daily Forecast'!F:F,U34,'Daily Forecast'!A:A,"Netherlands")) -> 12 | W34: =IFERROR(Z34/$J34,Z34) -> 14.31694 | X34: =IFERROR(AA34/$J34,AA34) -> 12 | Y34: =IFERROR(AB34/$J34,AB34) -> 7.2 | Z34: =IFERROR(IF(F34="",V34*$Z$16,F34*J34),0) -> 14.31694 | AA34: =IFERROR(IF(F34="",V34*$AA$16,F34*J34),0) -> 12 | AB34: =IFERROR(IF(F34="",V34*$AB$16,F34*J34),0) -> 7.2
D35: 0.875 | E35: =IF(SUMIFS('Daily Forecast'!D:D,'Daily Forecast'!B:B,'Daily Flash NL (2)'!$D$12,'Daily Forecast'!F:F,A35,'Daily Forecast'!A:A,"Netherlands")=0,"",SUMIFS('Daily Forecast'!D:D,'Daily Forecast'!B:B,'Daily Flash NL (2)'!$D$12,'Daily Forecast'!F:F,A35,'Daily Forecast'!A:A,"Netherlands")) | F35: =IF(SUMIFS('Daily Storm Data 2'!I:I,'Daily Storm Data 2'!$A:$A,'Daily Flash NL (2)'!$D$12,'Daily Storm Data 2'!$G:$G,'Daily Flash NL (2)'!$A35,'Daily Storm Data 2'!$E:$E,"Netherlands")=0,"",SUMIFS('Daily Storm Data 2'!I:I,'Daily Storm Data 2'!$A:$A,'Daily Flash NL (2)'!$D$12,'Daily Storm Data 2'!$G:$G,'Daily Flash NL (2)'!$A35,'Daily Storm Data 2'!$E:$E,"Netherlands")) | G35: =SUMIFS('Daily Storm Data 2'!J:J,'Daily Storm Data 2'!$A:$A,'Daily Flash NL (2)'!$D$12,'Daily Storm Data 2'!$G:$G,'Daily Flash NL (2)'!$A35,'Daily Storm Data 2'!$E:$E,"Netherlands") -> 0 | H35: =SUMIFS('Daily Storm Data 2'!K:K,'Daily Storm Data 2'!$A:$A,'Daily Flash NL (2)'!$D$12,'Daily Storm Data 2'!$G:$G,'Daily Flash NL (2)'!$A35,'Daily Storm Data 2'!$E:$E,"Netherlands") -> 0 | I35: =IFERROR(Table17[[#This Row],[Volume Actual]]/Table17[[#This Row],[Volume Forcasted]],"") | J35: =IFERROR(H35/F35,"") | K35: =+IFERROR(Table17[[#This Row],[Volume Handled]]/Table17[[#This Row],[Volume Actual]],"") | L35: =SUMIFS('Daily Storm Data 2'!O:O,'Daily Storm Data 2'!$A:$A,'Daily Flash NL (2)'!$D$12,'Daily Storm Data 2'!$G:$G,'Daily Flash NL (2)'!$A35,'Daily Storm Data 2'!$E:$E,"Netherlands") -> 0 | M35: 4 | N35: 1 | P35: =IFERROR(Table17[[#This Row],[Abs]]/Table17[[#This Row],[Planned]],"") -> 0.25 | S35: 3 | U35: =+U34+1 -> 21 | V35: =IF(SUMIFS('Daily Forecast'!D:D,'Daily Forecast'!B:B,'Daily Flash NL (2)'!$D$12,'Daily Forecast'!F:F,U35,'Daily Forecast'!A:A,"Netherlands")=0,"",SUMIFS('Daily Forecast'!D:D,'Daily Forecast'!B:B,'Daily Flash NL (2)'!$D$12,'Daily Forecast'!F:F,U35,'Daily Forecast'!A:A,"Netherlands")) -> 9 | W35: =IFERROR(Z35/$J35,Z35) -> 10.737705 | X35: =IFERROR(AA35/$J35,AA35) -> 9 | Y35: =IFERROR(AB35/$J35,AB35) -> 5.4 | Z35: =IFERROR(IF(F35="",V35*$Z$16,F35*J35),0) -> 10.737705 | AA35: =IFERROR(IF(F35="",V35*$AA$16,F35*J35),0) -> 9 | AB35: =IFERROR(IF(F35="",V35*$AB$16,F35*J35),0) -> 5.4
D36: 0.91666667 | E36: =IF(SUMIFS('Daily Forecast'!D:D,'Daily Forecast'!B:B,'Daily Flash NL (2)'!$D$12,'Daily Forecast'!F:F,A36,'Daily Forecast'!A:A,"Netherlands")=0,"",SUMIFS('Daily Forecast'!D:D,'Daily Forecast'!B:B,'Daily Flash NL (2)'!$D$12,'Daily Forecast'!F:F,A36,'Daily Forecast'!A:A,"Netherlands")) | F36: =IF(SUMIFS('Daily Storm Data 2'!I:I,'Daily Storm Data 2'!$A:$A,'Daily Flash NL (2)'!$D$12,'Daily Storm Data 2'!$G:$G,'Daily Flash NL (2)'!$A36,'Daily Storm Data 2'!$E:$E,"Netherlands")=0,"",SUMIFS('Daily Storm Data 2'!I:I,'Daily Storm Data 2'!$A:$A,'Daily Flash NL (2)'!$D$12,'Daily Storm Data 2'!$G:$G,'Daily Flash NL (2)'!$A36,'Daily Storm Data 2'!$E:$E,"Netherlands")) | G36: =SUMIFS('Daily Storm Data 2'!J:J,'Daily Storm Data 2'!$A:$A,'Daily Flash NL (2)'!$D$12,'Daily Storm Data 2'!$G:$G,'Daily Flash NL (2)'!$A36,'Daily Storm Data 2'!$E:$E,"Netherlands") -> 0 | H36: =SUMIFS('Daily Storm Data 2'!K:K,'Daily Storm Data 2'!$A:$A,'Daily Flash NL (2)'!$D$12,'Daily Storm Data 2'!$G:$G,'Daily Flash NL (2)'!$A36,'Daily Storm Data 2'!$E:$E,"Netherlands") -> 0 | I36: =IFERROR(Table17[[#This Row],[Volume Actual]]/Table17[[#This Row],[Volume Forcasted]],"") | J36: =IFERROR(H36/F36,"") | K36: =+IFERROR(Table17[[#This Row],[Volume Handled]]/Table17[[#This Row],[Volume Actual]],"") | L36: =SUMIFS('Daily Storm Data 2'!O:O,'Daily Storm Data 2'!$A:$A,'Daily Flash NL (2)'!$D$12,'Daily Storm Data 2'!$G:$G,'Daily Flash NL (2)'!$A36,'Daily Storm Data 2'!$E:$E,"Netherlands") -> 0 | M36: 3 | N36: 1 | P36: =IFERROR(Table17[[#This Row],[Abs]]/Table17[[#This Row],[Planned]],"") -> 0.33333333 | S36: 3 | U36: =+U35+1 -> 22 | V36: =IF(SUMIFS('Daily Forecast'!D:D,'Daily Forecast'!B:B,'Daily Flash NL (2)'!$D$12,'Daily Forecast'!F:F,U36,'Daily Forecast'!A:A,"Netherlands")=0,"",SUMIFS('Daily Forecast'!D:D,'Daily Forecast'!B:B,'Daily Flash NL (2)'!$D$12,'Daily Forecast'!F:F,U36,'Daily Forecast'!A:A,"Netherlands")) -> 6 | W36: =IFERROR(Z36/$J36,Z36) -> 7.1584699 | X36: =IFERROR(AA36/$J36,AA36) -> 6 | Y36: =IFERROR(AB36/$J36,AB36) -> 3.6 | Z36: =IFERROR(IF(F36="",V36*$Z$16,F36*J36),0) -> 7.1584699 | AA36: =IFERROR(IF(F36="",V36*$AA$16,F36*J36),0) -> 6 | AB36: =IFERROR(IF(F36="",V36*$AB$16,F36*J36),0) -> 3.6
F37: =IF(SUMIFS('Daily Storm Data 2'!I:I,'Daily Storm Data 2'!$A:$A,'Daily Flash NL (2)'!$D$12,'Daily Storm Data 2'!$G:$G,'Daily Flash NL (2)'!$A37,'Daily Storm Data 2'!$E:$E,"Netherlands")=0,"",SUMIFS('Daily Storm Data 2'!I:I,'Daily Storm Data 2'!$A:$A,'Daily Flash NL (2)'!$D$12,'Daily Storm Data 2'!$G:$G,'Daily Flash NL (2)'!$A37,'Daily Storm Data 2'!$E:$E,"Netherlands")) | J37: =IFERROR(H37/G37,"") | S37: =K37*F37-F37 -> #VALUE! | U37: =+U36+1 -> 23 | W37: =Z37/$J37 -> #VALUE! | X37: =AA37/$J37 -> #VALUE! | Y37: =AB37/$J37 -> #VALUE! | AB37: =IFERROR(IF(F37="",V37*$AB$16,F37*J37),0) -> 0
F38: =IF(SUMIFS('Daily Storm Data 2'!I:I,'Daily Storm Data 2'!$A:$A,'Daily Flash NL (2)'!$D$12,'Daily Storm Data 2'!$G:$G,'Daily Flash NL (2)'!$A38,'Daily Storm Data 2'!$E:$E,"Netherlands")=0,"",SUMIFS('Daily Storm Data 2'!I:I,'Daily Storm Data 2'!$A:$A,'Daily Flash NL (2)'!$D$12,'Daily Storm Data 2'!$G:$G,'Daily Flash NL (2)'!$A38,'Daily Storm Data 2'!$E:$E,"Netherlands")) | J38: =IFERROR(H38/G38,"") | S38: =K38*F38-F38 -> #VALUE! | U38: =+U37+1 -> 24 | W38: =Z38/$J38 -> #VALUE! | X38: =AA38/$J38 -> #VALUE! | Y38: =AB38/$J38 -> #VALUE! | AB38: =IFERROR(IF(F38="",V38*$AB$16,F38*J38),0) -> 0
F39: =IF(SUMIFS('Daily Storm Data 2'!I:I,'Daily Storm Data 2'!$A:$A,'Daily Flash NL (2)'!$D$12,'Daily Storm Data 2'!$G:$G,'Daily Flash NL (2)'!$A39,'Daily Storm Data 2'!$E:$E,"Netherlands")=0,"",SUMIFS('Daily Storm Data 2'!I:I,'Daily Storm Data 2'!$A:$A,'Daily Flash NL (2)'!$D$12,'Daily Storm Data 2'!$G:$G,'Daily Flash NL (2)'!$A39,'Daily Storm Data 2'!$E:$E,"Netherlands")) | J39: =IFERROR(H39/G39,"") | S39: =K39*F39-F39 -> #VALUE! | U39: =+U38+1 -> 25 | W39: =Z39/$J39 -> #VALUE! | X39: =AA39/$J39 -> #VALUE! | Y39: =AB39/$J39 -> #VALUE! | AB39: =IFERROR(IF(F39="",V39*$AB$16,F39*J39),0) -> 0
F40: =IF(SUMIFS('Daily Storm Data 2'!I:I,'Daily Storm Data 2'!$A:$A,'Daily Flash NL (2)'!$D$12,'Daily Storm Data 2'!$G:$G,'Daily Flash NL (2)'!$A40,'Daily Storm Data 2'!$E:$E,"Netherlands")=0,"",SUMIFS('Daily Storm Data 2'!I:I,'Daily Storm Data 2'!$A:$A,'Daily Flash NL (2)'!$D$12,'Daily Storm Data 2'!$G:$G,'Daily Flash NL (2)'!$A40,'Daily Storm Data 2'!$E:$E,"Netherlands")) | J40: =IFERROR(H40/G40,"") | S40: =K40*F40-F40 -> #VALUE! | U40: =+U39+1 -> 26 | W40: =Z40/$J40 -> #VALUE! | X40: =AA40/$J40 -> #VALUE! | Y40: =AB40/$J40 -> #VALUE! | AB40: =IFERROR(IF(F40="",V40*$AB$16,F40*J40),0) -> 0
F41: =IF(SUMIFS('Daily Storm Data 2'!I:I,'Daily Storm Data 2'!$A:$A,'Daily Flash NL (2)'!$D$12,'Daily Storm Data 2'!$G:$G,'Daily Flash NL (2)'!$A41,'Daily Storm Data 2'!$E:$E,"Netherlands")=0,"",SUMIFS('Daily Storm Data 2'!I:I,'Daily Storm Data 2'!$A:$A,'Daily Flash NL (2)'!$D$12,'Daily Storm Data 2'!$G:$G,'Daily Flash NL (2)'!$A41,'Daily Storm Data 2'!$E:$E,"Netherlands")) | J41: =IFERROR(H41/G41,"") | S41: =K41*F41-F41 -> #VALUE! | U41: =+U40+1 -> 27 | W41: =Z41/$J41 -> #VALUE! | X41: =AA41/$J41 -> #VALUE! | Y41: =AB41/$J41 -> #VALUE! | AB41: =IFERROR(IF(F41="",V41*$AB$16,F41*J41),0) -> 0
F42: =IF(SUMIFS('Daily Storm Data 2'!I:I,'Daily Storm Data 2'!$A:$A,'Daily Flash NL (2)'!$D$12,'Daily Storm Data 2'!$G:$G,'Daily Flash NL (2)'!$A42,'Daily Storm Data 2'!$E:$E,"Netherlands")=0,"",SUMIFS('Daily Storm Data 2'!I:I,'Daily Storm Data 2'!$A:$A,'Daily Flash NL (2)'!$D$12,'Daily Storm Data 2'!$G:$G,'Daily Flash NL (2)'!$A42,'Daily Storm Data 2'!$E:$E,"Netherlands")) | J42: =IFERROR(H42/G42,"") | S42: =K42*F42-F42 -> #VALUE! | U42: =+U41+1 -> 28 | W42: =Z42/$J42 -> #VALUE! | X42: =AA42/$J42 -> #VALUE! | Y42: =AB42/$J42 -> #VALUE! | AB42: =IFERROR(IF(F42="",V42*$AB$16,F42*J42),0) -> 0
F43: =IF(SUMIFS('Daily Storm Data 2'!I:I,'Daily Storm Data 2'!$A:$A,'Daily Flash NL (2)'!$D$12,'Daily Storm Data 2'!$G:$G,'Daily Flash NL (2)'!$A43,'Daily Storm Data 2'!$E:$E,"Netherlands")=0,"",SUMIFS('Daily Storm Data 2'!I:I,'Daily Storm Data 2'!$A:$A,'Daily Flash NL (2)'!$D$12,'Daily Storm Data 2'!$G:$G,'Daily Flash NL (2)'!$A43,'Daily Storm Data 2'!$E:$E,"Netherlands")) | J43: =IFERROR(H43/G43,"") | S43: =K43*F43-F43 -> #VALUE! | U43: =+U42+1 -> 29 | W43: =Z43/$J43 -> #VALUE! | X43: =AA43/$J43 -> #VALUE! | Y43: =AB43/$J43 -> #VALUE! | AB43: =IFERROR(IF(F43="",V43*$AB$16,F43*J43),0) -> 0
F44: =IF(SUMIFS('Daily Storm Data 2'!I:I,'Daily Storm Data 2'!$A:$A,'Daily Flash NL (2)'!$D$12,'Daily Storm Data 2'!$G:$G,'Daily Flash NL (2)'!$A44,'Daily Storm Data 2'!$E:$E,"Netherlands")=0,"",SUMIFS('Daily Storm Data 2'!I:I,'Daily Storm Data 2'!$A:$A,'Daily Flash NL (2)'!$D$12,'Daily Storm Data 2'!$G:$G,'Daily Flash NL (2)'!$A44,'Daily Storm Data 2'!$E:$E,"Netherlands")) | J44: =IFERROR(H44/G44,"") | S44: =K44*F44-F44 -> #VALUE! | U44: =+U43+1 -> 30 | W44: =Z44/$J44 -> #VALUE! | X44: =AA44/$J44 -> #VALUE! | Y44: =AB44/$J44 -> #VALUE! | AB44: =IFERROR(IF(F44="",V44*$AB$16,F44*J44),0) -> 0
F45: =IF(SUMIFS('Daily Storm Data 2'!I:I,'Daily Storm Data 2'!$A:$A,'Daily Flash NL (2)'!$D$12,'Daily Storm Data 2'!$G:$G,'Daily Flash NL (2)'!$A45,'Daily Storm Data 2'!$E:$E,"Netherlands")=0,"",SUMIFS('Daily Storm Data 2'!I:I,'Daily Storm Data 2'!$A:$A,'Daily Flash NL (2)'!$D$12,'Daily Storm Data 2'!$G:$G,'Daily Flash NL (2)'!$A45,'Daily Storm Data 2'!$E:$E,"Netherlands")) | J45: =IFERROR(H45/G45,"") | S45: =K45*F45-F45 -> #VALUE! | U45: =+U44+1 -> 31 | W45: =Z45/$J45 -> #VALUE! | X45: =AA45/$J45 -> #VALUE! | Y45: =AB45/$J45 -> #VALUE! | AB45: =IFERROR(IF(F45="",V45*$AB$16,F45*J45),0) -> 0
F46: =IF(SUMIFS('Daily Storm Data 2'!I:I,'Daily Storm Data 2'!$A:$A,'Daily Flash NL (2)'!$D$12,'Daily Storm Data 2'!$G:$G,'Daily Flash NL (2)'!$A46,'Daily Storm Data 2'!$E:$E,"Netherlands")=0,"",SUMIFS('Daily Storm Data 2'!I:I,'Daily Storm Data 2'!$A:$A,'Daily Flash NL (2)'!$D$12,'Daily Storm Data 2'!$G:$G,'Daily Flash NL (2)'!$A46,'Daily Storm Data 2'!$E:$E,"Netherlands")) | J46: =IFERROR(H46/G46,"") | S46: =K46*F46-F46 -> #VALUE! | U46: =+U45+1 -> 32 | W46: =Z46/$J46 -> #VALUE! | X46: =AA46/$J46 -> #VALUE! | Y46: =AB46/$J46 -> #VALUE! | AB46: =IFERROR(IF(F46="",V46*$AB$16,F46*J46),0) -> 0
F47: =IF(SUMIFS('Daily Storm Data 2'!I:I,'Daily Storm Data 2'!$A:$A,'Daily Flash NL (2)'!$D$12,'Daily Storm Data 2'!$G:$G,'Daily Flash NL (2)'!$A47,'Daily Storm Data 2'!$E:$E,"Netherlands")=0,"",SUMIFS('Daily Storm Data 2'!I:I,'Daily Storm Data 2'!$A:$A,'Daily Flash NL (2)'!$D$12,'Daily Storm Data 2'!$G:$G,'Daily Flash NL (2)'!$A47,'Daily Storm Data 2'!$E:$E,"Netherlands")) | J47: =IFERROR(H47/G47,"") | S47: =K47*F47-F47 -> #VALUE! | U47: =+U46+1 -> 33 | W47: =Z47/$J47 -> #VALUE! | X47: =AA47/$J47 -> #VALUE! | Y47: =AB47/$J47 -> #VALUE! | AB47: =IFERROR(IF(F47="",V47*$AB$16,F47*J47),0) -> 0
F48: =IF(SUMIFS('Daily Storm Data 2'!I:I,'Daily Storm Data 2'!$A:$A,'Daily Flash NL (2)'!$D$12,'Daily Storm Data 2'!$G:$G,'Daily Flash NL (2)'!$A48,'Daily Storm Data 2'!$E:$E,"Netherlands")=0,"",SUMIFS('Daily Storm Data 2'!I:I,'Daily Storm Data 2'!$A:$A,'Daily Flash NL (2)'!$D$12,'Daily Storm Data 2'!$G:$G,'Daily Flash NL (2)'!$A48,'Daily Storm Data 2'!$E:$E,"Netherlands")) | J48: =IFERROR(H48/G48,"") | S48: =K48*F48-F48 -> #VALUE! | U48: =+U47+1 -> 34 | W48: =Z48/$J48 -> #VALUE! | X48: =AA48/$J48 -> #VALUE! | Y48: =AB48/$J48 -> #VALUE! | AB48: =IFERROR(IF(F48="",V48*$AB$16,F48*J48),0) -> 0
... F50: =IF(SUMIFS('Daily Storm Data 2'!I:I,'Daily Storm Data 2'!$A:$A,'Daily Flash NL (2)'!$D$12,'Daily Storm Data 2'!$G:$G,'Daily Flash NL (2)'!$A50,'Daily Storm Data 2'!$E:$E,"Netherlands")=0,"",SUMIFS('Daily Storm Data 2'!I:I,'Daily Storm Data 2'!$A:$A,'Daily Flash NL (2)'!$D$12,'Daily Storm Data 2'!$G:$G,'Daily Flash NL (2)'!$A50,'Daily Storm Data 2'!$E:$E,"Netherlands")) | J50: =IFERROR(H50/G50,"") | S50: =K50*F50-F50 -> #VALUE! | U50: =+U49+1 -> 36 | W50: =Z50/$J50 -> #VALUE! | X50: =AA50/$J50 -> #VALUE! | Y50: =AB50/$J50 -> #VALUE! | AB50: =IFERROR(IF(F50="",V50*$AB$16,F50*J50),0) -> 0
D51: Day till Hour | E51: =SUM(E20:E50) -> 549 | F51: =SUM(F20:F50) -> 655 | G51: =SUM(G20:G50) -> 523 | H51: =SUM(H20:H50) -> 182 | I51: =Table17[[#This Row],[Volume Actual]]/Table17[[#This Row],[Volume Forcasted]] -> 1.1930783 | J51: =D15 -> 0.2778626 | K51: =+IFERROR(Table17[[#This Row],[Volume Handled]]/Table17[[#This Row],[Volume Actual]],"") -> 0.79847328 | L51: =+SUMPRODUCT(F20:F45,L20:L45)/SUM(F20:F45) -> 247.28875 | M51: =SUM(M20:M50) -> 189 | N51: =SUM(N20:N50) -> 119 | O51: =SUM(O20:O50) -> 0 | P51: =IFERROR(Table17[[#This Row],[Abs]]/Table17[[#This Row],[Planned]],"") -> 0.62962963 | V51: =SUM(V20:V36) -> 598 | W51: =SUM(W20:W36) -> 531.30237 | X51: =SUM(X20:X36) -> 523 | Y51: =SUM(Y20:Y36) -> 505.8 | Z51: =SUM(Z20:Z36)/W51 -> 0.43911411 | AA51: =SUM(AA20:AA36)/X51 -> 0.43021033 | AB51: =SUM(AB20:AB36)/Y51 -> 0.41083432
T54: 3
A55: =420/194 -> 2.1649485 | T55: 5
T56: 5
T57: 5
T58: 5
T59: 5
T60: 5
T61: 6
T62: 6
T63: 7
T64: 5
T65: 3
T66: 3
D67: =+D12 -> 46169 | T67: 3
T68: 3
D69: TSL | F69: Availability | J69: Deviation | P69: Absence Rate in HC | T69: 3 | Z69: Average Threshold Deviation | AA69: Average Threshold Deviation | AB69: Average Threshold Deviation
A70: =100/69 -> 1.4492754 | D70: =H106/G106 -> 0.65865385 | F70: =+SUM(G75:G105)/SUM(F75:F105) -> 0.92035398 | J70: =+SUM(F75:F105)/SUM(E75:E105) -> 0.94166667 | P70: =SUM(N75:N105)/SUM(M75:M105) -> 0.11111111 | Z70: =J70 -> 0.94166667 | AA70: 1 | AB70: 0.6
D74: Hour | E74: Volume Forcasted | F74: Volume Actual | G74: Volume Handled | H74: Volume Handle in SL | I74: Deviation | J74: SL | K74: Availability | L74: AHT | M74: Planned | N74: Abs | O74: Late | P74: % Abs | U74: Hour | V74: Forecast | W74: Actual Fc scenario 1 | X74: Actual Fc scenario 2 | Y74: Actual Fc scenario 3 | Z74: Actual deviation until EOD | AA74: 100% deviation until EOD | AB74: 90% deviation until EOD
A75: =IF(A20=0,"Vide",A20) -> Vide | D75: 0.25 | E75: =IF(SUMIFS('Daily Forecast'!D:D,'Daily Forecast'!B:B,'Daily Flash NL (2)'!$D$12,'Daily Forecast'!F:F,A75,'Daily Forecast'!A:A,"Belgium")=0,"",SUMIFS('Daily Forecast'!D:D,'Daily Forecast'!B:B,'Daily Flash NL (2)'!$D$12,'Daily Forecast'!F:F,A75,'Daily Forecast'!A:A,"Belgium")) | F75: =IF(SUMIFS('Daily Storm Data 2'!I:I,'Daily Storm Data 2'!$A:$A,'Daily Flash NL (2)'!$D$12,'Daily Storm Data 2'!$G:$G,'Daily Flash NL (2)'!$A75,'Daily Storm Data 2'!$E:$E,"Belgium")=0,"",SUMIFS('Daily Storm Data 2'!I:I,'Daily Storm Data 2'!$A:$A,'Daily Flash NL (2)'!$D$12,'Daily Storm Data 2'!$G:$G,'Daily Flash NL (2)'!$A75,'Daily Storm Data 2'!$E:$E,"Belgium")) | G75: =SUMIFS('Daily Storm Data 2'!J:J,'Daily Storm Data 2'!$A:$A,'Daily Flash NL (2)'!$D$12,'Daily Storm Data 2'!$G:$G,'Daily Flash NL (2)'!$A75,'Daily Storm Data 2'!$E:$E,"Belgium") -> 0 | H75: =SUMIFS('Daily Storm Data 2'!K:K,'Daily Storm Data 2'!$A:$A,'Daily Flash NL (2)'!$D$12,'Daily Storm Data 2'!$G:$G,'Daily Flash NL (2)'!$A75,'Daily Storm Data 2'!$E:$E,"Belgium") -> 0 | I75: =IFERROR(Table168[[#This Row],[Volume Actual]]/Table168[[#This Row],[Volume Forcasted]],"") | J75: =IFERROR(H75/G75,"") | K75: =+IFERROR(Table168[[#This Row],[Volume Handled]]/Table168[[#This Row],[Volume Actual]],"") | L75: =SUMIFS('Daily Storm Data 2'!O:O,'Daily Storm Data 2'!$A:$A,'Daily Flash NL (2)'!$D$12,'Daily Storm Data 2'!$G:$G,'Daily Flash NL (2)'!$A75,'Daily Storm Data 2'!$E:$E,"Belgium") -> 0 | P75: =IFERROR(Table168[[#This Row],[Abs]]/Table168[[#This Row],[Planned]],"") | U75: 6 | V75: =IF(SUMIFS('Daily Forecast'!D:D,'Daily Forecast'!B:B,'Daily Flash NL (2)'!$D$12,'Daily Forecast'!F:F,U75,'Daily Forecast'!A:A,"Belgium")=0,"",SUMIFS('Daily Forecast'!D:D,'Daily Forecast'!B:B,'Daily Flash NL (2)'!$D$12,'Daily Forecast'!F:F,U75,'Daily Forecast'!A:A,"Belgium")) -> 2 | W75: =IFERROR(Z75/$J75,Z75) -> 1.8833333 | X75: =IFERROR(AA75/$J75,AA75) -> 2 | Y75: =IFERROR(AB75/$J75,AB75) -> 1.2 | Z75: =IFERROR(IF(F75="",V75*$Z$70,F75*J75),0) -> 1.8833333 | AA75: =IFERROR(IF(F75="",V75*$AA$70,F75*J75),0) -> 2 | AB75: =IFERROR(IF(F75="",V75*$AB$70,F75*J75),0) -> 1.2
A76: =IF(A21=0,"Vide",A21) -> 7 | D76: 0.29166667 | E76: =IF(SUMIFS('Daily Forecast'!D:D,'Daily Forecast'!B:B,'Daily Flash NL (2)'!$D$12,'Daily Forecast'!F:F,A76,'Daily Forecast'!A:A,"Belgium")=0,"",SUMIFS('Daily Forecast'!D:D,'Daily Forecast'!B:B,'Daily Flash NL (2)'!$D$12,'Daily Forecast'!F:F,A76,'Daily Forecast'!A:A,"Belgium")) -> 2 | F76: =IF(SUMIFS('Daily Storm Data 2'!I:I,'Daily Storm Data 2'!$A:$A,'Daily Flash NL (2)'!$D$12,'Daily Storm Data 2'!$G:$G,'Daily Flash NL (2)'!$A76,'Daily Storm Data 2'!$E:$E,"Belgium")=0,"",SUMIFS('Daily Storm Data 2'!I:I,'Daily Storm Data 2'!$A:$A,'Daily Flash NL (2)'!$D$12,'Daily Storm Data 2'!$G:$G,'Daily Flash NL (2)'!$A76,'Daily Storm Data 2'!$E:$E,"Belgium")) -> 2 | G76: =SUMIFS('Daily Storm Data 2'!J:J,'Daily Storm Data 2'!$A:$A,'Daily Flash NL (2)'!$D$12,'Daily Storm Data 2'!$G:$G,'Daily Flash NL (2)'!$A76,'Daily Storm Data 2'!$E:$E,"Belgium") -> 2 | H76: =SUMIFS('Daily Storm Data 2'!K:K,'Daily Storm Data 2'!$A:$A,'Daily Flash NL (2)'!$D$12,'Daily Storm Data 2'!$G:$G,'Daily Flash NL (2)'!$A76,'Daily Storm Data 2'!$E:$E,"Belgium") -> 2 | I76: =IFERROR(Table168[[#This Row],[Volume Actual]]/Table168[[#This Row],[Volume Forcasted]],"") -> 1 | J76: =IFERROR(H76/G76,"") -> 1 | K76: =+IFERROR(Table168[[#This Row],[Volume Handled]]/Table168[[#This Row],[Volume Actual]],"") -> 1 | L76: =SUMIFS('Daily Storm Data 2'!O:O,'Daily Storm Data 2'!$A:$A,'Daily Flash NL (2)'!$D$12,'Daily Storm Data 2'!$G:$G,'Daily Flash NL (2)'!$A76,'Daily Storm Data 2'!$E:$E,"Belgium") -> 1075.191 | M76: 2 | P76: =IFERROR(Table168[[#This Row],[Abs]]/Table168[[#This Row],[Planned]],"") -> 0 | U76: =+U75+1 -> 7 | V76: =IF(SUMIFS('Daily Forecast'!D:D,'Daily Forecast'!B:B,'Daily Flash NL (2)'!$D$12,'Daily Forecast'!F:F,U76,'Daily Forecast'!A:A,"Belgium")=0,"",SUMIFS('Daily Forecast'!D:D,'Daily Forecast'!B:B,'Daily Flash NL (2)'!$D$12,'Daily Forecast'!F:F,U76,'Daily Forecast'!A:A,"Belgium")) -> 2 | W76: =IFERROR(Z76/$J76,Z76) -> 2 | X76: =IFERROR(AA76/$J76,AA76) -> 2 | Y76: =IFERROR(AB76/$J76,AB76) -> 2 | Z76: =IFERROR(IF(F76="",V76*$Z$70,F76*J76),0) -> 2 | AA76: =IFERROR(IF(F76="",V76*$AA$70,F76*J76),0) -> 2 | AB76: =IFERROR(IF(F76="",V76*$AB$70,F76*J76),0) -> 2
A77: =IF(A22=0,"Vide",A22) -> 8 | D77: 0.33333333 | E77: =IF(SUMIFS('Daily Forecast'!D:D,'Daily Forecast'!B:B,'Daily Flash NL (2)'!$D$12,'Daily Forecast'!F:F,A77,'Daily Forecast'!A:A,"Belgium")=0,"",SUMIFS('Daily Forecast'!D:D,'Daily Forecast'!B:B,'Daily Flash NL (2)'!$D$12,'Daily Forecast'!F:F,A77,'Daily Forecast'!A:A,"Belgium")) -> 8 | F77: =IF(SUMIFS('Daily Storm Data 2'!I:I,'Daily Storm Data 2'!$A:$A,'Daily Flash NL (2)'!$D$12,'Daily Storm Data 2'!$G:$G,'Daily Flash NL (2)'!$A77,'Daily Storm Data 2'!$E:$E,"Belgium")=0,"",SUMIFS('Daily Storm Data 2'!I:I,'Daily Storm Data 2'!$A:$A,'Daily Flash NL (2)'!$D$12,'Daily Storm Data 2'!$G:$G,'Daily Flash NL (2)'!$A77,'Daily Storm Data 2'!$E:$E,"Belgium")) -> 15 | G77: =SUMIFS('Daily Storm Data 2'!J:J,'Daily Storm Data 2'!$A:$A,'Daily Flash NL (2)'!$D$12,'Daily Storm Data 2'!$G:$G,'Daily Flash NL (2)'!$A77,'Daily Storm Data 2'!$E:$E,"Belgium") -> 15 | H77: =SUMIFS('Daily Storm Data 2'!K:K,'Daily Storm Data 2'!$A:$A,'Daily Flash NL (2)'!$D$12,'Daily Storm Data 2'!$G:$G,'Daily Flash NL (2)'!$A77,'Daily Storm Data 2'!$E:$E,"Belgium") -> 8 | I77: =IFERROR(Table168[[#This Row],[Volume Actual]]/Table168[[#This Row],[Volume Forcasted]],"") -> 1.875 | J77: =IFERROR(H77/G77,"") -> 0.53333333 | K77: =+IFERROR(Table168[[#This Row],[Volume Handled]]/Table168[[#This Row],[Volume Actual]],"") -> 1 | L77: =SUMIFS('Daily Storm Data 2'!O:O,'Daily Storm Data 2'!$A:$A,'Daily Flash NL (2)'!$D$12,'Daily Storm Data 2'!$G:$G,'Daily Flash NL (2)'!$A77,'Daily Storm Data 2'!$E:$E,"Belgium") -> 507.9249 | M77: 2 | P77: =IFERROR(Table168[[#This Row],[Abs]]/Table168[[#This Row],[Planned]],"") -> 0 | U77: =+U76+1 -> 8 | V77: =IF(SUMIFS('Daily Forecast'!D:D,'Daily Forecast'!B:B,'Daily Flash NL (2)'!$D$12,'Daily Forecast'!F:F,U77,'Daily Forecast'!A:A,"Belgium")=0,"",SUMIFS('Daily Forecast'!D:D,'Daily Forecast'!B:B,'Daily Flash NL (2)'!$D$12,'Daily Forecast'!F:F,U77,'Daily Forecast'!A:A,"Belgium")) -> 8 | W77: =IFERROR(Z77/$J77,Z77) -> 15 | X77: =IFERROR(AA77/$J77,AA77) -> 15 | Y77: =IFERROR(AB77/$J77,AB77) -> 15 | Z77: =IFERROR(IF(F77="",V77*$Z$70,F77*J77),0) -> 8 | AA77: =IFERROR(IF(F77="",V77*$AA$70,F77*J77),0) -> 8 | AB77: =IFERROR(IF(F77="",V77*$AB$70,F77*J77),0) -> 8
A78: =IF(A23=0,"Vide",A23) -> 9 | D78: 0.375 | E78: =IF(SUMIFS('Daily Forecast'!D:D,'Daily Forecast'!B:B,'Daily Flash NL (2)'!$D$12,'Daily Forecast'!F:F,A78,'Daily Forecast'!A:A,"Belgium")=0,"",SUMIFS('Daily Forecast'!D:D,'Daily Forecast'!B:B,'Daily Flash NL (2)'!$D$12,'Daily Forecast'!F:F,A78,'Daily Forecast'!A:A,"Belgium")) -> 21 | F78: =IF(SUMIFS('Daily Storm Data 2'!I:I,'Daily Storm Data 2'!$A:$A,'Daily Flash NL (2)'!$D$12,'Daily Storm Data 2'!$G:$G,'Daily Flash NL (2)'!$A78,'Daily Storm Data 2'!$E:$E,"Belgium")=0,"",SUMIFS('Daily Storm Data 2'!I:I,'Daily Storm Data 2'!$A:$A,'Daily Flash NL (2)'!$D$12,'Daily Storm Data 2'!$G:$G,'Daily Flash NL (2)'!$A78,'Daily Storm Data 2'!$E:$E,"Belgium")) -> 31 | G78: =SUMIFS('Daily Storm Data 2'!J:J,'Daily Storm Data 2'!$A:$A,'Daily Flash NL (2)'!$D$12,'Daily Storm Data 2'!$G:$G,'Daily Flash NL (2)'!$A78,'Daily Storm Data 2'!$E:$E,"Belgium") -> 22 | H78: =SUMIFS('Daily Storm Data 2'!K:K,'Daily Storm Data 2'!$A:$A,'Daily Flash NL (2)'!$D$12,'Daily Storm Data 2'!$G:$G,'Daily Flash NL (2)'!$A78,'Daily Storm Data 2'!$E:$E,"Belgium") -> 3 | I78: =IFERROR(Table168[[#This Row],[Volume Actual]]/Table168[[#This Row],[Volume Forcasted]],"") -> 1.4761905 | J78: =IFERROR(H78/G78,"") -> 0.13636364 | K78: =+IFERROR(Table168[[#This Row],[Volume Handled]]/Table168[[#This Row],[Volume Actual]],"") -> 0.70967742 | L78: =SUMIFS('Daily Storm Data 2'!O:O,'Daily Storm Data 2'!$A:$A,'Daily Flash NL (2)'!$D$12,'Daily Storm Data 2'!$G:$G,'Daily Flash NL (2)'!$A78,'Daily Storm Data 2'!$E:$E,"Belgium") -> 650.5285 | M78: 2 | P78: =IFERROR(Table168[[#This Row],[Abs]]/Table168[[#This Row],[Planned]],"") -> 0 | U78: =+U77+1 -> 9 | V78: =IF(SUMIFS('Daily Forecast'!D:D,'Daily Forecast'!B:B,'Daily Flash NL (2)'!$D$12,'Daily Forecast'!F:F,U78,'Daily Forecast'!A:A,"Belgium")=0,"",SUMIFS('Daily Forecast'!D:D,'Daily Forecast'!B:B,'Daily Flash NL (2)'!$D$12,'Daily Forecast'!F:F,U78,'Daily Forecast'!A:A,"Belgium")) -> 21 | W78: =IFERROR(Z78/$J78,Z78) -> 31 | X78: =IFERROR(AA78/$J78,AA78) -> 31 | Y78: =IFERROR(AB78/$J78,AB78) -> 31 | Z78: =IFERROR(IF(F78="",V78*$Z$70,F78*J78),0) -> 4.2272727 | AA78: =IFERROR(IF(F78="",V78*$AA$70,F78*J78),0) -> 4.2272727 | AB78: =IFERROR(IF(F78="",V78*$AB$70,F78*J78),0) -> 4.2272727
A79: =IF(A24=0,"Vide",A24) -> 10 | D79: 0.41666667 | E79: =IF(SUMIFS('Daily Forecast'!D:D,'Daily Forecast'!B:B,'Daily Flash NL (2)'!$D$12,'Daily Forecast'!F:F,A79,'Daily Forecast'!A:A,"Belgium")=0,"",SUMIFS('Daily Forecast'!D:D,'Daily Forecast'!B:B,'Daily Flash NL (2)'!$D$12,'Daily Forecast'!F:F,A79,'Daily Forecast'!A:A,"Belgium")) -> 24 | F79: =IF(SUMIFS('Daily Storm Data 2'!I:I,'Daily Storm Data 2'!$A:$A,'Daily Flash NL (2)'!$D$12,'Daily Storm Data 2'!$G:$G,'Daily Flash NL (2)'!$A79,'Daily Storm Data 2'!$E:$E,"Belgium")=0,"",SUMIFS('Daily Storm Data 2'!I:I,'Daily Storm Data 2'!$A:$A,'Daily Flash NL (2)'!$D$12,'Daily Storm Data 2'!$G:$G,'Daily Flash NL (2)'!$A79,'Daily Storm Data 2'!$E:$E,"Belgium")) -> 18 | G79: =SUMIFS('Daily Storm Data 2'!J:J,'Daily Storm Data 2'!$A:$A,'Daily Flash NL (2)'!$D$12,'Daily Storm Data 2'!$G:$G,'Daily Flash NL (2)'!$A79,'Daily Storm Data 2'!$E:$E,"Belgium") -> 17 | H79: =SUMIFS('Daily Storm Data 2'!K:K,'Daily Storm Data 2'!$A:$A,'Daily Flash NL (2)'!$D$12,'Daily Storm Data 2'!$G:$G,'Daily Flash NL (2)'!$A79,'Daily Storm Data 2'!$E:$E,"Belgium") -> 9 | I79: =IFERROR(Table168[[#This Row],[Volume Actual]]/Table168[[#This Row],[Volume Forcasted]],"") -> 0.75 | J79: =IFERROR(H79/G79,"") -> 0.52941176 | K79: =+IFERROR(Table168[[#This Row],[Volume Handled]]/Table168[[#This Row],[Volume Actual]],"") -> 0.94444444 | L79: =SUMIFS('Daily Storm Data 2'!O:O,'Daily Storm Data 2'!$A:$A,'Daily Flash NL (2)'!$D$12,'Daily Storm Data 2'!$G:$G,'Daily Flash NL (2)'!$A79,'Daily Storm Data 2'!$E:$E,"Belgium") -> 497.98115 | M79: 5 | N79: 1 | P79: =IFERROR(Table168[[#This Row],[Abs]]/Table168[[#This Row],[Planned]],"") -> 0.2 | U79: =+U78+1 -> 10 | V79: =IF(SUMIFS('Daily Forecast'!D:D,'Daily Forecast'!B:B,'Daily Flash NL (2)'!$D$12,'Daily Forecast'!F:F,U79,'Daily Forecast'!A:A,"Belgium")=0,"",SUMIFS('Daily Forecast'!D:D,'Daily Forecast'!B:B,'Daily Flash NL (2)'!$D$12,'Daily Forecast'!F:F,U79,'Daily Forecast'!A:A,"Belgium")) -> 24 | W79: =IFERROR(Z79/$J79,Z79) -> 18 | X79: =IFERROR(AA79/$J79,AA79) -> 18 | Y79: =IFERROR(AB79/$J79,AB79) -> 18 | Z79: =IFERROR(IF(F79="",V79*$Z$70,F79*J79),0) -> 9.5294118 | AA79: =IFERROR(IF(F79="",V79*$AA$70,F79*J79),0) -> 9.5294118 | AB79: =IFERROR(IF(F79="",V79*$AB$70,F79*J79),0) -> 9.5294118
A80: =IF(A25=0,"Vide",A25) -> 11 | D80: 0.45833333 | E80: =IF(SUMIFS('Daily Forecast'!D:D,'Daily Forecast'!B:B,'Daily Flash NL (2)'!$D$12,'Daily Forecast'!F:F,A80,'Daily Forecast'!A:A,"Belgium")=0,"",SUMIFS('Daily Forecast'!D:D,'Daily Forecast'!B:B,'Daily Flash NL (2)'!$D$12,'Daily Forecast'!F:F,A80,'Daily Forecast'!A:A,"Belgium")) -> 24 | F80: =IF(SUMIFS('Daily Storm Data 2'!I:I,'Daily Storm Data 2'!$A:$A,'Daily Flash NL (2)'!$D$12,'Daily Storm Data 2'!$G:$G,'Daily Flash NL (2)'!$A80,'Daily Storm Data 2'!$E:$E,"Belgium")=0,"",SUMIFS('Daily Storm Data 2'!I:I,'Daily Storm Data 2'!$A:$A,'Daily Flash NL (2)'!$D$12,'Daily Storm Data 2'!$G:$G,'Daily Flash NL (2)'!$A80,'Daily Storm Data 2'!$E:$E,"Belgium")) -> 33 | G80: =SUMIFS('Daily Storm Data 2'!J:J,'Daily Storm Data 2'!$A:$A,'Daily Flash NL (2)'!$D$12,'Daily Storm Data 2'!$G:$G,'Daily Flash NL (2)'!$A80,'Daily Storm Data 2'!$E:$E,"Belgium") -> 33 | H80: =SUMIFS('Daily Storm Data 2'!K:K,'Daily Storm Data 2'!$A:$A,'Daily Flash NL (2)'!$D$12,'Daily Storm Data 2'!$G:$G,'Daily Flash NL (2)'!$A80,'Daily Storm Data 2'!$E:$E,"Belgium") -> 25 | I80: =IFERROR(Table168[[#This Row],[Volume Actual]]/Table168[[#This Row],[Volume Forcasted]],"") -> 1.375 | J80: =IFERROR(H80/G80,"") -> 0.75757576 | K80: =+IFERROR(Table168[[#This Row],[Volume Handled]]/Table168[[#This Row],[Volume Actual]],"") -> 1 | L80: =SUMIFS('Daily Storm Data 2'!O:O,'Daily Storm Data 2'!$A:$A,'Daily Flash NL (2)'!$D$12,'Daily Storm Data 2'!$G:$G,'Daily Flash NL (2)'!$A80,'Daily Storm Data 2'!$E:$E,"Belgium") -> 522.12268 | M80: 5 | N80: 1 | P80: =IFERROR(Table168[[#This Row],[Abs]]/Table168[[#This Row],[Planned]],"") -> 0.2 | S80: =K80*F80-F80 -> 0 | U80: =+U79+1 -> 11 | V80: =IF(SUMIFS('Daily Forecast'!D:D,'Daily Forecast'!B:B,'Daily Flash NL (2)'!$D$12,'Daily Forecast'!F:F,U80,'Daily Forecast'!A:A,"Belgium")=0,"",SUMIFS('Daily Forecast'!D:D,'Daily Forecast'!B:B,'Daily Flash NL (2)'!$D$12,'Daily Forecast'!F:F,U80,'Daily Forecast'!A:A,"Belgium")) -> 24 | W80: =IFERROR(Z80/$J80,Z80) -> 33 | X80: =IFERROR(AA80/$J80,AA80) -> 33 | Y80: =IFERROR(AB80/$J80,AB80) -> 33 | Z80: =IFERROR(IF(F80="",V80*$Z$70,F80*J80),0) -> 25 | AA80: =IFERROR(IF(F80="",V80*$AA$70,F80*J80),0) -> 25 | AB80: =IFERROR(IF(F80="",V80*$AB$70,F80*J80),0) -> 25
A81: =IF(A26=0,"Vide",A26) -> 12 | D81: 0.5 | E81: =IF(SUMIFS('Daily Forecast'!D:D,'Daily Forecast'!B:B,'Daily Flash NL (2)'!$D$12,'Daily Forecast'!F:F,A81,'Daily Forecast'!A:A,"Belgium")=0,"",SUMIFS('Daily Forecast'!D:D,'Daily Forecast'!B:B,'Daily Flash NL (2)'!$D$12,'Daily Forecast'!F:F,A81,'Daily Forecast'!A:A,"Belgium")) -> 25 | F81: =IF(SUMIFS('Daily Storm Data 2'!I:I,'Daily Storm Data 2'!$A:$A,'Daily Flash NL (2)'!$D$12,'Daily Storm Data 2'!$G:$G,'Daily Flash NL (2)'!$A81,'Daily Storm Data 2'!$E:$E,"Belgium")=0,"",SUMIFS('Daily Storm Data 2'!I:I,'Daily Storm Data 2'!$A:$A,'Daily Flash NL (2)'!$D$12,'Daily Storm Data 2'!$G:$G,'Daily Flash NL (2)'!$A81,'Daily Storm Data 2'!$E:$E,"Belgium")) -> 16 | G81: =SUMIFS('Daily Storm Data 2'!J:J,'Daily Storm Data 2'!$A:$A,'Daily Flash NL (2)'!$D$12,'Daily Storm Data 2'!$G:$G,'Daily Flash NL (2)'!$A81,'Daily Storm Data 2'!$E:$E,"Belgium") -> 16 | H81: =SUMIFS('Daily Storm Data 2'!K:K,'Daily Storm Data 2'!$A:$A,'Daily Flash NL (2)'!$D$12,'Daily Storm Data 2'!$G:$G,'Daily Flash NL (2)'!$A81,'Daily Storm Data 2'!$E:$E,"Belgium") -> 10 | I81: =IFERROR(Table168[[#This Row],[Volume Actual]]/Table168[[#This Row],[Volume Forcasted]],"") -> 0.64 | J81: =IFERROR(H81/G81,"") -> 0.625 | K81: =+IFERROR(Table168[[#This Row],[Volume Handled]]/Table168[[#This Row],[Volume Actual]],"") -> 1 | L81: =SUMIFS('Daily Storm Data 2'!O:O,'Daily Storm Data 2'!$A:$A,'Daily Flash NL (2)'!$D$12,'Daily Storm Data 2'!$G:$G,'Daily Flash NL (2)'!$A81,'Daily Storm Data 2'!$E:$E,"Belgium") -> 812.36041 | M81: 5 | N81: 1 | P81: =IFERROR(Table168[[#This Row],[Abs]]/Table168[[#This Row],[Planned]],"") -> 0.2 | S81: =K81*F81-F81 -> 0 | U81: =+U80+1 -> 12 | V81: =IF(SUMIFS('Daily Forecast'!D:D,'Daily Forecast'!B:B,'Daily Flash NL (2)'!$D$12,'Daily Forecast'!F:F,U81,'Daily Forecast'!A:A,"Belgium")=0,"",SUMIFS('Daily Forecast'!D:D,'Daily Forecast'!B:B,'Daily Flash NL (2)'!$D$12,'Daily Forecast'!F:F,U81,'Daily Forecast'!A:A,"Belgium")) -> 25 | W81: =IFERROR(Z81/$J81,Z81) -> 16 | X81: =IFERROR(AA81/$J81,AA81) -> 16 | Y81: =IFERROR(AB81/$J81,AB81) -> 16 | Z81: =IFERROR(IF(F81="",V81*$Z$70,F81*J81),0) -> 10 | AA81: =IFERROR(IF(F81="",V81*$AA$70,F81*J81),0) -> 10 | AB81: =IFERROR(IF(F81="",V81*$AB$70,F81*J81),0) -> 10
A82: =IF(A27=0,"Vide",A27) -> 13 | D82: 0.54166667 | E82: =IF(SUMIFS('Daily Forecast'!D:D,'Daily Forecast'!B:B,'Daily Flash NL (2)'!$D$12,'Daily Forecast'!F:F,A82,'Daily Forecast'!A:A,"Belgium")=0,"",SUMIFS('Daily Forecast'!D:D,'Daily Forecast'!B:B,'Daily Flash NL (2)'!$D$12,'Daily Forecast'!F:F,A82,'Daily Forecast'!A:A,"Belgium")) -> 18 | F82: =IF(SUMIFS('Daily Storm Data 2'!I:I,'Daily Storm Data 2'!$A:$A,'Daily Flash NL (2)'!$D$12,'Daily Storm Data 2'!$G:$G,'Daily Flash NL (2)'!$A82,'Daily Storm Data 2'!$E:$E,"Belgium")=0,"",SUMIFS('Daily Storm Data 2'!I:I,'Daily Storm Data 2'!$A:$A,'Daily Flash NL (2)'!$D$12,'Daily Storm Data 2'!$G:$G,'Daily Flash NL (2)'!$A82,'Daily Storm Data 2'!$E:$E,"Belgium")) -> 18 | G82: =SUMIFS('Daily Storm Data 2'!J:J,'Daily Storm Data 2'!$A:$A,'Daily Flash NL (2)'!$D$12,'Daily Storm Data 2'!$G:$G,'Daily Flash NL (2)'!$A82,'Daily Storm Data 2'!$E:$E,"Belgium") -> 18 | H82: =SUMIFS('Daily Storm Data 2'!K:K,'Daily Storm Data 2'!$A:$A,'Daily Flash NL (2)'!$D$12,'Daily Storm Data 2'!$G:$G,'Daily Flash NL (2)'!$A82,'Daily Storm Data 2'!$E:$E,"Belgium") -> 17 | I82: =IFERROR(Table168[[#This Row],[Volume Actual]]/Table168[[#This Row],[Volume Forcasted]],"") -> 1 | J82: =IFERROR(H82/G82,"") -> 0.94444444 | K82: =+IFERROR(Table168[[#This Row],[Volume Handled]]/Table168[[#This Row],[Volume Actual]],"") -> 1 | L82: =SUMIFS('Daily Storm Data 2'!O:O,'Daily Storm Data 2'!$A:$A,'Daily Flash NL (2)'!$D$12,'Daily Storm Data 2'!$G:$G,'Daily Flash NL (2)'!$A82,'Daily Storm Data 2'!$E:$E,"Belgium") -> 561.25021 | M82: 9 | N82: 1 | P82: =IFERROR(Table168[[#This Row],[Abs]]/Table168[[#This Row],[Planned]],"") -> 0.11111111 | S82: =K82*F82-F82 -> 0 | U82: =+U81+1 -> 13 | V82: =IF(SUMIFS('Daily Forecast'!D:D,'Daily Forecast'!B:B,'Daily Flash NL (2)'!$D$12,'Daily Forecast'!F:F,U82,'Daily Forecast'!A:A,"Belgium")=0,"",SUMIFS('Daily Forecast'!D:D,'Daily Forecast'!B:B,'Daily Flash NL (2)'!$D$12,'Daily Forecast'!F:F,U82,'Daily Forecast'!A:A,"Belgium")) -> 18 | W82: =IFERROR(Z82/$J82,Z82) -> 18 | X82: =IFERROR(AA82/$J82,AA82) -> 18 | Y82: =IFERROR(AB82/$J82,AB82) -> 18 | Z82: =IFERROR(IF(F82="",V82*$Z$70,F82*J82),0) -> 17 | AA82: =IFERROR(IF(F82="",V82*$AA$70,F82*J82),0) -> 17 | AB82: =IFERROR(IF(F82="",V82*$AB$70,F82*J82),0) -> 17
A83: =IF(A28=0,"Vide",A28) -> 14 | D83: 0.58333333 | E83: =IF(SUMIFS('Daily Forecast'!D:D,'Daily Forecast'!B:B,'Daily Flash NL (2)'!$D$12,'Daily Forecast'!F:F,A83,'Daily Forecast'!A:A,"Belgium")=0,"",SUMIFS('Daily Forecast'!D:D,'Daily Forecast'!B:B,'Daily Flash NL (2)'!$D$12,'Daily Forecast'!F:F,A83,'Daily Forecast'!A:A,"Belgium")) -> 26 | F83: =IF(SUMIFS('Daily Storm Data 2'!I:I,'Daily Storm Data 2'!$A:$A,'Daily Flash NL (2)'!$D$12,'Daily Storm Data 2'!$G:$G,'Daily Flash NL (2)'!$A83,'Daily Storm Data 2'!$E:$E,"Belgium")=0,"",SUMIFS('Daily Storm Data 2'!I:I,'Daily Storm Data 2'!$A:$A,'Daily Flash NL (2)'!$D$12,'Daily Storm Data 2'!$G:$G,'Daily Flash NL (2)'!$A83,'Daily Storm Data 2'!$E:$E,"Belgium")) -> 19 | G83: =SUMIFS('Daily Storm Data 2'!J:J,'Daily Storm Data 2'!$A:$A,'Daily Flash NL (2)'!$D$12,'Daily Storm Data 2'!$G:$G,'Daily Flash NL (2)'!$A83,'Daily Storm Data 2'!$E:$E,"Belgium") -> 18 | H83: =SUMIFS('Daily Storm Data 2'!K:K,'Daily Storm Data 2'!$A:$A,'Daily Flash NL (2)'!$D$12,'Daily Storm Data 2'!$G:$G,'Daily Flash NL (2)'!$A83,'Daily Storm Data 2'!$E:$E,"Belgium") -> 16 | I83: =IFERROR(Table168[[#This Row],[Volume Actual]]/Table168[[#This Row],[Volume Forcasted]],"") -> 0.73076923 | J83: =IFERROR(H83/G83,"") -> 0.88888889 | K83: =+IFERROR(Table168[[#This Row],[Volume Handled]]/Table168[[#This Row],[Volume Actual]],"") -> 0.94736842 | L83: =SUMIFS('Daily Storm Data 2'!O:O,'Daily Storm Data 2'!$A:$A,'Daily Flash NL (2)'!$D$12,'Daily Storm Data 2'!$G:$G,'Daily Flash NL (2)'!$A83,'Daily Storm Data 2'!$E:$E,"Belgium") -> 626.59404 | M83: 9 | N83: 1 | P83: =IFERROR(Table168[[#This Row],[Abs]]/Table168[[#This Row],[Planned]],"") -> 0.11111111 | S83: =K83*F83-F83 -> -1 | U83: =+U82+1 -> 14 | V83: =IF(SUMIFS('Daily Forecast'!D:D,'Daily Forecast'!B:B,'Daily Flash NL (2)'!$D$12,'Daily Forecast'!F:F,U83,'Daily Forecast'!A:A,"Belgium")=0,"",SUMIFS('Daily Forecast'!D:D,'Daily Forecast'!B:B,'Daily Flash NL (2)'!$D$12,'Daily Forecast'!F:F,U83,'Daily Forecast'!A:A,"Belgium")) -> 26 | W83: =IFERROR(Z83/$J83,Z83) -> 19 | X83: =IFERROR(AA83/$J83,AA83) -> 19 | Y83: =IFERROR(AB83/$J83,AB83) -> 19 | Z83: =IFERROR(IF(F83="",V83*$Z$70,F83*J83),0) -> 16.888889 | AA83: =IFERROR(IF(F83="",V83*$AA$70,F83*J83),0) -> 16.888889 | AB83: =IFERROR(IF(F83="",V83*$AB$70,F83*J83),0) -> 16.888889
A84: =IF(A29=0,"Vide",A29) -> 15 | D84: 0.625 | E84: =IF(SUMIFS('Daily Forecast'!D:D,'Daily Forecast'!B:B,'Daily Flash NL (2)'!$D$12,'Daily Forecast'!F:F,A84,'Daily Forecast'!A:A,"Belgium")=0,"",SUMIFS('Daily Forecast'!D:D,'Daily Forecast'!B:B,'Daily Flash NL (2)'!$D$12,'Daily Forecast'!F:F,A84,'Daily Forecast'!A:A,"Belgium")) -> 27 | F84: =IF(SUMIFS('Daily Storm Data 2'!I:I,'Daily Storm Data 2'!$A:$A,'Daily Flash NL (2)'!$D$12,'Daily Storm Data 2'!$G:$G,'Daily Flash NL (2)'!$A84,'Daily Storm Data 2'!$E:$E,"Belgium")=0,"",SUMIFS('Daily Storm Data 2'!I:I,'Daily Storm Data 2'!$A:$A,'Daily Flash NL (2)'!$D$12,'Daily Storm Data 2'!$G:$G,'Daily Flash NL (2)'!$A84,'Daily Storm Data 2'!$E:$E,"Belgium")) -> 27 | G84: =SUMIFS('Daily Storm Data 2'!J:J,'Daily Storm Data 2'!$A:$A,'Daily Flash NL (2)'!$D$12,'Daily Storm Data 2'!$G:$G,'Daily Flash NL (2)'!$A84,'Daily Storm Data 2'!$E:$E,"Belgium") -> 24 | H84: =SUMIFS('Daily Storm Data 2'!K:K,'Daily Storm Data 2'!$A:$A,'Daily Flash NL (2)'!$D$12,'Daily Storm Data 2'!$G:$G,'Daily Flash NL (2)'!$A84,'Daily Storm Data 2'!$E:$E,"Belgium") -> 16 | I84: =IFERROR(Table168[[#This Row],[Volume Actual]]/Table168[[#This Row],[Volume Forcasted]],"") -> 1 | J84: =IFERROR(H84/G84,"") -> 0.66666667 | K84: =+IFERROR(Table168[[#This Row],[Volume Handled]]/Table168[[#This Row],[Volume Actual]],"") -> 0.88888889 | L84: =SUMIFS('Daily Storm Data 2'!O:O,'Daily Storm Data 2'!$A:$A,'Daily Flash NL (2)'!$D$12,'Daily Storm Data 2'!$G:$G,'Daily Flash NL (2)'!$A84,'Daily Storm Data 2'!$E:$E,"Belgium") -> 528.96005 | M84: 9 | N84: 1 | P84: =IFERROR(Table168[[#This Row],[Abs]]/Table168[[#This Row],[Planned]],"") -> 0.11111111 | S84: =K84*F84-F84 -> -3 | U84: =+U83+1 -> 15 | V84: =IF(SUMIFS('Daily Forecast'!D:D,'Daily Forecast'!B:B,'Daily Flash NL (2)'!$D$12,'Daily Forecast'!F:F,U84,'Daily Forecast'!A:A,"Belgium")=0,"",SUMIFS('Daily Forecast'!D:D,'Daily Forecast'!B:B,'Daily Flash NL (2)'!$D$12,'Daily Forecast'!F:F,U84,'Daily Forecast'!A:A,"Belgium")) -> 27 | W84: =IFERROR(Z84/$J84,Z84) -> 27 | X84: =IFERROR(AA84/$J84,AA84) -> 27 | Y84: =IFERROR(AB84/$J84,AB84) -> 27 | Z84: =IFERROR(IF(F84="",V84*$Z$70,F84*J84),0) -> 18 | AA84: =IFERROR(IF(F84="",V84*$AA$70,F84*J84),0) -> 18 | AB84: =IFERROR(IF(F84="",V84*$AB$70,F84*J84),0) -> 18
A85: =IF(A30=0,"Vide",A30) -> 16 | D85: 0.66666667 | E85: =IF(SUMIFS('Daily Forecast'!D:D,'Daily Forecast'!B:B,'Daily Flash NL (2)'!$D$12,'Daily Forecast'!F:F,A85,'Daily Forecast'!A:A,"Belgium")=0,"",SUMIFS('Daily Forecast'!D:D,'Daily Forecast'!B:B,'Daily Flash NL (2)'!$D$12,'Daily Forecast'!F:F,A85,'Daily Forecast'!A:A,"Belgium")) -> 26 | F85: =IF(SUMIFS('Daily Storm Data 2'!I:I,'Daily Storm Data 2'!$A:$A,'Daily Flash NL (2)'!$D$12,'Daily Storm Data 2'!$G:$G,'Daily Flash NL (2)'!$A85,'Daily Storm Data 2'!$E:$E,"Belgium")=0,"",SUMIFS('Daily Storm Data 2'!I:I,'Daily Storm Data 2'!$A:$A,'Daily Flash NL (2)'!$D$12,'Daily Storm Data 2'!$G:$G,'Daily Flash NL (2)'!$A85,'Daily Storm Data 2'!$E:$E,"Belgium")) -> 17 | G85: =SUMIFS('Daily Storm Data 2'!J:J,'Daily Storm Data 2'!$A:$A,'Daily Flash NL (2)'!$D$12,'Daily Storm Data 2'!$G:$G,'Daily Flash NL (2)'!$A85,'Daily Storm Data 2'!$E:$E,"Belgium") -> 15 | H85: =SUMIFS('Daily Storm Data 2'!K:K,'Daily Storm Data 2'!$A:$A,'Daily Flash NL (2)'!$D$12,'Daily Storm Data 2'!$G:$G,'Daily Flash NL (2)'!$A85,'Daily Storm Data 2'!$E:$E,"Belgium") -> 12 | I85: =IFERROR(Table168[[#This Row],[Volume Actual]]/Table168[[#This Row],[Volume Forcasted]],"") -> 0.65384615 | J85: =IFERROR(H85/G85,"") -> 0.8 | K85: =+IFERROR(Table168[[#This Row],[Volume Handled]]/Table168[[#This Row],[Volume Actual]],"") -> 0.88235294 | L85: =SUMIFS('Daily Storm Data 2'!O:O,'Daily Storm Data 2'!$A:$A,'Daily Flash NL (2)'!$D$12,'Daily Storm Data 2'!$G:$G,'Daily Flash NL (2)'!$A85,'Daily Storm Data 2'!$E:$E,"Belgium") -> 835.8367 | M85: 9 | N85: 1 | P85: =IFERROR(Table168[[#This Row],[Abs]]/Table168[[#This Row],[Planned]],"") -> 0.11111111 | S85: =K85*F85-F85 -> -2 | U85: =+U84+1 -> 16 | V85: =IF(SUMIFS('Daily Forecast'!D:D,'Daily Forecast'!B:B,'Daily Flash NL (2)'!$D$12,'Daily Forecast'!F:F,U85,'Daily Forecast'!A:A,"Belgium")=0,"",SUMIFS('Daily Forecast'!D:D,'Daily Forecast'!B:B,'Daily Flash NL (2)'!$D$12,'Daily Forecast'!F:F,U85,'Daily Forecast'!A:A,"Belgium")) -> 26 | W85: =IFERROR(Z85/$J85,Z85) -> 17 | X85: =IFERROR(AA85/$J85,AA85) -> 17 | Y85: =IFERROR(AB85/$J85,AB85) -> 17 | Z85: =IFERROR(IF(F85="",V85*$Z$70,F85*J85),0) -> 13.6 | AA85: =IFERROR(IF(F85="",V85*$AA$70,F85*J85),0) -> 13.6 | AB85: =IFERROR(IF(F85="",V85*$AB$70,F85*J85),0) -> 13.6
A86: =IF(A31=0,"Vide",A31) -> 17 | D86: 0.70833333 | E86: =IF(SUMIFS('Daily Forecast'!D:D,'Daily Forecast'!B:B,'Daily Flash NL (2)'!$D$12,'Daily Forecast'!F:F,A86,'Daily Forecast'!A:A,"Belgium")=0,"",SUMIFS('Daily Forecast'!D:D,'Daily Forecast'!B:B,'Daily Flash NL (2)'!$D$12,'Daily Forecast'!F:F,A86,'Daily Forecast'!A:A,"Belgium")) -> 22 | F86: =IF(SUMIFS('Daily Storm Data 2'!I:I,'Daily Storm Data 2'!$A:$A,'Daily Flash NL (2)'!$D$12,'Daily Storm Data 2'!$G:$G,'Daily Flash NL (2)'!$A86,'Daily Storm Data 2'!$E:$E,"Belgium")=0,"",SUMIFS('Daily Storm Data 2'!I:I,'Daily Storm Data 2'!$A:$A,'Daily Flash NL (2)'!$D$12,'Daily Storm Data 2'!$G:$G,'Daily Flash NL (2)'!$A86,'Daily Storm Data 2'!$E:$E,"Belgium")) -> 19 | G86: =SUMIFS('Daily Storm Data 2'!J:J,'Daily Storm Data 2'!$A:$A,'Daily Flash NL (2)'!$D$12,'Daily Storm Data 2'!$G:$G,'Daily Flash NL (2)'!$A86,'Daily Storm Data 2'!$E:$E,"Belgium") -> 18 | H86: =SUMIFS('Daily Storm Data 2'!K:K,'Daily Storm Data 2'!$A:$A,'Daily Flash NL (2)'!$D$12,'Daily Storm Data 2'!$G:$G,'Daily Flash NL (2)'!$A86,'Daily Storm Data 2'!$E:$E,"Belgium") -> 11 | I86: =IFERROR(Table168[[#This Row],[Volume Actual]]/Table168[[#This Row],[Volume Forcasted]],"") -> 0.86363636 | J86: =IFERROR(H86/G86,"") -> 0.61111111 | K86: =+IFERROR(Table168[[#This Row],[Volume Handled]]/Table168[[#This Row],[Volume Actual]],"") -> 0.94736842 | L86: =SUMIFS('Daily Storm Data 2'!O:O,'Daily Storm Data 2'!$A:$A,'Daily Flash NL (2)'!$D$12,'Daily Storm Data 2'!$G:$G,'Daily Flash NL (2)'!$A86,'Daily Storm Data 2'!$E:$E,"Belgium") -> 754.10687 | M86: 7 | N86: 1 | P86: =IFERROR(Table168[[#This Row],[Abs]]/Table168[[#This Row],[Planned]],"") -> 0.14285714 | U86: =+U85+1 -> 17 | V86: =IF(SUMIFS('Daily Forecast'!D:D,'Daily Forecast'!B:B,'Daily Flash NL (2)'!$D$12,'Daily Forecast'!F:F,U86,'Daily Forecast'!A:A,"Belgium")=0,"",SUMIFS('Daily Forecast'!D:D,'Daily Forecast'!B:B,'Daily Flash NL (2)'!$D$12,'Daily Forecast'!F:F,U86,'Daily Forecast'!A:A,"Belgium")) -> 22 | W86: =IFERROR(Z86/$J86,Z86) -> 19 | X86: =IFERROR(AA86/$J86,AA86) -> 19 | Y86: =IFERROR(AB86/$J86,AB86) -> 19 | Z86: =IFERROR(IF(F86="",V86*$Z$70,F86*J86),0) -> 11.611111 | AA86: =IFERROR(IF(F86="",V86*$AA$70,F86*J86),0) -> 11.611111 | AB86: =IFERROR(IF(F86="",V86*$AB$70,F86*J86),0) -> 11.611111
A87: =IF(A32=0,"Vide",A32) -> 18 | D87: 0.75 | E87: =IF(SUMIFS('Daily Forecast'!D:D,'Daily Forecast'!B:B,'Daily Flash NL (2)'!$D$12,'Daily Forecast'!F:F,A87,'Daily Forecast'!A:A,"Belgium")=0,"",SUMIFS('Daily Forecast'!D:D,'Daily Forecast'!B:B,'Daily Flash NL (2)'!$D$12,'Daily Forecast'!F:F,A87,'Daily Forecast'!A:A,"Belgium")) -> 17 | F87: =IF(SUMIFS('Daily Storm Data 2'!I:I,'Daily Storm Data 2'!$A:$A,'Daily Flash NL (2)'!$D$12,'Daily Storm Data 2'!$G:$G,'Daily Flash NL (2)'!$A87,'Daily Storm Data 2'!$E:$E,"Belgium")=0,"",SUMIFS('Daily Storm Data 2'!I:I,'Daily Storm Data 2'!$A:$A,'Daily Flash NL (2)'!$D$12,'Daily Storm Data 2'!$G:$G,'Daily Flash NL (2)'!$A87,'Daily Storm Data 2'!$E:$E,"Belgium")) -> 11 | G87: =SUMIFS('Daily Storm Data 2'!J:J,'Daily Storm Data 2'!$A:$A,'Daily Flash NL (2)'!$D$12,'Daily Storm Data 2'!$G:$G,'Daily Flash NL (2)'!$A87,'Daily Storm Data 2'!$E:$E,"Belgium") -> 10 | H87: =SUMIFS('Daily Storm Data 2'!K:K,'Daily Storm Data 2'!$A:$A,'Daily Flash NL (2)'!$D$12,'Daily Storm Data 2'!$G:$G,'Daily Flash NL (2)'!$A87,'Daily Storm Data 2'!$E:$E,"Belgium") -> 8 | I87: =IFERROR(Table168[[#This Row],[Volume Actual]]/Table168[[#This Row],[Volume Forcasted]],"") -> 0.64705882 | J87: =IFERROR(H87/G87,"") -> 0.8 | K87: =+IFERROR(Table168[[#This Row],[Volume Handled]]/Table168[[#This Row],[Volume Actual]],"") -> 0.90909091 | L87: =SUMIFS('Daily Storm Data 2'!O:O,'Daily Storm Data 2'!$A:$A,'Daily Flash NL (2)'!$D$12,'Daily Storm Data 2'!$G:$G,'Daily Flash NL (2)'!$A87,'Daily Storm Data 2'!$E:$E,"Belgium") -> 1274.9739 | M87: 7 | N87: 1 | P87: =IFERROR(Table168[[#This Row],[Abs]]/Table168[[#This Row],[Planned]],"") -> 0.14285714 | U87: =+U86+1 -> 18 | V87: =IF(SUMIFS('Daily Forecast'!D:D,'Daily Forecast'!B:B,'Daily Flash NL (2)'!$D$12,'Daily Forecast'!F:F,U87,'Daily Forecast'!A:A,"Belgium")=0,"",SUMIFS('Daily Forecast'!D:D,'Daily Forecast'!B:B,'Daily Flash NL (2)'!$D$12,'Daily Forecast'!F:F,U87,'Daily Forecast'!A:A,"Belgium")) -> 17 | W87: =IFERROR(Z87/$J87,Z87) -> 11 | X87: =IFERROR(AA87/$J87,AA87) -> 11 | Y87: =IFERROR(AB87/$J87,AB87) -> 11 | Z87: =IFERROR(IF(F87="",V87*$Z$70,F87*J87),0) -> 8.8 | AA87: =IFERROR(IF(F87="",V87*$AA$70,F87*J87),0) -> 8.8 | AB87: =IFERROR(IF(F87="",V87*$AB$70,F87*J87),0) -> 8.8
A88: =IF(A33=0,"Vide",A33) -> Vide | D88: 0.79166667 | E88: =IF(SUMIFS('Daily Forecast'!D:D,'Daily Forecast'!B:B,'Daily Flash NL (2)'!$D$12,'Daily Forecast'!F:F,A88,'Daily Forecast'!A:A,"Belgium")=0,"",SUMIFS('Daily Forecast'!D:D,'Daily Forecast'!B:B,'Daily Flash NL (2)'!$D$12,'Daily Forecast'!F:F,A88,'Daily Forecast'!A:A,"Belgium")) | F88: =IF(SUMIFS('Daily Storm Data 2'!I:I,'Daily Storm Data 2'!$A:$A,'Daily Flash NL (2)'!$D$12,'Daily Storm Data 2'!$G:$G,'Daily Flash NL (2)'!$A88,'Daily Storm Data 2'!$E:$E,"Belgium")=0,"",SUMIFS('Daily Storm Data 2'!I:I,'Daily Storm Data 2'!$A:$A,'Daily Flash NL (2)'!$D$12,'Daily Storm Data 2'!$G:$G,'Daily Flash NL (2)'!$A88,'Daily Storm Data 2'!$E:$E,"Belgium")) | G88: =SUMIFS('Daily Storm Data 2'!J:J,'Daily Storm Data 2'!$A:$A,'Daily Flash NL (2)'!$D$12,'Daily Storm Data 2'!$G:$G,'Daily Flash NL (2)'!$A88,'Daily Storm Data 2'!$E:$E,"Belgium") -> 0 | H88: =SUMIFS('Daily Storm Data 2'!K:K,'Daily Storm Data 2'!$A:$A,'Daily Flash NL (2)'!$D$12,'Daily Storm Data 2'!$G:$G,'Daily Flash NL (2)'!$A88,'Daily Storm Data 2'!$E:$E,"Belgium") -> 0 | I88: =IFERROR(Table168[[#This Row],[Volume Actual]]/Table168[[#This Row],[Volume Forcasted]],"") | J88: =IFERROR(H88/G88,"") | K88: =+IFERROR(Table168[[#This Row],[Volume Handled]]/Table168[[#This Row],[Volume Actual]],"") | L88: =SUMIFS('Daily Storm Data 2'!O:O,'Daily Storm Data 2'!$A:$A,'Daily Flash NL (2)'!$D$12,'Daily Storm Data 2'!$G:$G,'Daily Flash NL (2)'!$A88,'Daily Storm Data 2'!$E:$E,"Belgium") -> 0 | M88: 7 | N88: 1 | P88: =IFERROR(Table168[[#This Row],[Abs]]/Table168[[#This Row],[Planned]],"") -> 0.14285714 | U88: =+U87+1 -> 19 | V88: =IF(SUMIFS('Daily Forecast'!D:D,'Daily Forecast'!B:B,'Daily Flash NL (2)'!$D$12,'Daily Forecast'!F:F,U88,'Daily Forecast'!A:A,"Belgium")=0,"",SUMIFS('Daily Forecast'!D:D,'Daily Forecast'!B:B,'Daily Flash NL (2)'!$D$12,'Daily Forecast'!F:F,U88,'Daily Forecast'!A:A,"Belgium")) -> 18 | W88: =IFERROR(Z88/$J88,Z88) -> 16.95 | X88: =IFERROR(AA88/$J88,AA88) -> 18 | Y88: =IFERROR(AB88/$J88,AB88) -> 10.8 | Z88: =IFERROR(IF(F88="",V88*$Z$70,F88*J88),0) -> 16.95 | AA88: =IFERROR(IF(F88="",V88*$AA$70,F88*J88),0) -> 18 | AB88: =IFERROR(IF(F88="",V88*$AB$70,F88*J88),0) -> 10.8
A89: =IF(A34=0,"Vide",A34) -> Vide | D89: 0.83333333 | E89: =IF(SUMIFS('Daily Forecast'!D:D,'Daily Forecast'!B:B,'Daily Flash NL (2)'!$D$12,'Daily Forecast'!F:F,A89,'Daily Forecast'!A:A,"Belgium")=0,"",SUMIFS('Daily Forecast'!D:D,'Daily Forecast'!B:B,'Daily Flash NL (2)'!$D$12,'Daily Forecast'!F:F,A89,'Daily Forecast'!A:A,"Belgium")) | F89: =IF(SUMIFS('Daily Storm Data 2'!I:I,'Daily Storm Data 2'!$A:$A,'Daily Flash NL (2)'!$D$12,'Daily Storm Data 2'!$G:$G,'Daily Flash NL (2)'!$A89,'Daily Storm Data 2'!$E:$E,"Belgium")=0,"",SUMIFS('Daily Storm Data 2'!I:I,'Daily Storm Data 2'!$A:$A,'Daily Flash NL (2)'!$D$12,'Daily Storm Data 2'!$G:$G,'Daily Flash NL (2)'!$A89,'Daily Storm Data 2'!$E:$E,"Belgium")) | G89: =SUMIFS('Daily Storm Data 2'!J:J,'Daily Storm Data 2'!$A:$A,'Daily Flash NL (2)'!$D$12,'Daily Storm Data 2'!$G:$G,'Daily Flash NL (2)'!$A89,'Daily Storm Data 2'!$E:$E,"Belgium") -> 0 | H89: =SUMIFS('Daily Storm Data 2'!K:K,'Daily Storm Data 2'!$A:$A,'Daily Flash NL (2)'!$D$12,'Daily Storm Data 2'!$G:$G,'Daily Flash NL (2)'!$A89,'Daily Storm Data 2'!$E:$E,"Belgium") -> 0 | I89: =IFERROR(Table168[[#This Row],[Volume Actual]]/Table168[[#This Row],[Volume Forcasted]],"") | J89: =IFERROR(H89/G89,"") | K89: =+IFERROR(Table168[[#This Row],[Volume Handled]]/Table168[[#This Row],[Volume Actual]],"") | L89: =SUMIFS('Daily Storm Data 2'!O:O,'Daily Storm Data 2'!$A:$A,'Daily Flash NL (2)'!$D$12,'Daily Storm Data 2'!$G:$G,'Daily Flash NL (2)'!$A89,'Daily Storm Data 2'!$E:$E,"Belgium") -> 0 | M89: 4 | P89: =IFERROR(Table168[[#This Row],[Abs]]/Table168[[#This Row],[Planned]],"") -> 0 | U89: =+U88+1 -> 20 | V89: =IF(SUMIFS('Daily Forecast'!D:D,'Daily Forecast'!B:B,'Daily Flash NL (2)'!$D$12,'Daily Forecast'!F:F,U89,'Daily Forecast'!A:A,"Belgium")=0,"",SUMIFS('Daily Forecast'!D:D,'Daily Forecast'!B:B,'Daily Flash NL (2)'!$D$12,'Daily Forecast'!F:F,U89,'Daily Forecast'!A:A,"Belgium")) -> 9 | W89: =IFERROR(Z89/$J89,Z89) -> 8.475 | X89: =IFERROR(AA89/$J89,AA89) -> 9 | Y89: =IFERROR(AB89/$J89,AB89) -> 5.4 | Z89: =IFERROR(IF(F89="",V89*$Z$70,F89*J89),0) -> 8.475 | AA89: =IFERROR(IF(F89="",V89*$AA$70,F89*J89),0) -> 9 | AB89: =IFERROR(IF(F89="",V89*$AB$70,F89*J89),0) -> 5.4
A90: =IF(A35=0,"Vide",A35) -> Vide | D90: 0.875 | E90: =IF(SUMIFS('Daily Forecast'!D:D,'Daily Forecast'!B:B,'Daily Flash NL (2)'!$D$12,'Daily Forecast'!F:F,A90,'Daily Forecast'!A:A,"Belgium")=0,"",SUMIFS('Daily Forecast'!D:D,'Daily Forecast'!B:B,'Daily Flash NL (2)'!$D$12,'Daily Forecast'!F:F,A90,'Daily Forecast'!A:A,"Belgium")) | F90: =IF(SUMIFS('Daily Storm Data 2'!I:I,'Daily Storm Data 2'!$A:$A,'Daily Flash NL (2)'!$D$12,'Daily Storm Data 2'!$G:$G,'Daily Flash NL (2)'!$A90,'Daily Storm Data 2'!$E:$E,"Belgium")=0,"",SUMIFS('Daily Storm Data 2'!I:I,'Daily Storm Data 2'!$A:$A,'Daily Flash NL (2)'!$D$12,'Daily Storm Data 2'!$G:$G,'Daily Flash NL (2)'!$A90,'Daily Storm Data 2'!$E:$E,"Belgium")) | G90: =SUMIFS('Daily Storm Data 2'!J:J,'Daily Storm Data 2'!$A:$A,'Daily Flash NL (2)'!$D$12,'Daily Storm Data 2'!$G:$G,'Daily Flash NL (2)'!$A90,'Daily Storm Data 2'!$E:$E,"Belgium") -> 0 | H90: =SUMIFS('Daily Storm Data 2'!K:K,'Daily Storm Data 2'!$A:$A,'Daily Flash NL (2)'!$D$12,'Daily Storm Data 2'!$G:$G,'Daily Flash NL (2)'!$A90,'Daily Storm Data 2'!$E:$E,"Belgium") -> 0 | I90: =IFERROR(Table168[[#This Row],[Volume Actual]]/Table168[[#This Row],[Volume Forcasted]],"") | J90: =IFERROR(H90/G90,"") | K90: =+IFERROR(Table168[[#This Row],[Volume Handled]]/Table168[[#This Row],[Volume Actual]],"") | L90: =SUMIFS('Daily Storm Data 2'!O:O,'Daily Storm Data 2'!$A:$A,'Daily Flash NL (2)'!$D$12,'Daily Storm Data 2'!$G:$G,'Daily Flash NL (2)'!$A90,'Daily Storm Data 2'!$E:$E,"Belgium") -> 0 | M90: 4 | P90: =IFERROR(Table168[[#This Row],[Abs]]/Table168[[#This Row],[Planned]],"") -> 0 | U90: =+U89+1 -> 21 | V90: =IF(SUMIFS('Daily Forecast'!D:D,'Daily Forecast'!B:B,'Daily Flash NL (2)'!$D$12,'Daily Forecast'!F:F,U90,'Daily Forecast'!A:A,"Belgium")=0,"",SUMIFS('Daily Forecast'!D:D,'Daily Forecast'!B:B,'Daily Flash NL (2)'!$D$12,'Daily Forecast'!F:F,U90,'Daily Forecast'!A:A,"Belgium")) -> 4 | W90: =IFERROR(Z90/$J90,Z90) -> 3.7666667 | X90: =IFERROR(AA90/$J90,AA90) -> 4 | Y90: =IFERROR(AB90/$J90,AB90) -> 2.4 | Z90: =IFERROR(IF(F90="",V90*$Z$70,F90*J90),0) -> 3.7666667 | AA90: =IFERROR(IF(F90="",V90*$AA$70,F90*J90),0) -> 4 | AB90: =IFERROR(IF(F90="",V90*$AB$70,F90*J90),0) -> 2.4
D91: 0.91666667 | M91: 4 | N91: 0 | U91: =+U90+1 -> 22 | V91: =IF(SUMIFS('Daily Forecast'!D:D,'Daily Forecast'!B:B,'Daily Flash NL (2)'!$D$12,'Daily Forecast'!F:F,U91,'Daily Forecast'!A:A,"Netherlands")=0,"",SUMIFS('Daily Forecast'!D:D,'Daily Forecast'!B:B,'Daily Flash NL (2)'!$D$12,'Daily Forecast'!F:F,U91,'Daily Forecast'!A:A,"Netherlands")) -> 6 | W91: =IFERROR(Z91/$J91,Z91) -> 5.65 | X91: =IFERROR(AA91/$J91,AA91) -> 6 | Y91: =IFERROR(AB91/$J91,AB91) -> 3.6 | Z91: =IFERROR(IF(F91="",V91*$Z$70,F91*J91),0) -> 5.65 | AA91: =IFERROR(IF(F91="",V91*$AA$16,F91*J91),0) -> 6 | AB91: =IFERROR(IF(F91="",V91*$AB$16,F91*J91),0) -> 3.6
U92: =+U91+1 -> 23 | W92: =Z92/$J92 -> #DIV/0! | X92: =AA92/$J92 -> #DIV/0! | Y92: =AB92/$J92 -> #DIV/0! | Z92: =IFERROR(IF(F92="",V92*$Z$70,F92*J92),0) -> 0 | AB92: =IFERROR(IF(F92="",V92*$AB$16,F92*J92),0) -> 0
U93: =+U92+1 -> 24 | W93: =Z93/$J93 -> #DIV/0! | X93: =AA93/$J93 -> #DIV/0! | Y93: =AB93/$J93 -> #DIV/0! | Z93: =IFERROR(IF(F93="",V93*$Z$70,F93*J93),0) -> 0 | AB93: =IFERROR(IF(F93="",V93*$AB$16,F93*J93),0) -> 0
U94: =+U93+1 -> 25 | W94: =Z94/$J94 -> #DIV/0! | X94: =AA94/$J94 -> #DIV/0! | Y94: =AB94/$J94 -> #DIV/0! | Z94: =IFERROR(IF(F94="",V94*$Z$70,F94*J94),0) -> 0 | AB94: =IFERROR(IF(F94="",V94*$AB$16,F94*J94),0) -> 0
U95: =+U94+1 -> 26 | W95: =Z95/$J95 -> #DIV/0! | X95: =AA95/$J95 -> #DIV/0! | Y95: =AB95/$J95 -> #DIV/0! | Z95: =IFERROR(IF(F95="",V95*$Z$70,F95*J95),0) -> 0 | AB95: =IFERROR(IF(F95="",V95*$AB$16,F95*J95),0) -> 0
U96: =+U95+1 -> 27 | W96: =Z96/$J96 -> #DIV/0! | X96: =AA96/$J96 -> #DIV/0! | Y96: =AB96/$J96 -> #DIV/0! | Z96: =IFERROR(IF(F96="",V96*$Z$70,F96*J96),0) -> 0 | AB96: =IFERROR(IF(F96="",V96*$AB$16,F96*J96),0) -> 0
U97: =+U96+1 -> 28 | W97: =Z97/$J97 -> #DIV/0! | X97: =AA97/$J97 -> #DIV/0! | Y97: =AB97/$J97 -> #DIV/0! | Z97: =IFERROR(IF(F97="",V97*$Z$70,F97*J97),0) -> 0 | AB97: =IFERROR(IF(F97="",V97*$AB$16,F97*J97),0) -> 0
U98: =+U97+1 -> 29 | W98: =Z98/$J98 -> #DIV/0! | X98: =AA98/$J98 -> #DIV/0! | Y98: =AB98/$J98 -> #DIV/0! | Z98: =IFERROR(IF(F98="",V98*$Z$70,F98*J98),0) -> 0 | AB98: =IFERROR(IF(F98="",V98*$AB$16,F98*J98),0) -> 0
U99: =+U98+1 -> 30 | W99: =Z99/$J99 -> #DIV/0! | X99: =AA99/$J99 -> #DIV/0! | Y99: =AB99/$J99 -> #DIV/0! | Z99: =IFERROR(IF(F99="",V99*$Z$70,F99*J99),0) -> 0 | AB99: =IFERROR(IF(F99="",V99*$AB$16,F99*J99),0) -> 0
U100: =+U99+1 -> 31 | W100: =Z100/$J100 -> #DIV/0! | X100: =AA100/$J100 -> #DIV/0! | Y100: =AB100/$J100 -> #DIV/0! | Z100: =IFERROR(IF(F100="",V100*$Z$70,F100*J100),0) -> 0 | AB100: =IFERROR(IF(F100="",V100*$AB$16,F100*J100),0) -> 0
U101: =+U100+1 -> 32 | W101: =Z101/$J101 -> #DIV/0! | X101: =AA101/$J101 -> #DIV/0! | Y101: =AB101/$J101 -> #DIV/0! | Z101: =IFERROR(IF(F101="",V101*$Z$70,F101*J101),0) -> 0 | AB101: =IFERROR(IF(F101="",V101*$AB$16,F101*J101),0) -> 0
U102: =+U101+1 -> 33 | W102: =Z102/$J102 -> #DIV/0! | X102: =AA102/$J102 -> #DIV/0! | Y102: =AB102/$J102 -> #DIV/0! | Z102: =IFERROR(IF(F102="",V102*$Z$70,F102*J102),0) -> 0 | AB102: =IFERROR(IF(F102="",V102*$AB$16,F102*J102),0) -> 0
U103: =+U102+1 -> 34 | W103: =Z103/$J103 -> #DIV/0! | X103: =AA103/$J103 -> #DIV/0! | Y103: =AB103/$J103 -> #DIV/0! | Z103: =IFERROR(IF(F103="",V103*$Z$70,F103*J103),0) -> 0 | AB103: =IFERROR(IF(F103="",V103*$AB$16,F103*J103),0) -> 0
... U105: =+U104+1 -> 36 | W105: =Z105/$J105 -> #DIV/0! | X105: =AA105/$J105 -> #DIV/0! | Y105: =AB105/$J105 -> #DIV/0! | Z105: =IFERROR(IF(F105="",V105*$Z$70,F105*J105),0) -> 0 | AB105: =IFERROR(IF(F105="",V105*$AB$16,F105*J105),0) -> 0
D106: Day till Hour | E106: =SUM(E75:E105) -> 240 | F106: =SUM(F75:F105) -> 226 | G106: =SUM(G75:G90) -> 208 | H106: =SUM(H75:H90) -> 137 | I106: =Table168[[#This Row],[Volume Actual]]/Table168[[#This Row],[Volume Forcasted]] -> 0.94166667 | J106: =D70 -> 0.65865385 | K106: =+IFERROR(Table168[[#This Row],[Volume Handled]]/Table168[[#This Row],[Volume Actual]],"") -> 0.92035398 | L106: =+SUMPRODUCT(F75:F100,L75:L100)/SUM(F75:F100) -> 654.77342 | M106: =SUM(M75:M105) -> 90 | N106: =SUM(N75:N105) -> 10 | O106: =SUM(O75:O105) -> 0 | P106: =IFERROR(Table168[[#This Row],[Abs]]/Table168[[#This Row],[Planned]],"") -> 0.11111111 | V106: =SUM(V75:V91) -> 279 | W106: =SUM(W75:W91) -> 262.725 | X106: =SUM(X75:X91) -> 265 | Y106: =SUM(Y75:Y91) -> 249.4 | Z106: =SUM(Z75:Z91)/W106 -> 0.69038609 | AA106: =SUM(AA75:AA91)/X106 -> 0.69304409 | AB106: =SUM(AB75:AB91)/Y106 -> 0.67384396
O132: Hour | P132: Planned | Q132: Abs
O133: 0.25 | P133: 5 | Q133: 1
O134: 0.29166667 | P134: 7
O135: 0.33333333 | P135: 14 | Q135: 3
O136: 0.375 | P136: 20 | Q136: 5
O137: 0.41666667 | P137: 20 | Q137: 5
O138: 0.45833333 | P138: 21 | Q138: 5
O139: 0.5 | P139: 21 | Q139: 5
O140: 0.54166667 | P140: 21 | Q140: 5
O141: 0.58333333 | P141: 25 | Q141: 6
O142: 0.625 | P142: 23 | Q142: 6
...

Sheet Daily Flash NL CBC
AB3: Traité | AC3: Voice Mail
D4: Global TSL RSA | AA4: Ford NL | AB4: 208 | AC4: 69
D5: =(H51+H106)/(G51+G106) -> 0.85227273 | AA5: Fpord FR | AB5: 199 | AC5: 17
D12: 46160
D14: TSL | F14: Availability | J14: Deviation | P14: Absence Rate in HC
D15: =H51/F51 -> 0.7088 | F15: =+SUM(G20:G50)/SUM(F20:F50) -> 0.8656 | J15: =+SUM(F20:F50)/SUM(E20:E50) -> 0.93984962 | P15: =SUM(N20:N50)/SUM(M20:M50) -> 0.13636364 | Z15: Average Threshold Deviation | AA15: Average Threshold Deviation | AB15: Average Threshold Deviation
Z16: =J15 -> 0.93984962 | AA16: 1 | AB16: 0.6
Z18: Scenario 1 | AA18: Scenario 2 | AB18: Scenario 2
D19: Hour | E19: Volume Forcasted | F19: Volume Actual | G19: Volume Handled | H19: Volume Handle in SL | I19: Deviation | J19: SL | K19: Availability | L19: AHT | M19: Planned | N19: Abs | O19: Late/Early leave | P19: % Abs | S19: Calls over Forecast | U19: Hour | V19: Forecast | W19: Actual Fc scenario 1 | X19: Actual Fc scenario 2 | Y19: Actual Fc scenario 3 | Z19: Actual deviation until EOD | AA19: 100% deviation until EOD | AB19: 90% deviation until EOD
A20: 7 | D20: 0.25 | E20: =IF(SUMIFS('Daily Forecast'!D:D,'Daily Forecast'!B:B,'Daily Flash NL CBC'!$D$12,'Daily Forecast'!F:F,A20,'Daily Forecast'!A:A,"Netherlands")=0,"",SUMIFS('Daily Forecast'!D:D,'Daily Forecast'!B:B,'Daily Flash NL CBC'!$D$12,'Daily Forecast'!F:F,A20,'Daily Forecast'!A:A,"Netherlands")) -> 25 | F20: =SUMIFS(CBC!L:L,CBC!A:A,'Daily Flash NL CBC'!$D$12,CBC!C:C,'Daily Flash NL CBC'!$A20) -> 14 | G20: =SUMIFS('Daily Storm Data 2'!J:J,'Daily Storm Data 2'!$A:$A,'Daily Flash NL CBC'!$D$12,'Daily Storm Data 2'!$G:$G,'Daily Flash NL CBC'!$A20,'Daily Storm Data 2'!$E:$E,"Netherlands") -> 14 | H20: =SUMIFS('Daily Storm Data 2'!K:K,'Daily Storm Data 2'!$A:$A,'Daily Flash NL CBC'!$D$12,'Daily Storm Data 2'!$G:$G,'Daily Flash NL CBC'!$A20,'Daily Storm Data 2'!$E:$E,"Netherlands") -> 7 | I20: =IFERROR(Table14[[#This Row],[Volume Actual]]/Table14[[#This Row],[Volume Forcasted]],"") -> 0.56 | J20: =SUMIFS(CBC!N:N,CBC!A:A,'Daily Flash NL CBC'!$D$12,CBC!C:C,'Daily Flash NL CBC'!$A20) -> 0.5 | K20: =+IFERROR(Table14[[#This Row],[Volume Handled]]/Table14[[#This Row],[Volume Actual]],"") -> 1 | L20: =SUMIFS('Daily Storm Data 2'!O:O,'Daily Storm Data 2'!$A:$A,'Daily Flash NL CBC'!$D$12,'Daily Storm Data 2'!$G:$G,'Daily Flash NL CBC'!$A20,'Daily Storm Data 2'!$E:$E,"Netherlands") -> 300.70646 | M20: 2 | N20: 0 | P20: =IFERROR(Table14[[#This Row],[Abs]]/Table14[[#This Row],[Planned]],"") -> 0 | S20: =Table14[[#This Row],[Volume Actual]]-Table14[[#This Row],[Volume Forcasted]] -> -11 | U20: 6 | V20: =IF(SUMIFS('Daily Forecast'!D:D,'Daily Forecast'!B:B,'Daily Flash NL CBC'!$D$12,'Daily Forecast'!F:F,U20,'Daily Forecast'!A:A,"Netherlands")=0,"",SUMIFS('Daily Forecast'!D:D,'Daily Forecast'!B:B,'Daily Flash NL CBC'!$D$12,'Daily Forecast'!F:F,U20,'Daily Forecast'!A:A,"Netherlands")) -> 9 | W20: =IFERROR(Z20/$J20,Z20) -> 14 | X20: =IFERROR(AA20/$J20,AA20) -> 14 | Y20: =IFERROR(AB20/$J20,AB20) -> 14 | Z20: =IFERROR(IF(F20="",V20*$Z$16,F20*J20),0) -> 7 | AA20: =IFERROR(IF(F20="",V20*$AA$16,F20*J20),0) -> 7 | AB20: =IFERROR(IF(F20="",V20*$AB$16,F20*J20),0) -> 7
A21: =+A20+1 -> 8 | D21: 0.29166667 | E21: =IF(SUMIFS('Daily Forecast'!D:D,'Daily Forecast'!B:B,'Daily Flash NL CBC'!$D$12,'Daily Forecast'!F:F,A21,'Daily Forecast'!A:A,"Netherlands")=0,"",SUMIFS('Daily Forecast'!D:D,'Daily Forecast'!B:B,'Daily Flash NL CBC'!$D$12,'Daily Forecast'!F:F,A21,'Daily Forecast'!A:A,"Netherlands")) -> 79 | F21: =SUMIFS(CBC!L:L,CBC!A:A,'Daily Flash NL CBC'!$D$12,CBC!C:C,'Daily Flash NL CBC'!$A21) -> 65 | G21: =SUMIFS('Daily Storm Data 2'!J:J,'Daily Storm Data 2'!$A:$A,'Daily Flash NL CBC'!$D$12,'Daily Storm Data 2'!$G:$G,'Daily Flash NL CBC'!$A21,'Daily Storm Data 2'!$E:$E,"Netherlands") -> 59 | H21: =SUMIFS('Daily Storm Data 2'!K:K,'Daily Storm Data 2'!$A:$A,'Daily Flash NL CBC'!$D$12,'Daily Storm Data 2'!$G:$G,'Daily Flash NL CBC'!$A21,'Daily Storm Data 2'!$E:$E,"Netherlands") -> 38 | I21: =IFERROR(Table14[[#This Row],[Volume Actual]]/Table14[[#This Row],[Volume Forcasted]],"") -> 0.82278481 | J21: =SUMIFS(CBC!N:N,CBC!A:A,'Daily Flash NL CBC'!$D$12,CBC!C:C,'Daily Flash NL CBC'!$A21) -> 0.66153846 | K21: =+IFERROR(Table14[[#This Row],[Volume Handled]]/Table14[[#This Row],[Volume Actual]],"") -> 0.90769231 | L21: =SUMIFS(CBC!M:M,CBC!A:A,'Daily Flash NL CBC'!$D$12,CBC!C:C,'Daily Flash NL CBC'!$A21-1) -> 308.64286 | M21: 5 | N21: 2 | P21: =IFERROR(Table14[[#This Row],[Abs]]/Table14[[#This Row],[Planned]],"") -> 0.4 | S21: =Table14[[#This Row],[Volume Actual]]-Table14[[#This Row],[Volume Forcasted]] -> -14 | U21: =+U20+1 -> 7 | V21: =IF(SUMIFS('Daily Forecast'!D:D,'Daily Forecast'!B:B,'Daily Flash NL CBC'!$D$12,'Daily Forecast'!F:F,U21,'Daily Forecast'!A:A,"Netherlands")=0,"",SUMIFS('Daily Forecast'!D:D,'Daily Forecast'!B:B,'Daily Flash NL CBC'!$D$12,'Daily Forecast'!F:F,U21,'Daily Forecast'!A:A,"Netherlands")) -> 25 | W21: =IFERROR(Z21/$J21,Z21) -> 65 | X21: =IFERROR(AA21/$J21,AA21) -> 65 | Y21: =IFERROR(AB21/$J21,AB21) -> 65 | Z21: =IFERROR(IF(F21="",V21*$Z$16,F21*J21),0) -> 43 | AA21: =IFERROR(IF(F21="",V21*$AA$16,F21*J21),0) -> 43 | AB21: =IFERROR(IF(F21="",V21*$AB$16,F21*J21),0) -> 43
A22: =+A21+1 -> 9 | D22: 0.33333333 | E22: =IF(SUMIFS('Daily Forecast'!D:D,'Daily Forecast'!B:B,'Daily Flash NL CBC'!$D$12,'Daily Forecast'!F:F,A22,'Daily Forecast'!A:A,"Netherlands")=0,"",SUMIFS('Daily Forecast'!D:D,'Daily Forecast'!B:B,'Daily Flash NL CBC'!$D$12,'Daily Forecast'!F:F,A22,'Daily Forecast'!A:A,"Netherlands")) -> 91 | F22: =SUMIFS(CBC!L:L,CBC!A:A,'Daily Flash NL CBC'!$D$12,CBC!C:C,'Daily Flash NL CBC'!$A22) -> 91 | G22: =SUMIFS('Daily Storm Data 2'!J:J,'Daily Storm Data 2'!$A:$A,'Daily Flash NL CBC'!$D$12,'Daily Storm Data 2'!$G:$G,'Daily Flash NL CBC'!$A22,'Daily Storm Data 2'!$E:$E,"Netherlands") -> 79 | H22: =SUMIFS('Daily Storm Data 2'!K:K,'Daily Storm Data 2'!$A:$A,'Daily Flash NL CBC'!$D$12,'Daily Storm Data 2'!$G:$G,'Daily Flash NL CBC'!$A22,'Daily Storm Data 2'!$E:$E,"Netherlands") -> 78 | I22: =IFERROR(Table14[[#This Row],[Volume Actual]]/Table14[[#This Row],[Volume Forcasted]],"") -> 1 | J22: =SUMIFS(CBC!N:N,CBC!A:A,'Daily Flash NL CBC'!$D$12,CBC!C:C,'Daily Flash NL CBC'!$A22) -> 0.78021978 | K22: =+IFERROR(Table14[[#This Row],[Volume Handled]]/Table14[[#This Row],[Volume Actual]],"") -> 0.86813187 | L22: =SUMIFS(CBC!M:M,CBC!A:A,'Daily Flash NL CBC'!$D$12,CBC!C:C,'Daily Flash NL CBC'!$A22-1) -> 346 | M22: 6 | N22: 2 | P22: =IFERROR(Table14[[#This Row],[Abs]]/Table14[[#This Row],[Planned]],"") -> 0.33333333 | S22: =Table14[[#This Row],[Volume Actual]]-Table14[[#This Row],[Volume Forcasted]] -> 0 | U22: =+U21+1 -> 8 | V22: =IF(SUMIFS('Daily Forecast'!D:D,'Daily Forecast'!B:B,'Daily Flash NL CBC'!$D$12,'Daily Forecast'!F:F,U22,'Daily Forecast'!A:A,"Netherlands")=0,"",SUMIFS('Daily Forecast'!D:D,'Daily Forecast'!B:B,'Daily Flash NL CBC'!$D$12,'Daily Forecast'!F:F,U22,'Daily Forecast'!A:A,"Netherlands")) -> 79 | W22: =IFERROR(Z22/$J22,Z22) -> 91 | X22: =IFERROR(AA22/$J22,AA22) -> 91 | Y22: =IFERROR(AB22/$J22,AB22) -> 91 | Z22: =IFERROR(IF(F22="",V22*$Z$16,F22*J22),0) -> 71 | AA22: =IFERROR(IF(F22="",V22*$AA$16,F22*J22),0) -> 71 | AB22: =IFERROR(IF(F22="",V22*$AB$16,F22*J22),0) -> 71 | AE22: Étiquettes de lignes | AF22: I | AG22: (vide) | AH22: Total général
A23: =+A22+1 -> 10 | D23: 0.375 | E23: =IF(SUMIFS('Daily Forecast'!D:D,'Daily Forecast'!B:B,'Daily Flash NL CBC'!$D$12,'Daily Forecast'!F:F,A23,'Daily Forecast'!A:A,"Netherlands")=0,"",SUMIFS('Daily Forecast'!D:D,'Daily Forecast'!B:B,'Daily Flash NL CBC'!$D$12,'Daily Forecast'!F:F,A23,'Daily Forecast'!A:A,"Netherlands")) -> 97 | F23: =SUMIFS(CBC!L:L,CBC!A:A,'Daily Flash NL CBC'!$D$12,CBC!C:C,'Daily Flash NL CBC'!$A23) -> 89 | G23: =SUMIFS('Daily Storm Data 2'!J:J,'Daily Storm Data 2'!$A:$A,'Daily Flash NL CBC'!$D$12,'Daily Storm Data 2'!$G:$G,'Daily Flash NL CBC'!$A23,'Daily Storm Data 2'!$E:$E,"Netherlands") -> 75 | H23: =SUMIFS('Daily Storm Data 2'!K:K,'Daily Storm Data 2'!$A:$A,'Daily Flash NL CBC'!$D$12,'Daily Storm Data 2'!$G:$G,'Daily Flash NL CBC'!$A23,'Daily Storm Data 2'!$E:$E,"Netherlands") -> 65 | I23: =IFERROR(Table14[[#This Row],[Volume Actual]]/Table14[[#This Row],[Volume Forcasted]],"") -> 0.91752577 | J23: =SUMIFS(CBC!N:N,CBC!A:A,'Daily Flash NL CBC'!$D$12,CBC!C:C,'Daily Flash NL CBC'!$A23) -> 0.64044944 | K23: =+IFERROR(Table14[[#This Row],[Volume Handled]]/Table14[[#This Row],[Volume Actual]],"") -> 0.84269663 | L23: =SUMIFS(CBC!M:M,CBC!A:A,'Daily Flash NL CBC'!$D$12,CBC!C:C,'Daily Flash NL CBC'!$A23-1) -> 379.79121 | M23: 6 | N23: 2 | P23: =IFERROR(Table14[[#This Row],[Abs]]/Table14[[#This Row],[Planned]],"") -> 0.33333333 | S23: =Table14[[#This Row],[Volume Actual]]-Table14[[#This Row],[Volume Forcasted]] -> -8 | U23: =+U22+1 -> 9 | V23: =IF(SUMIFS('Daily Forecast'!D:D,'Daily Forecast'!B:B,'Daily Flash NL CBC'!$D$12,'Daily Forecast'!F:F,U23,'Daily Forecast'!A:A,"Netherlands")=0,"",SUMIFS('Daily Forecast'!D:D,'Daily Forecast'!B:B,'Daily Flash NL CBC'!$D$12,'Daily Forecast'!F:F,U23,'Daily Forecast'!A:A,"Netherlands")) -> 91 | W23: =IFERROR(Z23/$J23,Z23) -> 89 | X23: =IFERROR(AA23/$J23,AA23) -> 89 | Y23: =IFERROR(AB23/$J23,AB23) -> 89 | Z23: =IFERROR(IF(F23="",V23*$Z$16,F23*J23),0) -> 57 | AA23: =IFERROR(IF(F23="",V23*$AA$16,F23*J23),0) -> 57 | AB23: =IFERROR(IF(F23="",V23*$AB$16,F23*J23),0) -> 57 | AE23: 3 | AF23: 1 | AH23: 1
A24: =+A23+1 -> 11 | D24: 0.41666667 | E24: =IF(SUMIFS('Daily Forecast'!D:D,'Daily Forecast'!B:B,'Daily Flash NL CBC'!$D$12,'Daily Forecast'!F:F,A24,'Daily Forecast'!A:A,"Netherlands")=0,"",SUMIFS('Daily Forecast'!D:D,'Daily Forecast'!B:B,'Daily Flash NL CBC'!$D$12,'Daily Forecast'!F:F,A24,'Daily Forecast'!A:A,"Netherlands")) -> 80 | F24: =SUMIFS(CBC!L:L,CBC!A:A,'Daily Flash NL CBC'!$D$12,CBC!C:C,'Daily Flash NL CBC'!$A24) -> 83 | G24: =SUMIFS('Daily Storm Data 2'!J:J,'Daily Storm Data 2'!$A:$A,'Daily Flash NL CBC'!$D$12,'Daily Storm Data 2'!$G:$G,'Daily Flash NL CBC'!$A24,'Daily Storm Data 2'!$E:$E,"Netherlands") -> 70 | H24: =SUMIFS('Daily Storm Data 2'!K:K,'Daily Storm Data 2'!$A:$A,'Daily Flash NL CBC'!$D$12,'Daily Storm Data 2'!$G:$G,'Daily Flash NL CBC'!$A24,'Daily Storm Data 2'!$E:$E,"Netherlands") -> 67 | I24: =IFERROR(Table14[[#This Row],[Volume Actual]]/Table14[[#This Row],[Volume Forcasted]],"") -> 1.0375 | J24: =SUMIFS(CBC!N:N,CBC!A:A,'Daily Flash NL CBC'!$D$12,CBC!C:C,'Daily Flash NL CBC'!$A24) -> 0.74698795 | K24: =+IFERROR(Table14[[#This Row],[Volume Handled]]/Table14[[#This Row],[Volume Actual]],"") -> 0.84337349 | L24: =SUMIFS(CBC!M:M,CBC!A:A,'Daily Flash NL CBC'!$D$12,CBC!C:C,'Daily Flash NL CBC'!$A24-1) -> 410.40449 | M24: 6 | N24: 2 | P24: =IFERROR(Table14[[#This Row],[Abs]]/Table14[[#This Row],[Planned]],"") -> 0.33333333 | S24: =Table14[[#This Row],[Volume Actual]]-Table14[[#This Row],[Volume Forcasted]] -> 3 | U24: =+U23+1 -> 10 | V24: =IF(SUMIFS('Daily Forecast'!D:D,'Daily Forecast'!B:B,'Daily Flash NL CBC'!$D$12,'Daily Forecast'!F:F,U24,'Daily Forecast'!A:A,"Netherlands")=0,"",SUMIFS('Daily Forecast'!D:D,'Daily Forecast'!B:B,'Daily Flash NL CBC'!$D$12,'Daily Forecast'!F:F,U24,'Daily Forecast'!A:A,"Netherlands")) -> 97 | W24: =IFERROR(Z24/$J24,Z24) -> 83 | X24: =IFERROR(AA24/$J24,AA24) -> 83 | Y24: =IFERROR(AB24/$J24,AB24) -> 83 | Z24: =IFERROR(IF(F24="",V24*$Z$16,F24*J24),0) -> 62 | AA24: =IFERROR(IF(F24="",V24*$AA$16,F24*J24),0) -> 62 | AB24: =IFERROR(IF(F24="",V24*$AB$16,F24*J24),0) -> 62 | AE24: 4 | AF24: 1 | AH24: 1
A25: =+A24+1 -> 12 | D25: 0.45833333 | E25: =IF(SUMIFS('Daily Forecast'!D:D,'Daily Forecast'!B:B,'Daily Flash NL CBC'!$D$12,'Daily Forecast'!F:F,A25,'Daily Forecast'!A:A,"Netherlands")=0,"",SUMIFS('Daily Forecast'!D:D,'Daily Forecast'!B:B,'Daily Flash NL CBC'!$D$12,'Daily Forecast'!F:F,A25,'Daily Forecast'!A:A,"Netherlands")) -> 69 | F25: =SUMIFS(CBC!L:L,CBC!A:A,'Daily Flash NL CBC'!$D$12,CBC!C:C,'Daily Flash NL CBC'!$A25) -> 71 | G25: =SUMIFS('Daily Storm Data 2'!J:J,'Daily Storm Data 2'!$A:$A,'Daily Flash NL CBC'!$D$12,'Daily Storm Data 2'!$G:$G,'Daily Flash NL CBC'!$A25,'Daily Storm Data 2'!$E:$E,"Netherlands") -> 58 | H25: =SUMIFS('Daily Storm Data 2'!K:K,'Daily Storm Data 2'!$A:$A,'Daily Flash NL CBC'!$D$12,'Daily Storm Data 2'!$G:$G,'Daily Flash NL CBC'!$A25,'Daily Storm Data 2'!$E:$E,"Netherlands") -> 46 | I25: =IFERROR(Table14[[#This Row],[Volume Actual]]/Table14[[#This Row],[Volume Forcasted]],"") -> 1.0289855 | J25: =SUMIFS(CBC!N:N,CBC!A:A,'Daily Flash NL CBC'!$D$12,CBC!C:C,'Daily Flash NL CBC'!$A25) -> 0.61971831 | K25: =+IFERROR(Table14[[#This Row],[Volume Handled]]/Table14[[#This Row],[Volume Actual]],"") -> 0.81690141 | L25: =SUMIFS(CBC!M:M,CBC!A:A,'Daily Flash NL CBC'!$D$12,CBC!C:C,'Daily Flash NL CBC'!$A25-1) -> 333.25301 | M25: 6 | N25: 1 | P25: =IFERROR(Table14[[#This Row],[Abs]]/Table14[[#This Row],[Planned]],"") -> 0.16666667 | S25: =Table14[[#This Row],[Volume Actual]]-Table14[[#This Row],[Volume Forcasted]] -> 2 | U25: =+U24+1 -> 11 | V25: =IF(SUMIFS('Daily Forecast'!D:D,'Daily Forecast'!B:B,'Daily Flash NL CBC'!$D$12,'Daily Forecast'!F:F,U25,'Daily Forecast'!A:A,"Netherlands")=0,"",SUMIFS('Daily Forecast'!D:D,'Daily Forecast'!B:B,'Daily Flash NL CBC'!$D$12,'Daily Forecast'!F:F,U25,'Daily Forecast'!A:A,"Netherlands")) -> 80 | W25: =IFERROR(Z25/$J25,Z25) -> 71 | X25: =IFERROR(AA25/$J25,AA25) -> 71 | Y25: =IFERROR(AB25/$J25,AB25) -> 71 | Z25: =IFERROR(IF(F25="",V25*$Z$16,F25*J25),0) -> 44 | AA25: =IFERROR(IF(F25="",V25*$AA$16,F25*J25),0) -> 44 | AB25: =IFERROR(IF(F25="",V25*$AB$16,F25*J25),0) -> 44 | AE25: 6 | AF25: 8 | AH25: 8
A26: =+A25+1 -> 13 | D26: 0.5 | E26: =IF(SUMIFS('Daily Forecast'!D:D,'Daily Forecast'!B:B,'Daily Flash NL CBC'!$D$12,'Daily Forecast'!F:F,A26,'Daily Forecast'!A:A,"Netherlands")=0,"",SUMIFS('Daily Forecast'!D:D,'Daily Forecast'!B:B,'Daily Flash NL CBC'!$D$12,'Daily Forecast'!F:F,A26,'Daily Forecast'!A:A,"Netherlands")) -> 78 | F26: =SUMIFS(CBC!L:L,CBC!A:A,'Daily Flash NL CBC'!$D$12,CBC!C:C,'Daily Flash NL CBC'!$A26) -> 81 | G26: =SUMIFS('Daily Storm Data 2'!J:J,'Daily Storm Data 2'!$A:$A,'Daily Flash NL CBC'!$D$12,'Daily Storm Data 2'!$G:$G,'Daily Flash NL CBC'!$A26,'Daily Storm Data 2'!$E:$E,"Netherlands") -> 74 | H26: =SUMIFS('Daily Storm Data 2'!K:K,'Daily Storm Data 2'!$A:$A,'Daily Flash NL CBC'!$D$12,'Daily Storm Data 2'!$G:$G,'Daily Flash NL CBC'!$A26,'Daily Storm Data 2'!$E:$E,"Netherlands") -> 52 | I26: =IFERROR(Table14[[#This Row],[Volume Actual]]/Table14[[#This Row],[Volume Forcasted]],"") -> 1.0384615 | J26: =SUMIFS(CBC!N:N,CBC!A:A,'Daily Flash NL CBC'!$D$12,CBC!C:C,'Daily Flash NL CBC'!$A26) -> 0.61728395 | K26: =+IFERROR(Table14[[#This Row],[Volume Handled]]/Table14[[#This Row],[Volume Actual]],"") -> 0.91358025 | L26: =SUMIFS(CBC!M:M,CBC!A:A,'Daily Flash NL CBC'!$D$12,CBC!C:C,'Daily Flash NL CBC'!$A26-1) -> 408.85915 | M26: 6 | N26: 1 | P26: =IFERROR(Table14[[#This Row],[Abs]]/Table14[[#This Row],[Planned]],"") -> 0.16666667 | S26: =Table14[[#This Row],[Volume Actual]]-Table14[[#This Row],[Volume Forcasted]] -> 3 | U26: =+U25+1 -> 12 | V26: =IF(SUMIFS('Daily Forecast'!D:D,'Daily Forecast'!B:B,'Daily Flash NL CBC'!$D$12,'Daily Forecast'!F:F,U26,'Daily Forecast'!A:A,"Netherlands")=0,"",SUMIFS('Daily Forecast'!D:D,'Daily Forecast'!B:B,'Daily Flash NL CBC'!$D$12,'Daily Forecast'!F:F,U26,'Daily Forecast'!A:A,"Netherlands")) -> 69 | W26: =IFERROR(Z26/$J26,Z26) -> 81 | X26: =IFERROR(AA26/$J26,AA26) -> 81 | Y26: =IFERROR(AB26/$J26,AB26) -> 81 | Z26: =IFERROR(IF(F26="",V26*$Z$16,F26*J26),0) -> 50 | AA26: =IFERROR(IF(F26="",V26*$AA$16,F26*J26),0) -> 50 | AB26: =IFERROR(IF(F26="",V26*$AB$16,F26*J26),0) -> 50 | AE26: 7 | AF26: 42 | AH26: 42
A27: =+A26+1 -> 14 | D27: 0.54166667 | E27: =IF(SUMIFS('Daily Forecast'!D:D,'Daily Forecast'!B:B,'Daily Flash NL CBC'!$D$12,'Daily Forecast'!F:F,A27,'Daily Forecast'!A:A,"Netherlands")=0,"",SUMIFS('Daily Forecast'!D:D,'Daily Forecast'!B:B,'Daily Flash NL CBC'!$D$12,'Daily Forecast'!F:F,A27,'Daily Forecast'!A:A,"Netherlands")) -> 84 | F27: =SUMIFS(CBC!L:L,CBC!A:A,'Daily Flash NL CBC'!$D$12,CBC!C:C,'Daily Flash NL CBC'!$A27) -> 63 | G27: =SUMIFS('Daily Storm Data 2'!J:J,'Daily Storm Data 2'!$A:$A,'Daily Flash NL CBC'!$D$12,'Daily Storm Data 2'!$G:$G,'Daily Flash NL CBC'!$A27,'Daily Storm Data 2'!$E:$E,"Netherlands") -> 57 | H27: =SUMIFS('Daily Storm Data 2'!K:K,'Daily Storm Data 2'!$A:$A,'Daily Flash NL CBC'!$D$12,'Daily Storm Data 2'!$G:$G,'Daily Flash NL CBC'!$A27,'Daily Storm Data 2'!$E:$E,"Netherlands") -> 38 | I27: =IFERROR(Table14[[#This Row],[Volume Actual]]/Table14[[#This Row],[Volume Forcasted]],"") -> 0.75 | J27: =SUMIFS(CBC!N:N,CBC!A:A,'Daily Flash NL CBC'!$D$12,CBC!C:C,'Daily Flash NL CBC'!$A27) -> 0.55555556 | K27: =+IFERROR(Table14[[#This Row],[Volume Handled]]/Table14[[#This Row],[Volume Actual]],"") -> 0.9047619 | L27: =SUMIFS(CBC!M:M,CBC!A:A,'Daily Flash NL CBC'!$D$12,CBC!C:C,'Daily Flash NL CBC'!$A27-1) -> 317.12346 | M27: 9 | N27: 1 | P27: =IFERROR(Table14[[#This Row],[Abs]]/Table14[[#This Row],[Planned]],"") -> 0.11111111 | S27: =Table14[[#This Row],[Volume Actual]]-Table14[[#This Row],[Volume Forcasted]] -> -21 | U27: =+U26+1 -> 13 | V27: =IF(SUMIFS('Daily Forecast'!D:D,'Daily Forecast'!B:B,'Daily Flash NL CBC'!$D$12,'Daily Forecast'!F:F,U27,'Daily Forecast'!A:A,"Netherlands")=0,"",SUMIFS('Daily Forecast'!D:D,'Daily Forecast'!B:B,'Daily Flash NL CBC'!$D$12,'Daily Forecast'!F:F,U27,'Daily Forecast'!A:A,"Netherlands")) -> 78 | W27: =IFERROR(Z27/$J27,Z27) -> 63 | X27: =IFERROR(AA27/$J27,AA27) -> 63 | Y27: =IFERROR(AB27/$J27,AB27) -> 63 | Z27: =IFERROR(IF(F27="",V27*$Z$16,F27*J27),0) -> 35 | AA27: =IFERROR(IF(F27="",V27*$AA$16,F27*J27),0) -> 35 | AB27: =IFERROR(IF(F27="",V27*$AB$16,F27*J27),0) -> 35 | AE27: 8 | AF27: 82 | AH27: 82
A28: =+A27+1 -> 15 | D28: 0.58333333 | E28: =IF(SUMIFS('Daily Forecast'!D:D,'Daily Forecast'!B:B,'Daily Flash NL CBC'!$D$12,'Daily Forecast'!F:F,A28,'Daily Forecast'!A:A,"Netherlands")=0,"",SUMIFS('Daily Forecast'!D:D,'Daily Forecast'!B:B,'Daily Flash NL CBC'!$D$12,'Daily Forecast'!F:F,A28,'Daily Forecast'!A:A,"Netherlands")) -> 62 | F28: =SUMIFS(CBC!L:L,CBC!A:A,'Daily Flash NL CBC'!$D$12,CBC!C:C,'Daily Flash NL CBC'!$A28) -> 68 | G28: =SUMIFS('Daily Storm Data 2'!J:J,'Daily Storm Data 2'!$A:$A,'Daily Flash NL CBC'!$D$12,'Daily Storm Data 2'!$G:$G,'Daily Flash NL CBC'!$A28,'Daily Storm Data 2'!$E:$E,"Netherlands") -> 55 | H28: =SUMIFS('Daily Storm Data 2'!K:K,'Daily Storm Data 2'!$A:$A,'Daily Flash NL CBC'!$D$12,'Daily Storm Data 2'!$G:$G,'Daily Flash NL CBC'!$A28,'Daily Storm Data 2'!$E:$E,"Netherlands") -> 52 | I28: =IFERROR(Table14[[#This Row],[Volume Actual]]/Table14[[#This Row],[Volume Forcasted]],"") -> 1.0967742 | J28: =SUMIFS(CBC!N:N,CBC!A:A,'Daily Flash NL CBC'!$D$12,CBC!C:C,'Daily Flash NL CBC'!$A28) -> 0.80882353 | K28: =+IFERROR(Table14[[#This Row],[Volume Handled]]/Table14[[#This Row],[Volume Actual]],"") -> 0.80882353 | L28: =SUMIFS(CBC!M:M,CBC!A:A,'Daily Flash NL CBC'!$D$12,CBC!C:C,'Daily Flash NL CBC'!$A28-1) -> 333.20635 | M28: 9 | N28: 1 | P28: =IFERROR(Table14[[#This Row],[Abs]]/Table14[[#This Row],[Planned]],"") -> 0.11111111 | S28: =Table14[[#This Row],[Volume Actual]]-Table14[[#This Row],[Volume Forcasted]] -> 6 | U28: =+U27+1 -> 14 | V28: =IF(SUMIFS('Daily Forecast'!D:D,'Daily Forecast'!B:B,'Daily Flash NL CBC'!$D$12,'Daily Forecast'!F:F,U28,'Daily Forecast'!A:A,"Netherlands")=0,"",SUMIFS('Daily Forecast'!D:D,'Daily Forecast'!B:B,'Daily Flash NL CBC'!$D$12,'Daily Forecast'!F:F,U28,'Daily Forecast'!A:A,"Netherlands")) -> 84 | W28: =IFERROR(Z28/$J28,Z28) -> 68 | X28: =IFERROR(AA28/$J28,AA28) -> 68 | Y28: =IFERROR(AB28/$J28,AB28) -> 68 | Z28: =IFERROR(IF(F28="",V28*$Z$16,F28*J28),0) -> 55 | AA28: =IFERROR(IF(F28="",V28*$AA$16,F28*J28),0) -> 55 | AB28: =IFERROR(IF(F28="",V28*$AB$16,F28*J28),0) -> 55 | AE28: 9 | AF28: 92 | AH28: 92
D29: 0.625 | E29: =IF(SUMIFS('Daily Forecast'!D:D,'Daily Forecast'!B:B,'Daily Flash NL CBC'!$D$12,'Daily Forecast'!F:F,A29,'Daily Forecast'!A:A,"Netherlands")=0,"",SUMIFS('Daily Forecast'!D:D,'Daily Forecast'!B:B,'Daily Flash NL CBC'!$D$12,'Daily Forecast'!F:F,A29,'Daily Forecast'!A:A,"Netherlands")) | F29: =SUMIFS(CBC!L:L,CBC!A:A,'Daily Flash NL CBC'!$D$12,CBC!C:C,'Daily Flash NL CBC'!$A29) -> 0 | G29: =SUMIFS('Daily Storm Data 2'!J:J,'Daily Storm Data 2'!$A:$A,'Daily Flash NL CBC'!$D$12,'Daily Storm Data 2'!$G:$G,'Daily Flash NL CBC'!$A29,'Daily Storm Data 2'!$E:$E,"Netherlands") -> 0 | H29: =SUMIFS('Daily Storm Data 2'!K:K,'Daily Storm Data 2'!$A:$A,'Daily Flash NL CBC'!$D$12,'Daily Storm Data 2'!$G:$G,'Daily Flash NL CBC'!$A29,'Daily Storm Data 2'!$E:$E,"Netherlands") -> 0 | I29: =IFERROR(Table14[[#This Row],[Volume Actual]]/Table14[[#This Row],[Volume Forcasted]],"") | J29: =SUMIFS(CBC!N:N,CBC!A:A,'Daily Flash NL CBC'!$D$12,CBC!C:C,'Daily Flash NL CBC'!$A29) -> 0 | K29: =+IFERROR(Table14[[#This Row],[Volume Handled]]/Table14[[#This Row],[Volume Actual]],"") | L29: =SUMIFS(CBC!M:M,CBC!A:A,'Daily Flash NL CBC'!$D$12,CBC!C:C,'Daily Flash NL CBC'!$A29-1) -> 0 | M29: 9 | P29: =IFERROR(Table14[[#This Row],[Abs]]/Table14[[#This Row],[Planned]],"") -> 0 | S29: =Table14[[#This Row],[Volume Actual]]-Table14[[#This Row],[Volume Forcasted]] -> #VALUE! | U29: =+U28+1 -> 15 | V29: =IF(SUMIFS('Daily Forecast'!D:D,'Daily Forecast'!B:B,'Daily Flash NL CBC'!$D$12,'Daily Forecast'!F:F,U29,'Daily Forecast'!A:A,"Netherlands")=0,"",SUMIFS('Daily Forecast'!D:D,'Daily Forecast'!B:B,'Daily Flash NL CBC'!$D$12,'Daily Forecast'!F:F,U29,'Daily Forecast'!A:A,"Netherlands")) -> 62 | W29: =IFERROR(Z29/$J29,Z29) -> 0 | X29: =IFERROR(AA29/$J29,AA29) -> 0 | Y29: =IFERROR(AB29/$J29,AB29) -> 0 | Z29: =IFERROR(IF(F29="",V29*$Z$16,F29*J29),0) -> 0 | AA29: =IFERROR(IF(F29="",V29*$AA$16,F29*J29),0) -> 0 | AB29: =IFERROR(IF(F29="",V29*$AB$16,F29*J29),0) -> 0 | AE29: 10 | AF29: 98 | AH29: 98
D30: 0.66666667 | E30: =IF(SUMIFS('Daily Forecast'!D:D,'Daily Forecast'!B:B,'Daily Flash NL CBC'!$D$12,'Daily Forecast'!F:F,A30,'Daily Forecast'!A:A,"Netherlands")=0,"",SUMIFS('Daily Forecast'!D:D,'Daily Forecast'!B:B,'Daily Flash NL CBC'!$D$12,'Daily Forecast'!F:F,A30,'Daily Forecast'!A:A,"Netherlands")) | F30: =SUMIFS(CBC!L:L,CBC!A:A,'Daily Flash NL CBC'!$D$12,CBC!C:C,'Daily Flash NL CBC'!$A30) -> 0 | G30: =SUMIFS('Daily Storm Data 2'!J:J,'Daily Storm Data 2'!$A:$A,'Daily Flash NL CBC'!$D$12,'Daily Storm Data 2'!$G:$G,'Daily Flash NL CBC'!$A30,'Daily Storm Data 2'!$E:$E,"Netherlands") -> 0 | H30: =SUMIFS('Daily Storm Data 2'!K:K,'Daily Storm Data 2'!$A:$A,'Daily Flash NL CBC'!$D$12,'Daily Storm Data 2'!$G:$G,'Daily Flash NL CBC'!$A30,'Daily Storm Data 2'!$E:$E,"Netherlands") -> 0 | I30: =IFERROR(Table14[[#This Row],[Volume Actual]]/Table14[[#This Row],[Volume Forcasted]],"") | J30: =SUMIFS(CBC!N:N,CBC!A:A,'Daily Flash NL CBC'!$D$12,CBC!C:C,'Daily Flash NL CBC'!$A30) -> 0 | K30: =+IFERROR(Table14[[#This Row],[Volume Handled]]/Table14[[#This Row],[Volume Actual]],"") | L30: =SUMIFS(CBC!M:M,CBC!A:A,'Daily Flash NL CBC'!$D$12,CBC!C:C,'Daily Flash NL CBC'!$A30-1) -> 0 | M30: 7 | P30: =IFERROR(Table14[[#This Row],[Abs]]/Table14[[#This Row],[Planned]],"") -> 0 | S30: =Table14[[#This Row],[Volume Actual]]-Table14[[#This Row],[Volume Forcasted]] -> #VALUE! | U30: =+U29+1 -> 16 | V30: =IF(SUMIFS('Daily Forecast'!D:D,'Daily Forecast'!B:B,'Daily Flash NL CBC'!$D$12,'Daily Forecast'!F:F,U30,'Daily Forecast'!A:A,"Netherlands")=0,"",SUMIFS('Daily Forecast'!D:D,'Daily Forecast'!B:B,'Daily Flash NL CBC'!$D$12,'Daily Forecast'!F:F,U30,'Daily Forecast'!A:A,"Netherlands")) -> 75 | W30: =IFERROR(Z30/$J30,Z30) -> 0 | X30: =IFERROR(AA30/$J30,AA30) -> 0 | Y30: =IFERROR(AB30/$J30,AB30) -> 0 | Z30: =IFERROR(IF(F30="",V30*$Z$16,F30*J30),0) -> 0 | AA30: =IFERROR(IF(F30="",V30*$AA$16,F30*J30),0) -> 0 | AB30: =IFERROR(IF(F30="",V30*$AB$16,F30*J30),0) -> 0
D31: 0.70833333 | E31: =IF(SUMIFS('Daily Forecast'!D:D,'Daily Forecast'!B:B,'Daily Flash NL CBC'!$D$12,'Daily Forecast'!F:F,A31,'Daily Forecast'!A:A,"Netherlands")=0,"",SUMIFS('Daily Forecast'!D:D,'Daily Forecast'!B:B,'Daily Flash NL CBC'!$D$12,'Daily Forecast'!F:F,A31,'Daily Forecast'!A:A,"Netherlands")) | F31: =SUMIFS(CBC!L:L,CBC!A:A,'Daily Flash NL CBC'!$D$12,CBC!C:C,'Daily Flash NL CBC'!$A31) -> 0 | G31: =SUMIFS('Daily Storm Data 2'!J:J,'Daily Storm Data 2'!$A:$A,'Daily Flash NL CBC'!$D$12,'Daily Storm Data 2'!$G:$G,'Daily Flash NL CBC'!$A31,'Daily Storm Data 2'!$E:$E,"Netherlands") -> 0 | H31: =SUMIFS('Daily Storm Data 2'!K:K,'Daily Storm Data 2'!$A:$A,'Daily Flash NL CBC'!$D$12,'Daily Storm Data 2'!$G:$G,'Daily Flash NL CBC'!$A31,'Daily Storm Data 2'!$E:$E,"Netherlands") -> 0 | I31: =IFERROR(Table14[[#This Row],[Volume Actual]]/Table14[[#This Row],[Volume Forcasted]],"") | J31: =SUMIFS(CBC!N:N,CBC!A:A,'Daily Flash NL CBC'!$D$12,CBC!C:C,'Daily Flash NL CBC'!$A31) -> 0 | K31: =+IFERROR(Table14[[#This Row],[Volume Handled]]/Table14[[#This Row],[Volume Actual]],"") | L31: =SUMIFS(CBC!M:M,CBC!A:A,'Daily Flash NL CBC'!$D$12,CBC!C:C,'Daily Flash NL CBC'!$A31-1) -> 0 | M31: 5 | P31: =IFERROR(Table14[[#This Row],[Abs]]/Table14[[#This Row],[Planned]],"") -> 0 | U31: =+U30+1 -> 17 | V31: =IF(SUMIFS('Daily Forecast'!D:D,'Daily Forecast'!B:B,'Daily Flash NL CBC'!$D$12,'Daily Forecast'!F:F,U31,'Daily Forecast'!A:A,"Netherlands")=0,"",SUMIFS('Daily Forecast'!D:D,'Daily Forecast'!B:B,'Daily Flash NL CBC'!$D$12,'Daily Forecast'!F:F,U31,'Daily Forecast'!A:A,"Netherlands")) -> 50 | W31: =IFERROR(Z31/$J31,Z31) -> 0 | X31: =IFERROR(AA31/$J31,AA31) -> 0 | Y31: =IFERROR(AB31/$J31,AB31) -> 0 | Z31: =IFERROR(IF(F31="",V31*$Z$16,F31*J31),0) -> 0 | AA31: =IFERROR(IF(F31="",V31*$AA$16,F31*J31),0) -> 0 | AB31: =IFERROR(IF(F31="",V31*$AB$16,F31*J31),0) -> 0
D32: 0.75 | E32: =IF(SUMIFS('Daily Forecast'!D:D,'Daily Forecast'!B:B,'Daily Flash NL CBC'!$D$12,'Daily Forecast'!F:F,A32,'Daily Forecast'!A:A,"Netherlands")=0,"",SUMIFS('Daily Forecast'!D:D,'Daily Forecast'!B:B,'Daily Flash NL CBC'!$D$12,'Daily Forecast'!F:F,A32,'Daily Forecast'!A:A,"Netherlands")) | F32: =SUMIFS(CBC!L:L,CBC!A:A,'Daily Flash NL CBC'!$D$12,CBC!C:C,'Daily Flash NL CBC'!$A32) -> 0 | G32: =SUMIFS('Daily Storm Data 2'!J:J,'Daily Storm Data 2'!$A:$A,'Daily Flash NL CBC'!$D$12,'Daily Storm Data 2'!$G:$G,'Daily Flash NL CBC'!$A32,'Daily Storm Data 2'!$E:$E,"Netherlands") -> 0 | H32: =SUMIFS('Daily Storm Data 2'!K:K,'Daily Storm Data 2'!$A:$A,'Daily Flash NL CBC'!$D$12,'Daily Storm Data 2'!$G:$G,'Daily Flash NL CBC'!$A32,'Daily Storm Data 2'!$E:$E,"Netherlands") -> 0 | I32: =IFERROR(Table14[[#This Row],[Volume Actual]]/Table14[[#This Row],[Volume Forcasted]],"") | J32: =SUMIFS(CBC!N:N,CBC!A:A,'Daily Flash NL CBC'!$D$12,CBC!C:C,'Daily Flash NL CBC'!$A32) -> 0 | K32: =+IFERROR(Table14[[#This Row],[Volume Handled]]/Table14[[#This Row],[Volume Actual]],"") | L32: =SUMIFS(CBC!M:M,CBC!A:A,'Daily Flash NL CBC'!$D$12,CBC!C:C,'Daily Flash NL CBC'!$A32-1) -> 0 | M32: 4 | P32: =IFERROR(Table14[[#This Row],[Abs]]/Table14[[#This Row],[Planned]],"") -> 0 | U32: =+U31+1 -> 18 | V32: =IF(SUMIFS('Daily Forecast'!D:D,'Daily Forecast'!B:B,'Daily Flash NL CBC'!$D$12,'Daily Forecast'!F:F,U32,'Daily Forecast'!A:A,"Netherlands")=0,"",SUMIFS('Daily Forecast'!D:D,'Daily Forecast'!B:B,'Daily Flash NL CBC'!$D$12,'Daily Forecast'!F:F,U32,'Daily Forecast'!A:A,"Netherlands")) -> 28 | W32: =IFERROR(Z32/$J32,Z32) -> 0 | X32: =IFERROR(AA32/$J32,AA32) -> 0 | Y32: =IFERROR(AB32/$J32,AB32) -> 0 | Z32: =IFERROR(IF(F32="",V32*$Z$16,F32*J32),0) -> 0 | AA32: =IFERROR(IF(F32="",V32*$AA$16,F32*J32),0) -> 0 | AB32: =IFERROR(IF(F32="",V32*$AB$16,F32*J32),0) -> 0
D33: 0.79166667 | E33: =IF(SUMIFS('Daily Forecast'!D:D,'Daily Forecast'!B:B,'Daily Flash NL CBC'!$D$12,'Daily Forecast'!F:F,A33,'Daily Forecast'!A:A,"Netherlands")=0,"",SUMIFS('Daily Forecast'!D:D,'Daily Forecast'!B:B,'Daily Flash NL CBC'!$D$12,'Daily Forecast'!F:F,A33,'Daily Forecast'!A:A,"Netherlands")) | F33: =SUMIFS(CBC!L:L,CBC!A:A,'Daily Flash NL CBC'!$D$12,CBC!C:C,'Daily Flash NL CBC'!$A33) -> 0 | G33: =SUMIFS('Daily Storm Data 2'!J:J,'Daily Storm Data 2'!$A:$A,'Daily Flash NL CBC'!$D$12,'Daily Storm Data 2'!$G:$G,'Daily Flash NL CBC'!$A33,'Daily Storm Data 2'!$E:$E,"Netherlands") -> 0 | H33: =SUMIFS('Daily Storm Data 2'!K:K,'Daily Storm Data 2'!$A:$A,'Daily Flash NL CBC'!$D$12,'Daily Storm Data 2'!$G:$G,'Daily Flash NL CBC'!$A33,'Daily Storm Data 2'!$E:$E,"Netherlands") -> 0 | I33: =IFERROR(Table14[[#This Row],[Volume Actual]]/Table14[[#This Row],[Volume Forcasted]],"") | J33: =SUMIFS(CBC!N:N,CBC!A:A,'Daily Flash NL CBC'!$D$12,CBC!C:C,'Daily Flash NL CBC'!$A33) -> 0 | K33: =+IFERROR(Table14[[#This Row],[Volume Handled]]/Table14[[#This Row],[Volume Actual]],"") | L33: =SUMIFS(CBC!M:M,CBC!A:A,'Daily Flash NL CBC'!$D$12,CBC!C:C,'Daily Flash NL CBC'!$A33-1) -> 0 | M33: 3 | P33: =IFERROR(Table14[[#This Row],[Abs]]/Table14[[#This Row],[Planned]],"") -> 0 | U33: =+U32+1 -> 19 | V33: =IF(SUMIFS('Daily Forecast'!D:D,'Daily Forecast'!B:B,'Daily Flash NL CBC'!$D$12,'Daily Forecast'!F:F,U33,'Daily Forecast'!A:A,"Netherlands")=0,"",SUMIFS('Daily Forecast'!D:D,'Daily Forecast'!B:B,'Daily Flash NL CBC'!$D$12,'Daily Forecast'!F:F,U33,'Daily Forecast'!A:A,"Netherlands")) -> 16 | W33: =IFERROR(Z33/$J33,Z33) -> 0 | X33: =IFERROR(AA33/$J33,AA33) -> 0 | Y33: =IFERROR(AB33/$J33,AB33) -> 0 | Z33: =IFERROR(IF(F33="",V33*$Z$16,F33*J33),0) -> 0 | AA33: =IFERROR(IF(F33="",V33*$AA$16,F33*J33),0) -> 0 | AB33: =IFERROR(IF(F33="",V33*$AB$16,F33*J33),0) -> 0
D34: 0.83333333 | E34: =IF(SUMIFS('Daily Forecast'!D:D,'Daily Forecast'!B:B,'Daily Flash NL CBC'!$D$12,'Daily Forecast'!F:F,A34,'Daily Forecast'!A:A,"Netherlands")=0,"",SUMIFS('Daily Forecast'!D:D,'Daily Forecast'!B:B,'Daily Flash NL CBC'!$D$12,'Daily Forecast'!F:F,A34,'Daily Forecast'!A:A,"Netherlands")) | F34: =SUMIFS(CBC!L:L,CBC!A:A,'Daily Flash NL CBC'!$D$12,CBC!C:C,'Daily Flash NL CBC'!$A34) -> 0 | G34: =SUMIFS('Daily Storm Data 2'!J:J,'Daily Storm Data 2'!$A:$A,'Daily Flash NL CBC'!$D$12,'Daily Storm Data 2'!$G:$G,'Daily Flash NL CBC'!$A34,'Daily Storm Data 2'!$E:$E,"Netherlands") -> 0 | H34: =SUMIFS('Daily Storm Data 2'!K:K,'Daily Storm Data 2'!$A:$A,'Daily Flash NL CBC'!$D$12,'Daily Storm Data 2'!$G:$G,'Daily Flash NL CBC'!$A34,'Daily Storm Data 2'!$E:$E,"Netherlands") -> 0 | I34: =IFERROR(Table14[[#This Row],[Volume Actual]]/Table14[[#This Row],[Volume Forcasted]],"") | J34: =SUMIFS(CBC!N:N,CBC!A:A,'Daily Flash NL CBC'!$D$12,CBC!C:C,'Daily Flash NL CBC'!$A34) -> 0 | K34: =+IFERROR(Table14[[#This Row],[Volume Handled]]/Table14[[#This Row],[Volume Actual]],"") | L34: =SUMIFS(CBC!M:M,CBC!A:A,'Daily Flash NL CBC'!$D$12,CBC!C:C,'Daily Flash NL CBC'!$A34-1) -> 0 | M34: 3 | P34: =IFERROR(Table14[[#This Row],[Abs]]/Table14[[#This Row],[Planned]],"") -> 0 | U34: =+U33+1 -> 20 | V34: =IF(SUMIFS('Daily Forecast'!D:D,'Daily Forecast'!B:B,'Daily Flash NL CBC'!$D$12,'Daily Forecast'!F:F,U34,'Daily Forecast'!A:A,"Netherlands")=0,"",SUMIFS('Daily Forecast'!D:D,'Daily Forecast'!B:B,'Daily Flash NL CBC'!$D$12,'Daily Forecast'!F:F,U34,'Daily Forecast'!A:A,"Netherlands")) -> 11 | W34: =IFERROR(Z34/$J34,Z34) -> 0 | X34: =IFERROR(AA34/$J34,AA34) -> 0 | Y34: =IFERROR(AB34/$J34,AB34) -> 0 | Z34: =IFERROR(IF(F34="",V34*$Z$16,F34*J34),0) -> 0 | AA34: =IFERROR(IF(F34="",V34*$AA$16,F34*J34),0) -> 0 | AB34: =IFERROR(IF(F34="",V34*$AB$16,F34*J34),0) -> 0
D35: 0.875 | E35: =IF(SUMIFS('Daily Forecast'!D:D,'Daily Forecast'!B:B,'Daily Flash NL CBC'!$D$12,'Daily Forecast'!F:F,A35,'Daily Forecast'!A:A,"Netherlands")=0,"",SUMIFS('Daily Forecast'!D:D,'Daily Forecast'!B:B,'Daily Flash NL CBC'!$D$12,'Daily Forecast'!F:F,A35,'Daily Forecast'!A:A,"Netherlands")) | F35: =SUMIFS(CBC!L:L,CBC!A:A,'Daily Flash NL CBC'!$D$12,CBC!C:C,'Daily Flash NL CBC'!$A35) -> 0 | G35: =SUMIFS('Daily Storm Data 2'!J:J,'Daily Storm Data 2'!$A:$A,'Daily Flash NL CBC'!$D$12,'Daily Storm Data 2'!$G:$G,'Daily Flash NL CBC'!$A35,'Daily Storm Data 2'!$E:$E,"Netherlands") -> 0 | H35: =SUMIFS('Daily Storm Data 2'!K:K,'Daily Storm Data 2'!$A:$A,'Daily Flash NL CBC'!$D$12,'Daily Storm Data 2'!$G:$G,'Daily Flash NL CBC'!$A35,'Daily Storm Data 2'!$E:$E,"Netherlands") -> 0 | I35: =IFERROR(Table14[[#This Row],[Volume Actual]]/Table14[[#This Row],[Volume Forcasted]],"") | J35: =SUMIFS(CBC!N:N,CBC!A:A,'Daily Flash NL CBC'!$D$12,CBC!C:C,'Daily Flash NL CBC'!$A35) -> 0 | K35: =+IFERROR(Table14[[#This Row],[Volume Handled]]/Table14[[#This Row],[Volume Actual]],"") | L35: =SUMIFS(CBC!M:M,CBC!A:A,'Daily Flash NL CBC'!$D$12,CBC!C:C,'Daily Flash NL CBC'!$A35-1) -> 0 | M35: 2 | P35: =IFERROR(Table14[[#This Row],[Abs]]/Table14[[#This Row],[Planned]],"") -> 0 | U35: =+U34+1 -> 21 | V35: =IF(SUMIFS('Daily Forecast'!D:D,'Daily Forecast'!B:B,'Daily Flash NL CBC'!$D$12,'Daily Forecast'!F:F,U35,'Daily Forecast'!A:A,"Netherlands")=0,"",SUMIFS('Daily Forecast'!D:D,'Daily Forecast'!B:B,'Daily Flash NL CBC'!$D$12,'Daily Forecast'!F:F,U35,'Daily Forecast'!A:A,"Netherlands")) -> 7 | W35: =IFERROR(Z35/$J35,Z35) -> 0 | X35: =IFERROR(AA35/$J35,AA35) -> 0 | Y35: =IFERROR(AB35/$J35,AB35) -> 0 | Z35: =IFERROR(IF(F35="",V35*$Z$16,F35*J35),0) -> 0 | AA35: =IFERROR(IF(F35="",V35*$AA$16,F35*J35),0) -> 0 | AB35: =IFERROR(IF(F35="",V35*$AB$16,F35*J35),0) -> 0
D36: 0.91666667 | E36: =IF(SUMIFS('Daily Forecast'!D:D,'Daily Forecast'!B:B,'Daily Flash NL CBC'!$D$12,'Daily Forecast'!F:F,A36,'Daily Forecast'!A:A,"Netherlands")=0,"",SUMIFS('Daily Forecast'!D:D,'Daily Forecast'!B:B,'Daily Flash NL CBC'!$D$12,'Daily Forecast'!F:F,A36,'Daily Forecast'!A:A,"Netherlands")) | F36: =SUMIFS(CBC!L:L,CBC!A:A,'Daily Flash NL CBC'!$D$12,CBC!C:C,'Daily Flash NL CBC'!$A36) -> 0 | G36: =SUMIFS('Daily Storm Data 2'!J:J,'Daily Storm Data 2'!$A:$A,'Daily Flash NL CBC'!$D$12,'Daily Storm Data 2'!$G:$G,'Daily Flash NL CBC'!$A36,'Daily Storm Data 2'!$E:$E,"Netherlands") -> 0 | H36: =SUMIFS('Daily Storm Data 2'!K:K,'Daily Storm Data 2'!$A:$A,'Daily Flash NL CBC'!$D$12,'Daily Storm Data 2'!$G:$G,'Daily Flash NL CBC'!$A36,'Daily Storm Data 2'!$E:$E,"Netherlands") -> 0 | I36: =IFERROR(Table14[[#This Row],[Volume Actual]]/Table14[[#This Row],[Volume Forcasted]],"") | J36: =SUMIFS(CBC!N:N,CBC!A:A,'Daily Flash NL CBC'!$D$12,CBC!C:C,'Daily Flash NL CBC'!$A36) -> 0 | K36: =+IFERROR(Table14[[#This Row],[Volume Handled]]/Table14[[#This Row],[Volume Actual]],"") | L36: =SUMIFS(CBC!M:M,CBC!A:A,'Daily Flash NL CBC'!$D$12,CBC!C:C,'Daily Flash NL CBC'!$A36-1) -> 0 | P36: =IFERROR(Table14[[#This Row],[Abs]]/Table14[[#This Row],[Planned]],"") | U36: =+U35+1 -> 22 | V36: =IF(SUMIFS('Daily Forecast'!D:D,'Daily Forecast'!B:B,'Daily Flash NL CBC'!$D$12,'Daily Forecast'!F:F,U36,'Daily Forecast'!A:A,"Netherlands")=0,"",SUMIFS('Daily Forecast'!D:D,'Daily Forecast'!B:B,'Daily Flash NL CBC'!$D$12,'Daily Forecast'!F:F,U36,'Daily Forecast'!A:A,"Netherlands")) -> 6 | W36: =IFERROR(Z36/$J36,Z36) -> 0 | X36: =IFERROR(AA36/$J36,AA36) -> 0 | Y36: =IFERROR(AB36/$J36,AB36) -> 0 | Z36: =IFERROR(IF(F36="",V36*$Z$16,F36*J36),0) -> 0 | AA36: =IFERROR(IF(F36="",V36*$AA$16,F36*J36),0) -> 0 | AB36: =IFERROR(IF(F36="",V36*$AB$16,F36*J36),0) -> 0
J37: =IFERROR(H37/G37,"") | P37: =IFERROR(Table14[[#This Row],[Abs]]/Table14[[#This Row],[Planned]],"") | S37: =K37*F37-F37 -> 0 | U37: =+U36+1 -> 23 | W37: =Z37/$J37 -> #VALUE! | X37: =AA37/$J37 -> #VALUE! | Y37: =AB37/$J37 -> #VALUE! | AB37: =IFERROR(IF(F37="",V37*$AB$16,F37*J37),0) -> 0
J38: =IFERROR(H38/G38,"") | P38: =IFERROR(Table14[[#This Row],[Abs]]/Table14[[#This Row],[Planned]],"") | S38: =K38*F38-F38 -> 0 | U38: =+U37+1 -> 24 | W38: =Z38/$J38 -> #VALUE! | X38: =AA38/$J38 -> #VALUE! | Y38: =AB38/$J38 -> #VALUE! | AB38: =IFERROR(IF(F38="",V38*$AB$16,F38*J38),0) -> 0
J39: =IFERROR(H39/G39,"") | P39: =IFERROR(Table14[[#This Row],[Abs]]/Table14[[#This Row],[Planned]],"") | S39: =K39*F39-F39 -> 0 | U39: =+U38+1 -> 25 | W39: =Z39/$J39 -> #VALUE! | X39: =AA39/$J39 -> #VALUE! | Y39: =AB39/$J39 -> #VALUE! | AB39: =IFERROR(IF(F39="",V39*$AB$16,F39*J39),0) -> 0
J40: =IFERROR(H40/G40,"") | P40: =IFERROR(Table14[[#This Row],[Abs]]/Table14[[#This Row],[Planned]],"") | S40: =K40*F40-F40 -> 0 | U40: =+U39+1 -> 26 | W40: =Z40/$J40 -> #VALUE! | X40: =AA40/$J40 -> #VALUE! | Y40: =AB40/$J40 -> #VALUE! | AB40: =IFERROR(IF(F40="",V40*$AB$16,F40*J40),0) -> 0
J41: =IFERROR(H41/G41,"") | P41: =IFERROR(Table14[[#This Row],[Abs]]/Table14[[#This Row],[Planned]],"") | S41: =K41*F41-F41 -> 0 | U41: =+U40+1 -> 27 | W41: =Z41/$J41 -> #VALUE! | X41: =AA41/$J41 -> #VALUE! | Y41: =AB41/$J41 -> #VALUE! | AB41: =IFERROR(IF(F41="",V41*$AB$16,F41*J41),0) -> 0
J42: =IFERROR(H42/G42,"") | P42: =IFERROR(Table14[[#This Row],[Abs]]/Table14[[#This Row],[Planned]],"") | S42: =K42*F42-F42 -> 0 | U42: =+U41+1 -> 28 | W42: =Z42/$J42 -> #VALUE! | X42: =AA42/$J42 -> #VALUE! | Y42: =AB42/$J42 -> #VALUE! | AB42: =IFERROR(IF(F42="",V42*$AB$16,F42*J42),0) -> 0
J43: =IFERROR(H43/G43,"") | P43: =IFERROR(Table14[[#This Row],[Abs]]/Table14[[#This Row],[Planned]],"") | S43: =K43*F43-F43 -> 0 | U43: =+U42+1 -> 29 | W43: =Z43/$J43 -> #VALUE! | X43: =AA43/$J43 -> #VALUE! | Y43: =AB43/$J43 -> #VALUE! | AB43: =IFERROR(IF(F43="",V43*$AB$16,F43*J43),0) -> 0
J44: =IFERROR(H44/G44,"") | P44: =IFERROR(Table14[[#This Row],[Abs]]/Table14[[#This Row],[Planned]],"") | S44: =K44*F44-F44 -> 0 | U44: =+U43+1 -> 30 | W44: =Z44/$J44 -> #VALUE! | X44: =AA44/$J44 -> #VALUE! | Y44: =AB44/$J44 -> #VALUE! | AB44: =IFERROR(IF(F44="",V44*$AB$16,F44*J44),0) -> 0
J45: =IFERROR(H45/G45,"") | P45: =IFERROR(Table14[[#This Row],[Abs]]/Table14[[#This Row],[Planned]],"") | S45: =K45*F45-F45 -> 0 | U45: =+U44+1 -> 31 | W45: =Z45/$J45 -> #VALUE! | X45: =AA45/$J45 -> #VALUE! | Y45: =AB45/$J45 -> #VALUE! | AB45: =IFERROR(IF(F45="",V45*$AB$16,F45*J45),0) -> 0
J46: =IFERROR(H46/G46,"") | P46: =IFERROR(Table14[[#This Row],[Abs]]/Table14[[#This Row],[Planned]],"") | S46: =K46*F46-F46 -> 0 | U46: =+U45+1 -> 32 | W46: =Z46/$J46 -> #VALUE! | X46: =AA46/$J46 -> #VALUE! | Y46: =AB46/$J46 -> #VALUE! | AB46: =IFERROR(IF(F46="",V46*$AB$16,F46*J46),0) -> 0
J47: =IFERROR(H47/G47,"") | P47: =IFERROR(Table14[[#This Row],[Abs]]/Table14[[#This Row],[Planned]],"") | S47: =K47*F47-F47 -> 0 | U47: =+U46+1 -> 33 | W47: =Z47/$J47 -> #VALUE! | X47: =AA47/$J47 -> #VALUE! | Y47: =AB47/$J47 -> #VALUE! | AB47: =IFERROR(IF(F47="",V47*$AB$16,F47*J47),0) -> 0
J48: =IFERROR(H48/G48,"") | P48: =IFERROR(Table14[[#This Row],[Abs]]/Table14[[#This Row],[Planned]],"") | S48: =K48*F48-F48 -> 0 | U48: =+U47+1 -> 34 | W48: =Z48/$J48 -> #VALUE! | X48: =AA48/$J48 -> #VALUE! | Y48: =AB48/$J48 -> #VALUE! | AB48: =IFERROR(IF(F48="",V48*$AB$16,F48*J48),0) -> 0
... J50: =IFERROR(H50/G50,"") | P50: =IFERROR(Table14[[#This Row],[Abs]]/Table14[[#This Row],[Planned]],"") | S50: =K50*F50-F50 -> 0 | U50: =+U49+1 -> 36 | W50: =Z50/$J50 -> #VALUE! | X50: =AA50/$J50 -> #VALUE! | Y50: =AB50/$J50 -> #VALUE! | AB50: =IFERROR(IF(F50="",V50*$AB$16,F50*J50),0) -> 0
D51: Day till Hour | E51: =SUM(E20:E50) -> 665 | F51: =SUM(F20:F50) -> 625 | G51: =SUM(G20:G50) -> 541 | H51: =SUM(H20:H50) -> 443 | I51: =Table14[[#This Row],[Volume Actual]]/Table14[[#This Row],[Volume Forcasted]] -> 0.93984962 | J51: =D15 -> 0.7088 | K51: =+SUM(G20:G50)/SUM(F20:F50) -> 0.8656 | L51: =+SUMPRODUCT(F20:F45,L20:L45)/SUM(F20:F45) -> 356.86085 | M51: =SUM(M20:M50) -> 88 | N51: =SUM(N20:N50) -> 12 | O51: =SUM(O20:O50) -> 0 | P51: =IFERROR(Table14[[#This Row],[Abs]]/Table14[[#This Row],[Planned]],"") -> 0.13636364 | V51: =SUM(V20:V36) -> 867 | W51: =SUM(W20:W36) -> 625 | X51: =SUM(X20:X36) -> 625 | Y51: =SUM(Y20:Y36) -> 625 | Z51: =SUM(Z20:Z36)/W51 -> 0.6784 | AA51: =SUM(AA20:AA36)/X51 -> 0.6784 | AB51: =SUM(AB20:AB36)/Y51 -> 0.6784
D67: =+D12 -> 46160
D69: TSL | F69: Availability | J69: Deviation | P69: Absence Rate in HC | Z69: Average Threshold Deviation | AA69: Average Threshold Deviation | AB69: Average Threshold Deviation
D70: =H106/G106 -> 0.96319018 | F70: =+SUM(G75:G105)/SUM(F75:F105) -> 1 | J70: =+SUM(F75:F105)/SUM(E75:E105) -> 0.78743961 | P70: =SUM(N75:N105)/SUM(M75:M105) -> 0 | Z70: =J70 -> 0.78743961 | AA70: 1 | AB70: 0.6
D74: Hour | E74: Volume Forcasted | F74: Volume Actual | G74: Volume Handled | H74: Volume Handle in SL | I74: Deviation | J74: SL | K74: Availability | L74: AHT | M74: Planned | N74: Abs | O74: Late/Early leave | P74: % Abs | U74: Hour | V74: Forecast | W74: Actual Fc scenario 1 | X74: Actual Fc scenario 2 | Y74: Actual Fc scenario 3 | Z74: Actual deviation until EOD | AA74: 100% deviation until EOD | AB74: 90% deviation until EOD
A75: =IF(A20=0,"Vide",A20) -> 7 | D75: 0.25 | E75: =IF(SUMIFS('Daily Forecast'!D:D,'Daily Forecast'!B:B,'Daily Flash NL CBC'!$D$12,'Daily Forecast'!F:F,A75,'Daily Forecast'!A:A,"Belgium")=0,"",SUMIFS('Daily Forecast'!D:D,'Daily Forecast'!B:B,'Daily Flash NL CBC'!$D$12,'Daily Forecast'!F:F,A75,'Daily Forecast'!A:A,"Belgium")) | F75: =IF(SUMIFS('Daily Storm Data 2'!I:I,'Daily Storm Data 2'!$A:$A,'Daily Flash NL CBC'!$D$12,'Daily Storm Data 2'!$G:$G,'Daily Flash NL CBC'!$A75,'Daily Storm Data 2'!$E:$E,"Belgium")=0,"",SUMIFS('Daily Storm Data 2'!I:I,'Daily Storm Data 2'!$A:$A,'Daily Flash NL CBC'!$D$12,'Daily Storm Data 2'!$G:$G,'Daily Flash NL CBC'!$A75,'Daily Storm Data 2'!$E:$E,"Belgium")) -> 5 | G75: =SUMIFS('Daily Storm Data 2'!J:J,'Daily Storm Data 2'!$A:$A,'Daily Flash NL CBC'!$D$12,'Daily Storm Data 2'!$G:$G,'Daily Flash NL CBC'!$A75,'Daily Storm Data 2'!$E:$E,"Belgium") -> 5 | H75: =SUMIFS('Daily Storm Data 2'!K:K,'Daily Storm Data 2'!$A:$A,'Daily Flash NL CBC'!$D$12,'Daily Storm Data 2'!$G:$G,'Daily Flash NL CBC'!$A75,'Daily Storm Data 2'!$E:$E,"Belgium") -> 3 | I75: =IFERROR(Table165[[#This Row],[Volume Actual]]/Table165[[#This Row],[Volume Forcasted]],"") | J75: =IFERROR(H75/G75,"") -> 0.6 | K75: =+IFERROR(Table165[[#This Row],[Volume Handled]]/Table165[[#This Row],[Volume Actual]],"") -> 1 | L75: =SUMIFS('Daily Storm Data 2'!O:O,'Daily Storm Data 2'!$A:$A,'Daily Flash NL CBC'!$D$12,'Daily Storm Data 2'!$G:$G,'Daily Flash NL CBC'!$A75,'Daily Storm Data 2'!$E:$E,"Belgium") -> 773.97267 | M75: 4 | O75: 1 | P75: =IFERROR(Table165[[#This Row],[Abs]]/Table165[[#This Row],[Planned]],"") -> 0 | U75: 6 | V75: =IF(SUMIFS('Daily Forecast'!D:D,'Daily Forecast'!B:B,'Daily Flash NL CBC'!$D$12,'Daily Forecast'!F:F,U75,'Daily Forecast'!A:A,"Belgium")=0,"",SUMIFS('Daily Forecast'!D:D,'Daily Forecast'!B:B,'Daily Flash NL CBC'!$D$12,'Daily Forecast'!F:F,U75,'Daily Forecast'!A:A,"Belgium")) -> 3 | W75: =IFERROR(Z75/$J75,Z75) -> 5 | X75: =IFERROR(AA75/$J75,AA75) -> 5 | Y75: =IFERROR(AB75/$J75,AB75) -> 5 | Z75: =IFERROR(IF(F75="",V75*$Z$70,F75*J75),0) -> 3 | AA75: =IFERROR(IF(F75="",V75*$AA$70,F75*J75),0) -> 3 | AB75: =IFERROR(IF(F75="",V75*$AB$70,F75*J75),0) -> 3
