Workbook
Name Bonus_Report_Period: SETUP!$B$5

Sheet SETUP
A1: Bonus management setup
A2: Blue cells are the only operating inputs. One period controls the complete workbook.
A4: Control | B4: Value
A5: Report period | B5: 2026-07
A6: Generated at | B6: 46265.014
A7: Prepared by | B7: Anass ASSRI
A8: Workbook version | B8: 1.0
A9: Policy release gate | B9: =IF(COUNTIF(tblPolicies[Status],"Validated")=ROWS(tblPolicies[Status]),"READY","BLOCKED") -> BLOCKED
A11: Operating rule
A12: Scenario payout is visible for management discussion. Released payout remains blank until every policy is Validated, the employee is eligible, and Data Status is VALIDATED. The source workbook is never modified.

Sheet POLICY_APPROVAL
A1: Policy approval
A2: Every row must be Validated before payroll release. Owners must document the approved choice.
A4: Policy | B4: Selected Decision | C4: Allowed Values | D4: Formula Impact | E4: Owner | F4: Status | G4: Comments
A5: Malus method | B5: Proportional | C5: Proportional | Percentage points | D5: Final Achievement = Gross x (1-Malus), or Gross-Malus | E5: HR / Compensation | F5: Validated
A6: Extra PCS treatment | B6: Additive | C6: Additive | Replacement | D6: Additive sums standard and extra PCS; Replacement keeps the higher PCS award | E6: Operations / HR | F6: Validated
A7: Target bonus rate basis | B7: Monthly | C7: Monthly | Annual | D7: Annual rates are divided by 12 before monthly payout calculation | E7: HR / Payroll | F7: Validated
A8: Proration denominator | B8: Calendar days | C8: Calendar days | Working days | Planned days | D8: Determines how Scheduled Days and Eligible Days must be populated | E8: HR / Payroll | F8: Validated
A9: Absence treatment | B9: KPI only | C9: KPI only | Eligibility only | Both | D9: Prevents unintended double reduction unless Both is explicitly approved | E9: HR / Operations | F9: Validated
A10: Achievement cap | B10: 1.3 | C10: 0% to 200% | D10: Caps Gross Achievement after KPI aggregation | E10: HR / Compensation | F10: Validated
A11: Rounding | B11: Centime | C11: Centime | Whole MAD | D11: Final Payout rounded to 2 decimals or 0 decimals | E11: Payroll | F11: To validate
A12: Employee eligibility | B12: Active eligible population | C12: Policy reference required | D12: Controls joiners, leavers, probation and exclusions | E12: HR | F12: To validate

Sheet BONUS_RULES
A1: Central bonus rules
A2: All thresholds and weights are visible here. Duplicate Population + KPI rows are blocked by controls.
A4: Population | B4: KPI | C4: Direction | D4: Tier 1 Bonus % | E4: Tier 1 Target | F4: Tier 2 Bonus % | G4: Tier 2 Target | I4: VOC Detractors | J4: Malus Impact
A5: Ford GER | B5: AHT | C5: L | D5: 0.15 | E5: 450 | F5: 0 | G5: 0 | I5: 0 | J5: 0
A6: Ford GER | B6: Productivity | C6: H | D6: 0.15 | E6: 7 | F6: 0 | G6: 0 | I6: 1 | J6: 0.1
A7: Ford GER | B7: PCS Score | C7: H | D7: 0.2 | E7: 4.3 | F7: 0.15 | G7: 4.1 | I7: 2 | J7: 0.2
A8: Ford GER | B8: PCS % (Participation) | C8: H | D8: 0.15 | E8: 0.5 | F8: 0.1 | G8: 0.4 | I8: 3 | J8: 0.5
A9: Ford GER | B9: QM | C9: H | D9: 0.2 | E9: 0.9 | F9: 0.15 | G9: 0.8 | I9: 4 | J9: 0.75
A10: Ford GER | B10: Abs% | C10: L | D10: 0.15 | E10: 0.05 | F10: 0 | G10: 0 | I10: 5 | J10: 1
A11: Ford GER | B11: Extra Bonus (PCS Score) | C11: H | D11: 0.3 | E11: 4.5 | F11: 0.2 | G11: 4.3
A12: Ford Dutch | B12: AHT | C12: L | D12: 0.15 | E12: 450 | F12: 0 | G12: 0
A13: Ford Dutch | B13: Productivity | C13: H | D13: 0.15 | E13: 7 | F13: 0 | G13: 0
A14: Ford Dutch | B14: PCS Score | C14: H | D14: 0.2 | E14: 4.3 | F14: 0.15 | G14: 4.1
A15: Ford Dutch | B15: PCS % (Participation) | C15: H | D15: 0.15 | E15: 0.5 | F15: 0.1 | G15: 0.4
A16: Ford Dutch | B16: QM | C16: H | D16: 0.2 | E16: 0.9 | F16: 0.15 | G16: 0.8
A17: Ford Dutch | B17: Abs% | C17: L | D17: 0.15 | E17: 0.05 | F17: 0 | G17: 0
A18: Ford Dutch | B18: Extra Bonus (PCS Score) | C18: H | D18: 0.3 | E18: 4.5 | F18: 0.2 | G18: 4.3
A19: OEM FR | B19: AHT | C19: L | D19: 0.15 | E19: 450 | F19: 0 | G19: 0
A20: OEM FR | B20: Productivity | C20: H | D20: 0.15 | E20: 7 | F20: 0 | G20: 0
A21: OEM FR | B21: PCS Score | C21: H | D21: 0.2 | E21: 4.3 | F21: 0.15 | G21: 4.1
A22: OEM FR | B22: PCS % (Participation) | C22: H | D22: 0.15 | E22: 0.5 | F22: 0.1 | G22: 0.4
... A46: RSA VL | B46: Extra Bonus (PCS Score) | C46: H | D46: 0.3 | E46: 4.5 | F46: 0.2 | G46: 4.3

Sheet AGENT_INPUT
A1: Agent bonus input
A2: Paste or type one agent-period per row. Blue cells are inputs; synthetic rows remain clearly labelled.
A4: Agent ID | B4: Agent Name | C4: Population | D4: Period | E4: AHT | F4: Productivity | G4: PCS Score | H4: PCS Participation | I4: QM | J4: Absence % | K4: VOC Detractors | L4: Currency | M4: Monthly Fixed Salary | N4: Target Bonus Rate | O4: Reference Bonus Override | P4: Eligible Days | Q4: Scheduled Days | R4: Employment Status | S4: Data Status | T4: Notes
A5: 204341 | B5: Felhane Mohamed Amine | C5: Ford GER | D5: 2026-07 | E5: 451.41525 | F5: 7.3103422 | G5: 2.1538462 | H5: 0.091872792 | K5: 0 | L5: MAD | O5: 2000 | P5: 31 | Q5: 31 | R5: Not supplied | S5: ICMP
A6: 204342 | B6: Zekhnini Mustapha | C6: Ford GER | D6: 2026-07 | E6: 664.04077 | F6: 4.9695744 | G6: 4.7142857 | H6: 0.090128755 | K6: 0 | L6: MAD | O6: 2000 | P6: 31 | Q6: 31 | R6: Not supplied | S6: ICMP
A7: 204343 | B7: Talhajit Abdellah | C7: Ford GER | D7: 2026-07 | E7: 589.97174 | F7: 5.5934883 | G7: 1 | H7: 0.109375 | K7: 0 | L7: MAD | O7: 2000 | P7: 31 | Q7: 31 | R7: Not supplied | S7: ICMP
A8: 204344 | B8: AYMAZ Abdelhay | C8: Ford GER | D8: 2026-07 | E8: 717.1025 | F8: 4.6018526 | G8: 4.7 | H8: 0.12389381 | K8: 0 | L8: MAD | O8: 2000 | P8: 31 | Q8: 31 | R8: Not supplied | S8: ICMP
A9: 204345 | B9: MOUSSA Amjad | C9: Ford GER | D9: 2026-07 | E9: 784.95633 | F9: 4.2040555 | G9: 4 | H9: 0.029850746 | K9: 0 | L9: MAD | O9: 2000 | P9: 31 | Q9: 31 | R9: Not supplied | S9: ICMP
A10: 204602 | B10: DRISSI Sidi Youssef | C10: Ford GER | D10: 2026-07 | E10: 707.70197 | F10: 4.6629798 | G10: 3.8461538 | H10: 0.082987552 | K10: 0 | L10: MAD | O10: 2000 | P10: 31 | Q10: 31 | R10: Not supplied | S10: ICMP
A11: 204349 | B11: NABACH Lara | C11: Ford GER | D11: 2026-07 | E11: 459.94248 | F11: 7.1748102 | G11: 4.2222222 | H11: 0.10655738 | K11: 0 | L11: MAD | O11: 2000 | P11: 31 | Q11: 31 | R11: Not supplied | S11: ICMP
A12: 228205 | B12: Mohamed Amine MERSAK | C12: OEM FR | D12: 2026-07 | E12: 437.32258 | F12: 7.5459172 | G12: 4.9310345 | H12: 0.39303483 | I12: 0.636 | K12: 0 | L12: MAD | O12: 2000 | P12: 31 | Q12: 31 | R12: Not supplied | S12: ICMP
A13: 204018 | B13: Mejhed Asmaa | C13: Ford Dutch | D13: 2026-07 | G13: 4.1111111 | H13: 0.056672761 | I13: 0 | K13: 0 | L13: MAD | O13: 2000 | P13: 31 | Q13: 31 | R13: Not supplied | S13: ICMP
A14: 250749 | B14: Achraf ENNAJAH | C14: OEM FR | D14: 2026-07 | K14: 0 | L14: MAD | O14: 2000 | P14: 31 | Q14: 31 | R14: Not supplied | S14: ICMP
A15: 250750 | B15: Ayoub EL ADRAOUI | C15: OEM FR | D15: 2026-07 | K15: 0 | L15: MAD | O15: 2000 | P15: 31 | Q15: 31 | R15: Not supplied | S15: ICMP
A16: 266361 | B16: Mohamed Zuljami | C16: RSA VL | D16: 2026-07 | K16: 0 | L16: MAD | O16: 2000 | P16: 31 | Q16: 31 | R16: Not supplied | S16: ICMP
A17: 204037 | B17: Ouadie REGRAGUI | C17: RSA NL | D17: 2026-07 | E17: 497.66292 | F17: 6.6309943 | G17: 3 | H17: 0.036184211 | I17: 0.88 | J17: 0.14 | K17: 0 | L17: MAD | O17: 2000 | P17: 31 | Q17: 31 | R17: Not supplied | S17: ICMP
A18: 232195 | B18: Khalid BOJADA | C18: RSA NL | D18: 2026-07 | E18: 431.0938 | F18: 7.6549466 | G18: 4.1707317 | H18: 0.10742188 | I18: 0.45 | J18: 0.12 | K18: 0 | L18: MAD | O18: 2000 | P18: 31 | Q18: 31 | R18: Not supplied | S18: ICMP
A19: 228217 | B19: Zineb ZAAROURI | C19: OEM FR | D19: 2026-07 | E19: 457.88506 | F19: 7.2070489 | G19: 5 | H19: 0.19166667 | I19: 0.849 | J19: 0 | K19: 0 | L19: MAD | O19: 2000 | P19: 31 | Q19: 31 | R19: Not supplied | S19: ICMP
A20: 204033 | B20: Oulad Abdelaziz Youssef | C20: Ford Dutch | D20: 2026-07 | E20: 331.95904 | F20: 9.9409854 | G20: 3.5294118 | H20: 0.059925094 | I20: 0.2 | J20: 0.2 | K20: 0 | L20: MAD | O20: 2000 | P20: 31 | Q20: 31 | R20: Not supplied | S20: ICMP
A21: 228202 | B21: Youssef AZIZ | C21: OEM FR | D21: 2026-07 | E21: 619.22154 | F21: 5.329272 | G21: 4.627451 | H21: 0.37016575 | I21: 0.56416667 | J21: 0 | K21: 0 | L21: MAD | O21: 2000 | P21: 31 | Q21: 31 | R21: Not supplied | S21: ICMP
A22: 228201 | B22: Youssef AMNAD | C22: OEM FR | D22: 2026-07 | E22: 459.58571 | F22: 7.1803798 | G22: 4.9705882 | H22: 0.28965517 | I22: 0.65666667 | J22: 0 | K22: 0 | L22: MAD | O22: 2000 | P22: 31 | Q22: 31 | R22: Not supplied | S22: ICMP
A23: 250753 | B23: Youness ZBATI | C23: OEM FR | D23: 2026-07 | J23: 0 | K23: 0 | L23: MAD | O23: 2000 | P23: 31 | Q23: 31 | R23: Not supplied | S23: ICMP
A24: 249778 | B24: Youness OUAHBI | C24: RSA FR | D24: 2026-07 | J24: 0 | K24: 0 | L24: MAD | O24: 2000 | P24: 31 | Q24: 31 | R24: Not supplied | S24: ICMP
A25: 96496 | B25: HADRI Younes | C25: RSA VL | D25: 2026-07 | E25: 323.5027 | F25: 10.200842 | G25: 3.3333333 | H25: 0.075812274 | I25: 0.96333333 | J25: 0 | K25: 0 | L25: MAD | O25: 2000 | P25: 31 | Q25: 31 | R25: Not supplied | S25: ICMP
A26: 228215 | B26: Younes EL FELLAH EL OUAZZANI | C26: OEM FR | D26: 2026-07 | E26: 450.93291 | F26: 7.3181619 | G26: 4.5882353 | H26: 0.20098039 | I26: 0.66461538 | J26: 0 | K26: 0 | L26: MAD | O26: 2000 | P26: 31 | Q26: 31 | R26: Not supplied | S26: ICMP
A27: 228211 | B27: Yazid LAGDEM | C27: OEM FR | D27: 2026-07 | E27: 630.17832 | F27: 5.236613 | G27: 4.8918919 | H27: 0.29310345 | I27: 0.76 | J27: 0 | K27: 0 | L27: MAD | O27: 2000 | P27: 31 | Q27: 31 | R27: Not supplied | S27: ICMP
A28: 232196 | B28: Yassir Issarti | C28: RSA NL | D28: 2026-07 | E28: 645.55617 | F28: 5.1118712 | G28: 4.2142857 | H28: 0.089775561 | I28: 0.176 | J28: 0 | K28: 0 | L28: MAD | O28: 2000 | P28: 31 | Q28: 31 | R28: Not supplied | S28: ICMP
A29: 203614 | B29: El Mekkaoui Yassir | C29: OEM FR | D29: 2026-07 | E29: 477.53503 | F29: 6.9104878 | G29: 4.5925926 | H29: 0.20574163 | I29: 0.62714286 | J29: 0 | K29: 0 | L29: MAD | O29: 2000 | P29: 31 | Q29: 31 | R29: Not supplied | S29: ICMP
A30: 244554 | B30: Yassine Athmane | C30: RSA NL | D30: 2026-07 | K30: 0 | L30: MAD | O30: 2000 | P30: 31 | Q30: 31 | R30: Not supplied | S30: ICMP
A31: 203646 | B31: Jemkar Yasmine | C31: OEM FR | D31: 2026-07 | E31: 365.87097 | F31: 9.0195733 | G31: 4.5405405 | H31: 0.20425532 | I31: 0.67923077 | J31: 0 | K31: 0 | L31: MAD | O31: 2000 | P31: 31 | Q31: 31 | R31: Not supplied | S31: ICMP
A32: 96486 | B32: EL BAROUDI El Yassmine | C32: RSA NL | D32: 2026-07 | E32: 246.35317 | F32: 13.395403 | G32: 3.375 | H32: 0.067039106 | I32: 0.2075 | J32: 0 | K32: 0 | L32: MAD | O32: 2000 | P32: 31 | Q32: 31 | R32: Not supplied | S32: ICMP
A33: 204024 | B33: Van der Laan Tim | C33: Ford Dutch | D33: 2026-07 | E33: 374.85809 | F33: 8.8033314 | G33: 4.1568627 | H33: 0.11347518 | I33: 0 | J33: 0.15 | K33: 0 | L33: MAD | O33: 2000 | P33: 31 | Q33: 31 | R33: Not supplied | S33: ICMP
A34: 224102 | B34: Tasnim NAJI | C34: RSA NL | D34: 2026-07 | E34: 574 | F34: 5.7491289 | G34: 4 | H34: 0.062135922 | I34: 0.58666667 | J34: 0.09 | K34: 0 | L34: MAD | O34: 2000 | P34: 31 | Q34: 31 | R34: Not supplied | S34: ICMP
A35: 228213 | B35: Taoufik MANOUNI | C35: OEM FR | D35: 2026-07 | E35: 415.82136 | F35: 7.9361003 | G35: 4.7083333 | H35: 0.40863787 | I35: 0.73083333 | J35: 0 | K35: 0 | L35: MAD | O35: 2000 | P35: 31 | Q35: 31 | R35: Not supplied | S35: ICMP
A36: 244550 | B36: taissir Bakour | C36: RSA NL | D36: 2026-07 | K36: 0 | L36: MAD | O36: 2000 | P36: 31 | Q36: 31 | R36: Not supplied | S36: ICMP
A37: 207437 | B37: Taha Aboulhaoul | C37: RSA FR | D37: 2026-07 | E37: 303.85647 | F37: 10.860391 | G37: 2.9090909 | H37: 0.061630219 | I37: 0.79571429 | J37: 0 | K37: 0 | L37: MAD | O37: 2000 | P37: 31 | Q37: 31 | R37: Not supplied | S37: ICMP
A38: 240747 | B38: Soufiane ROUH | C38: RSA NL | D38: 2026-07 | G38: 1 | H38: 0.05 | K38: 0 | L38: MAD | O38: 2000 | P38: 31 | Q38: 31 | R38: Not supplied | S38: ICMP
A39: 221751 | B39: Shaib Hashemi | C39: RSA NL | D39: 2026-07 | E39: 375.34 | F39: 8.7920286 | G39: 3.4 | H39: 0.053299492 | I39: 0 | J39: 0.3 | K39: 0 | L39: MAD | O39: 2000 | P39: 31 | Q39: 31 | R39: Not supplied | S39: ICMP
A40: 232190 | B40: SCOTT BAHRU DE COENE | C40: RSA VL | D40: 2026-07 | E40: 523.15679 | F40: 6.3078603 | G40: 2.7142857 | H40: 0.057522124 | I40: 0.625 | J40: 0 | K40: 0 | L40: MAD | O40: 2000 | P40: 31 | Q40: 31 | R40: Not supplied | S40: ICMP
A41: 204045 | B41: Ait El Bashir Salah Eddine | C41: Ford Dutch | D41: 2026-07 | E41: 358.18152 | F41: 9.2132057 | G41: 4.2278481 | H41: 0.18081181 | I41: 0.66666667 | J41: 0.01 | K41: 0 | L41: MAD | O41: 2000 | P41: 31 | Q41: 31 | R41: Not supplied | S41: ICMP
A42: 96457 | B42: SAMAR Said | C42: RSA NL | D42: 2026-07 | E42: 446.86827 | F42: 7.3847266 | G42: 3.6078431 | H42: 0.12006861 | I42: 0.29333333 | J42: 0.13 | K42: 0 | L42: MAD | O42: 2000 | P42: 31 | Q42: 31 | R42: Not supplied | S42: ICMP
A43: 96526 | B43: HAJHOUJ Said | C43: RSA NL | D43: 2026-07 | E43: 305.96697 | F43: 10.785478 | G43: 2.75 | H43: 0.079365079 | I43: 0.6 | J43: 0.28 | K43: 0 | L43: MAD | O43: 2000 | P43: 31 | Q43: 31 | R43: Not supplied | S43: ICMP
A44: 204049 | B44: Chantoufi Said | C44: Ford Dutch | D44: 2026-07 | E44: 460.69303 | F44: 7.1631212 | G44: 4.3819444 | H44: 0.23766816 | I44: 0.15833333 | J44: 0.06 | K44: 0 | L44: MAD | O44: 2000 | P44: 31 | Q44: 31 | R44: Not supplied | S44: ICMP
A45: 204047 | B45: Rhauni Safwane | C45: Ford Dutch | D45: 2026-07 | E45: 341.5661 | F45: 9.6613803 | G45: 3.4375 | H45: 0.043392505 | I45: 0 | J45: 0 | K45: 0 | L45: MAD | O45: 2000 | P45: 31 | Q45: 31 | R45: Not supplied | S45: ICMP
A46: 96516 | B46: EZZOHARI Saad | C46: RSA NL | D46: 2026-07 | E46: 305.45571 | F46: 10.80353 | G46: 3.7258065 | H46: 0.091 | I46: 0 | J46: 0 | K46: 0 | L46: MAD | O46: 2000 | P46: 31 | Q46: 31 | R46: Not supplied | S46: ICMP
A47: 244553 | B47: Rim Fatih | C47: RSA NL | D47: 2026-07 | K47: 0 | L47: MAD | O47: 2000 | P47: 31 | Q47: 31 | R47: Not supplied | S47: ICMP
A48: 232188 | B48: Redwane Ajouaoui | C48: RSA VL | D48: 2026-07 | E48: 310.33634 | F48: 10.633624 | G48: 4.5625 | H48: 0.05801105 | I48: 0.89 | J48: 0 | K48: 0 | L48: MAD | O48: 2000 | P48: 31 | Q48: 31 | R48: Not supplied | S48: ICMP
A49: 205224 | B49: Ghalbi Redouane | C49: Ford Dutch | D49: 2026-07 | E49: 410.71875 | F49: 8.0346953 | G49: 4.1363636 | H49: 0.076732673 | I49: 0 | J49: 0.29 | K49: 0 | L49: MAD | O49: 2000 | P49: 31 | Q49: 31 | R49: Not supplied | S49: ICMP
A50: 96462 | B50: OUASKIOT Rachida | C50: RSA NL | D50: 2026-07 | E50: 381.71457 | F50: 8.6452031 | G50: 3.8333333 | H50: 0.069148936 | I50: 0.88 | J50: 0 | K50: 0 | L50: MAD | O50: 2000 | P50: 31 | Q50: 31 | R50: Not supplied | S50: ICMP
A51: 134404 | B51: Rachid Mourad | C51: RSA NL | D51: 2026-07 | K51: 0 | L51: MAD | O51: 2000 | P51: 31 | Q51: 31 | R51: Not supplied | S51: ICMP
A52: 96523 | B52: EL HARRAK Rachid | C52: RSA NL | D52: 2026-07 | E52: 326.95088 | F52: 10.093259 | G52: 3.4193548 | H52: 0.063354037 | I52: 0.075 | J52: 0.1 | K52: 0 | L52: MAD | O52: 2000 | P52: 31 | Q52: 31 | R52: Not supplied | S52: ICMP
A53: 203627 | B53: Sy Ousmane | C53: OEM FR | D53: 2026-07 | E53: 578.25556 | F53: 5.7068194 | G53: 4.962963 | H53: 0.32407407 | I53: 0.58769231 | J53: 0 | K53: 0 | L53: MAD | O53: 2000 | P53: 31 | Q53: 31 | R53: Not supplied | S53: ICMP
A54: 249777 | B54: Oumaima LARIANI | C54: RSA FR | D54: 2026-07 | J54: 0 | K54: 0 | L54: MAD | O54: 2000 | P54: 31 | Q54: 31 | R54: Not supplied | S54: ICMP
A55: 207051 | B55: Fifadji Orphélia Yvelines | C55: OEM FR | D55: 2026-07 | E55: 520.44295 | F55: 6.3407526 | G55: 4.9411765 | H55: 0.10984848 | I55: 0.68142857 | J55: 0 | K55: 0 | L55: MAD | O55: 2000 | P55: 31 | Q55: 31 | R55: Not supplied | S55: ICMP
A56: 144565 | B56: NABAT Nouhaila | C56: RSA FR | D56: 2026-07 | E56: 334.34836 | F56: 9.8699452 | G56: 3.6206897 | H56: 0.10644258 | I56: 0.9 | J56: 0 | K56: 0 | L56: MAD | O56: 2000 | P56: 31 | Q56: 31 | R56: Not supplied | S56: ICMP
A57: 203080 | B57: Lamtibbou Nizar | C57: RSA FR | D57: 2026-07 | E57: 257.51675 | F57: 12.8147 | G57: 2.2727273 | H57: 0.06744186 | I57: 0.55333333 | J57: 0.13 | K57: 0 | L57: MAD | O57: 2000 | P57: 31 | Q57: 31 | R57: Not supplied | S57: ICMP
A58: 223882 | B58: Nassim Abdelrzak STITOU | C58: RSA VL | D58: 2026-07 | E58: 331.76399 | F58: 9.9468301 | G58: 3.2777778 | H58: 0.059471366 | I58: 0.415 | J58: 0.19 | K58: 0 | L58: MAD | O58: 2000 | P58: 31 | Q58: 31 | R58: Not supplied | S58: ICMP
A59: 123229 | B59: EL ARKOUBI Nasseri | C59: RSA NL | D59: 2026-07 | E59: 381.44548 | F59: 8.651302 | G59: 4.4285714 | H59: 0.048275862 | I59: 0.95 | J59: 0 | K59: 0 | L59: MAD | O59: 2000 | P59: 31 | Q59: 31 | R59: Not supplied | S59: ICMP
A60: 228668 | B60: Najib Abdelhadi | C60: OEM FR | D60: 2026-07 | E60: 719.05537 | F60: 4.5893545 | G60: 4.4285714 | H60: 0.18918919 | I60: 0.6275 | J60: 0 | K60: 0 | L60: MAD | O60: 2000 | P60: 31 | Q60: 31 | R60: Not supplied | S60: ICMP
A61: 96164 | B61: ERRAIT Najia | C61: RSA VL | D61: 2026-07 | E61: 501.39578 | F61: 6.581627 | G61: 4.2666667 | H61: 0.064189189 | I61: 0.66 | J61: 0 | K61: 0 | L61: MAD | O61: 2000 | P61: 31 | Q61: 31 | R61: Not supplied | S61: ICMP
A62: 203606 | B62: Ennajari Naima | C62: OEM FR | D62: 2026-07 | E62: 390.03354 | F62: 8.4608109 | G62: 4.6666667 | H62: 0.17801047 | I62: 0.67928571 | J62: 0 | K62: 0 | L62: MAD | O62: 2000 | P62: 31 | Q62: 31 | R62: Not supplied | S62: ICMP
A63: 224096 | B63: Nahid TALLIH | C63: RSA NL | D63: 2026-07 | E63: 240.12933 | F63: 13.742594 | G63: 2.7356322 | H63: 0.12012645 | I63: 0 | J63: 0.04 | K63: 0 | L63: MAD | O63: 2000 | P63: 31 | Q63: 31 | R63: Not supplied | S63: ICMP
A64: 203591 | B64: El Mornaki Mustapha | C64: OEM FR | D64: 2026-07 | E64: 492.87097 | F64: 6.6954644 | G64: 3.6 | H64: 0.16923077 | I64: 0.285 | J64: 0 | K64: 0 | L64: MAD | O64: 2000 | P64: 31 | Q64: 31 | R64: Not supplied | S64: ICMP
A65: 203575 | B65: Diallo Mustapha Salam | C65: OEM FR | D65: 2026-07 | E65: 541.3012 | F65: 6.0964209 | G65: 3 | H65: 0.10884354 | I65: 0.85866667 | J65: 0 | K65: 0 | L65: MAD | O65: 2000 | P65: 31 | Q65: 31 | R65: Not supplied | S65: ICMP
A66: 250747 | B66: Mouna SAHIL | C66: OEM FR | D66: 2026-07 | J66: 0 | K66: 0 | L66: MAD | O66: 2000 | P66: 31 | Q66: 31 | R66: Not supplied | S66: ICMP
A67: 203607 | B67: Nissaoui Morad | C67: OEM FR | D67: 2026-07 | E67: 455.85714 | F67: 7.23911 | G67: 5 | H67: 0.14634146 | I67: 0.68545455 | J67: 0 | K67: 0 | L67: MAD | O67: 2000 | P67: 31 | Q67: 31 | R67: Not supplied | S67: ICMP
A68: 224101 | B68: Monir Chouhaibi | C68: RSA NL | D68: 2026-07 | E68: 304.54715 | F68: 10.83576 | G68: 3.8780488 | H68: 0.079847909 | I68: 0.6 | J68: 0.12 | K68: 0 | L68: MAD | O68: 2000 | P68: 31 | Q68: 31 | R68: Not supplied | S68: ICMP
A69: 96499 | B69: VERMEIRE Monique | C69: RSA NL | D69: 2026-07 | E69: 252.70568 | F69: 13.05867 | G69: 4 | H69: 0.06547619 | I69: 0.88 | J69: 0 | K69: 0 | L69: MAD | O69: 2000 | P69: 31 | Q69: 31 | R69: Not supplied | S69: ICMP
A70: 96452 | B70: QNICHER Mohammed Ali | C70: RSA NL | D70: 2026-07 | E70: 245.49681 | F70: 13.44213 | G70: 3.84 | H70: 0.093690249 | I70: 0.415 | J70: 0 | K70: 0 | L70: MAD | O70: 2000 | P70: 31 | Q70: 31 | R70: Not supplied | S70: ICMP
A71: 244549 | B71: Amine Bensid | C71: RSA NL | D71: 2026-07 | K71: 0 | L71: MAD | O71: 2000 | P71: 31 | Q71: 31 | R71: Not supplied | S71: ICMP
A72: 262905 | B72: Mohamed ALHABIB AIT HAMID | C72: OEM FR | D72: 2026-07 | J72: 0 | K72: 0 | L72: MAD | O72: 2000 | P72: 31 | Q72: 31 | R72: Not supplied | S72: ICMP
A73: 228200 | B73: Mohamed ABOURHAZAOUAT | C73: OEM FR | D73: 2026-07 | E73: 583.46154 | F73: 5.6558998 | G73: 4.5 | H73: 0.15714286 | I73: 0.335 | J73: 0 | K73: 0 | L73: MAD | O73: 2000 | P73: 31 | Q73: 31 | R73: Not supplied | S73: ICMP
A74: 244552 | B74: Mohamed Mansour El hassnaoui | C74: RSA NL | D74: 2026-07 | K74: 0 | L74: MAD | O74: 2000 | P74: 31 | Q74: 31 | R74: Not supplied | S74: ICMP
A75: 228672 | B75: Mohamed Ali Dreif | C75: OEM FR | D75: 2026-07 | E75: 373.26132 | F75: 8.840991 | G75: 4.3333333 | H75: 0.089928058 | I75: 0.3875 | J75: 0 | K75: 0 | L75: MAD | O75: 2000 | P75: 31 | Q75: 31 | R75: Not supplied | S75: ICMP
A76: 232191 | B76: Mohamed adnane saidi | C76: RSA FR | D76: 2026-07 | E76: 550.79456 | F76: 5.9913446 | G76: 2.5 | H76: 0.016736402 | I76: 0.662 | J76: 0 | K76: 0 | L76: MAD | O76: 2000 | P76: 31 | Q76: 31 | R76: Not supplied | S76: ICMP
A77: 228663 | B77: M’hammed BELLOUARAK | C77: OEM FR | D77: 2026-07 | E77: 424.13386 | F77: 7.7805625 | G77: 4.1923077 | H77: 0.34444444 | I77: 0.656 | J77: 0 | K77: 0 | L77: MAD | O77: 2000 | P77: 31 | Q77: 31 | R77: Not supplied | S77: ICMP
A78: 96527 | B78: NASSER Meryem | C78: RSA FR | D78: 2026-07 | E78: 207.88189 | F78: 15.874399 | G78: 2 | H78: 0.046728972 | I78: 0.9225 | J78: 0 | K78: 0 | L78: MAD | O78: 2000 | P78: 31 | Q78: 31 | R78: Not supplied | S78: ICMP
A79: 96472 | B79: LAOOUINA Meryem | C79: RSA FR | D79: 2026-07 | E79: 219.47766 | F79: 15.035699 | G79: 2.8 | H79: 0.074561404 | I79: 0.945 | J79: 0.13 | K79: 0 | L79: MAD | O79: 2000 | P79: 31 | Q79: 31 | R79: Not supplied | S79: ICMP
A80: 250743 | B80: Meryem GHAYOR | C80: OEM FR | D80: 2026-07 | J80: 0 | K80: 0 | L80: MAD | O80: 2000 | P80: 31 | Q80: 31 | R80: Not supplied | S80: ICMP
A81: 96468 | B81: MADHLOUM Mehdi | C81: RSA NL | D81: 2026-07 | E81: 225.09859 | F81: 14.660243 | G81: 0 | H81: 0 | J81: 0.13 | K81: 0 | L81: MAD | O81: 2000 | P81: 31 | Q81: 31 | R81: Not supplied | S81: ICMP
A82: 203629 | B82: Serigne Mouhamadou Mansour Sy Gueye | C82: OEM FR | D82: 2026-07 | E82: 593.20325 | F82: 5.5630174 | G82: 5 | H82: 0.21794872 | I82: 0.80411765 | J82: 0 | K82: 0 | L82: MAD | O82: 2000 | P82: 31 | Q82: 31 | R82: Not supplied | S82: ICMP
A83: 134407 | B83: EL MAGHROUDI Malak | C83: RSA NL | D83: 2026-07 | E83: 289.68033 | F83: 11.391868 | G83: 2.2105263 | H83: 0.066502463 | I83: 0.7 | J83: 0 | K83: 0 | L83: MAD | O83: 2000 | P83: 31 | Q83: 31 | R83: Not supplied | S83: ICMP
A84: 204016 | B84: Vermeire Linda | C84: Ford Dutch | D84: 2026-07 | E84: 388.41636 | F84: 8.4960377 | G84: 2.6363636 | H84: 0.056 | I84: 0 | J84: 0 | K84: 0 | L84: MAD | O84: 2000 | P84: 31 | Q84: 31 | R84: Not supplied | S84: ICMP
A85: 204015 | B85: Dekker Leila | C85: Ford Dutch | D85: 2026-07 | E85: 355.83333 | F85: 9.2740047 | G85: 0 | H85: 0.010416667 | J85: 0 | K85: 0 | L85: MAD | O85: 2000 | P85: 31 | Q85: 31 | R85: Not supplied | S85: ICMP
A86: 203638 | B86: Boeckx Lars | C86: Ford Dutch | D86: 2026-07 | E86: 243.71701 | F86: 13.540294 | G86: 3.3913043 | H86: 0.070588235 | I86: 0 | J86: 0.01 | K86: 0 | L86: MAD | O86: 2000 | P86: 31 | Q86: 31 | R86: Not supplied | S86: ICMP
A87: 250738 | B87: Lahcen OUASSIT | C87: OEM FR | D87: 2026-07 | J87: 0 | K87: 0 | L87: MAD | O87: 2000 | P87: 31 | Q87: 31 | R87: Not supplied | S87: ICMP
A88: 249776 | B88: Khawla EL BOUAANANI | C88: RSA FR | D88: 2026-07 | J88: 0 | K88: 0 | L88: MAD | O88: 2000 | P88: 31 | Q88: 31 | R88: Not supplied | S88: ICMP
A89: 199529 | B89: Ajermite Khalil | C89: RSA NL | D89: 2026-07 | E89: 377.25966 | F89: 8.7472909 | G89: 4.2666667 | H89: 0.047016275 | I89: 0.61 | J89: 0.15 | K89: 0 | L89: MAD | O89: 2000 | P89: 31 | Q89: 31 | R89: Not supplied | S89: ICMP
A90: 204052 | B90: Ajaouaou Khalid | C90: Ford Dutch | D90: 2026-07 | E90: 562.63907 | F90: 5.8652166 | G90: 4.4054054 | H90: 0.22660099 | I90: 0 | J90: 0.32 | K90: 0 | L90: MAD | O90: 2000 | P90: 31 | Q90: 31 | R90: Not supplied | S90: ICMP
A91: 96458 | B91: MOKHTAR Kawtar | C91: RSA FR | D91: 2026-07 | E91: 252.86747 | F91: 13.050314 | G91: 5 | H91: 0.049180328 | I91: 0.95 | J91: 0.86 | K91: 0 | L91: MAD | O91: 2000 | P91: 31 | Q91: 31 | R91: Not supplied | S91: ICMP
A92: 203618 | B92: Benmrieh Kawtar | C92: OEM FR | D92: 2026-07 | E92: 358.76448 | F92: 9.198235 | G92: 3.25 | H92: 0.1459854 | I92: 0.49142857 | J92: 0.09 | K92: 0 | L92: MAD | O92: 2000 | P92: 31 | Q92: 31 | R92: Not supplied | S92: ICMP
A93: 204030 | B93: Saoud Karim | C93: Ford Dutch | D93: 2026-07 | E93: 504.51351 | F93: 6.5409546 | G93: 5 | H93: 0.4 | I93: 0.4875 | J93: 0.01 | K93: 0 | L93: MAD | O93: 2000 | P93: 31 | Q93: 31 | R93: Not supplied | S93: ICMP
A94: 96493 | B94: BENABDALLAH Karim | C94: RSA VL | D94: 2026-07 | E94: 270.12844 | F94: 12.216411 | G94: 2.7777778 | H94: 0.050505051 | I94: 0.455 | J94: 0.14 | K94: 0 | L94: MAD | O94: 2000 | P94: 31 | Q94: 31 | R94: Not supplied | S94: ICMP
A95: 202682 | B95: Beekman Kai | C95: Ford Dutch | D95: 2026-07 | E95: 504.31852 | F95: 6.5434837 | G95: 2.5 | H95: 0.087378641 | I95: 0 | J95: 0.26 | K95: 0 | L95: MAD | O95: 2000 | P95: 31 | Q95: 31 | R95: Not supplied | S95: ICMP
A96: 224299 | B96: Jacqueline SINT | C96: RSA NL | D96: 2026-07 | E96: 435.2969 | F96: 7.5810327 | G96: 4.4782609 | H96: 0.075144509 | I96: 0.29666667 | J96: 0.33 | K96: 0 | L96: MAD | O96: 2000 | P96: 31 | Q96: 31 | R96: Not supplied | S96: ICMP
A97: 244551 | B97: jalal BARHMI | C97: RSA NL | D97: 2026-07 | K97: 0 | L97: MAD | O97: 2000 | P97: 31 | Q97: 31 | R97: Not supplied | S97: ICMP
A98: 249780 | B98: Issam MESKOURI | C98: RSA FR | D98: 2026-07 | J98: 0 | K98: 0 | L98: MAD | O98: 2000 | P98: 31 | Q98: 31 | R98: Not supplied | S98: ICMP
A99: 228216 | B99: Insafe OUAJAL | C99: OEM FR | D99: 2026-07 | E99: 485.06186 | F99: 6.803256 | G99: 3.7142857 | H99: 0.14705882 | I99: 0.63833333 | J99: 0 | K99: 0 | L99: MAD | O99: 2000 | P99: 31 | Q99: 31 | R99: Not supplied | S99: ICMP
A100: 228207 | B100: Imane LAHOUCINE | C100: OEM FR | D100: 2026-07 | E100: 515.17341 | F100: 6.4056101 | G100: 4.8571429 | H100: 0.39823009 | I100: 0.82083333 | J100: 0 | K100: 0 | L100: MAD | O100: 2000 | P100: 31 | Q100: 31 | R100: Not supplied | S100: ICMP
A101: 228673 | B101: Imane Karoui | C101: OEM FR | D101: 2026-07 | E101: 626.58224 | F101: 5.266667 | G101: 4.7272727 | H101: 0.14130435 | I101: 0.51363636 | J101: 0 | K101: 0 | L101: MAD | O101: 2000 | P101: 31 | Q101: 31 | R101: Not supplied | S101: ICMP
...

Sheet AGENT_RESULTS
A1: Agent calculation
A2: Formula-driven scenario and released payout. Released payout cannot appear while a gate is blocked.
A4: Agent ID | B4: Agent | C4: Population | D4: Core Input | E4: Eligibility Review | F4: AHT Earned | G4: Productivity Earned | H4: PCS Earned | I4: Participation Earned | J4: QM Earned | K4: Absence Earned | L4: Extra PCS Earned | M4: Gross Achievement | N4: VOC Malus | O4: Final Achievement | P4: Reference Bonus | Q4: Proration | R4: Scenario Payout | S4: Released Payout | T4: Release Status | U4: Data Issue
A5: =IF(AGENT_INPUT!A5="","",AGENT_INPUT!A5) -> 204341 | B5: =IF($A5="","",AGENT_INPUT!B5) -> Felhane Mohamed Amine | C5: =IF($A5="","",AGENT_INPUT!C5) -> Ford GER | D5: =IF($A5="","",IF(AND(COUNT(AGENT_INPUT!E5:J5)=6,COUNT(AGENT_INPUT!K5)=1,COUNTIF(BONUS_RULES!$A$5:$A$46,AGENT_INPUT!C5)>0,OR(AGENT_INPUT!O5>0,AND(AGENT_INPUT!M5>0,AGENT_INPUT!N5>0)),AGENT_INPUT!P5>=0,AGENT_INPUT!Q5>0,AGENT_INPUT!P5<=AGENT_INPUT!Q5,AGENT_INPUT!H5>=0,AGENT_INPUT!H5<=1,AGENT_INPUT!I5>=0,AGENT_INPUT!I5<=1,AGENT_INPUT!J5>=0,AGENT_INPUT!J5<=1),"READY","BLOCKED")) -> BLOCKED | E5: =IF($A5="","",IF(AGENT_INPUT!R5<>"Active","REVIEW",IF(OR(POLICY_APPROVAL!$B$9="Eligibility only",POLICY_APPROVAL!$B$9="Both"),IF(AGENT_INPUT!J5<=SUMIFS(BONUS_RULES!$E$5:$E$46,BONUS_RULES!$A$5:$A$46,$C5,BONUS_RULES!$B$5:$B$46,"Abs%"),"ELIGIBLE","INELIGIBLE ABS"),"ELIGIBLE"))) | F5: =IF(OR($A5="",$D5<>"READY"),"",IF(AGENT_INPUT!E5<=SUMIFS(BONUS_RULES!$E$5:$E$46,BONUS_RULES!$A$5:$A$46,$C5,BONUS_RULES!$B$5:$B$46,"AHT"),SUMIFS(BONUS_RULES!$D$5:$D$46,BONUS_RULES!$A$5:$A$46,$C5,BONUS_RULES!$B$5:$B$46,"AHT"),IF(AGENT_INPUT!E5<=SUMIFS(BONUS_RULES!$G$5:$G$46,BONUS_RULES!$A$5:$A$46,$C5,BONUS_RULES!$B$5:$B$46,"AHT"),SUMIFS(BONUS_RULES!$F$5:$F$46,BONUS_RULES!$A$5:$A$46,$C5,BONUS_RULES!$B$5:$B$46,"AHT"),0))) | G5: =IF(OR($A5="",$D5<>"READY"),"",IF(AGENT_INPUT!F5>=SUMIFS(BONUS_RULES!$E$5:$E$46,BONUS_RULES!$A$5:$A$46,$C5,BONUS_RULES!$B$5:$B$46,"Productivity"),SUMIFS(BONUS_RULES!$D$5:$D$46,BONUS_RULES!$A$5:$A$46,$C5,BONUS_RULES!$B$5:$B$46,"Productivity"),IF(AGENT_INPUT!F5>=SUMIFS(BONUS_RULES!$G$5:$G$46,BONUS_RULES!$A$5:$A$46,$C5,BONUS_RULES!$B$5:$B$46,"Productivity"),SUMIFS(BONUS_RULES!$F$5:$F$46,BONUS_RULES!$A$5:$A$46,$C5,BONUS_RULES!$B$5:$B$46,"Productivity"),0))) | H5: =IF(OR($A5="",$D5<>"READY"),"",IF(AGENT_INPUT!G5>=SUMIFS(BONUS_RULES!$E$5:$E$46,BONUS_RULES!$A$5:$A$46,$C5,BONUS_RULES!$B$5:$B$46,"PCS Score"),SUMIFS(BONUS_RULES!$D$5:$D$46,BONUS_RULES!$A$5:$A$46,$C5,BONUS_RULES!$B$5:$B$46,"PCS Score"),IF(AGENT_INPUT!G5>=SUMIFS(BONUS_RULES!$G$5:$G$46,BONUS_RULES!$A$5:$A$46,$C5,BONUS_RULES!$B$5:$B$46,"PCS Score"),SUMIFS(BONUS_RULES!$F$5:$F$46,BONUS_RULES!$A$5:$A$46,$C5,BONUS_RULES!$B$5:$B$46,"PCS Score"),0))) | I5: =IF(OR($A5="",$D5<>"READY"),"",IF(AGENT_INPUT!H5>=SUMIFS(BONUS_RULES!$E$5:$E$46,BONUS_RULES!$A$5:$A$46,$C5,BONUS_RULES!$B$5:$B$46,"PCS % (Participation)"),SUMIFS(BONUS_RULES!$D$5:$D$46,BONUS_RULES!$A$5:$A$46,$C5,BONUS_RULES!$B$5:$B$46,"PCS % (Participation)"),IF(AGENT_INPUT!H5>=SUMIFS(BONUS_RULES!$G$5:$G$46,BONUS_RULES!$A$5:$A$46,$C5,BONUS_RULES!$B$5:$B$46,"PCS % (Participation)"),SUMIFS(BONUS_RULES!$F$5:$F$46,BONUS_RULES!$A$5:$A$46,$C5,BONUS_RULES!$B$5:$B$46,"PCS % (Participation)"),0))) | J5: =IF(OR($A5="",$D5<>"READY"),"",IF(AGENT_INPUT!I5>=SUMIFS(BONUS_RULES!$E$5:$E$46,BONUS_RULES!$A$5:$A$46,$C5,BONUS_RULES!$B$5:$B$46,"QM"),SUMIFS(BONUS_RULES!$D$5:$D$46,BONUS_RULES!$A$5:$A$46,$C5,BONUS_RULES!$B$5:$B$46,"QM"),IF(AGENT_INPUT!I5>=SUMIFS(BONUS_RULES!$G$5:$G$46,BONUS_RULES!$A$5:$A$46,$C5,BONUS_RULES!$B$5:$B$46,"QM"),SUMIFS(BONUS_RULES!$F$5:$F$46,BONUS_RULES!$A$5:$A$46,$C5,BONUS_RULES!$B$5:$B$46,"QM"),0))) | K5: =IF(POLICY_APPROVAL!$B$9="Eligibility only",0,IF(OR($A5="",$D5<>"READY"),"",IF(AGENT_INPUT!J5<=SUMIFS(BONUS_RULES!$E$5:$E$46,BONUS_RULES!$A$5:$A$46,$C5,BONUS_RULES!$B$5:$B$46,"Abs%"),SUMIFS(BONUS_RULES!$D$5:$D$46,BONUS_RULES!$A$5:$A$46,$C5,BONUS_RULES!$B$5:$B$46,"Abs%"),IF(AGENT_INPUT!J5<=SUMIFS(BONUS_RULES!$G$5:$G$46,BONUS_RULES!$A$5:$A$46,$C5,BONUS_RULES!$B$5:$B$46,"Abs%"),SUMIFS(BONUS_RULES!$F$5:$F$46,BONUS_RULES!$A$5:$A$46,$C5,BONUS_RULES!$B$5:$B$46,"Abs%"),0)))) | L5: =IF(OR($A5="",$D5<>"READY"),"",IF(AGENT_INPUT!G5>=SUMIFS(BONUS_RULES!$E$5:$E$46,BONUS_RULES!$A$5:$A$46,$C5,BONUS_RULES!$B$5:$B$46,"Extra Bonus (PCS Score)"),SUMIFS(BONUS_RULES!$D$5:$D$46,BONUS_RULES!$A$5:$A$46,$C5,BONUS_RULES!$B$5:$B$46,"Extra Bonus (PCS Score)"),IF(AGENT_INPUT!G5>=SUMIFS(BONUS_RULES!$G$5:$G$46,BONUS_RULES!$A$5:$A$46,$C5,BONUS_RULES!$B$5:$B$46,"Extra Bonus (PCS Score)"),SUMIFS(BONUS_RULES!$F$5:$F$46,BONUS_RULES!$A$5:$A$46,$C5,BONUS_RULES!$B$5:$B$46,"Extra Bonus (PCS Score)"),0))) | M5: =IF($A5="","",MIN(IF(POLICY_APPROVAL!$B$6="Replacement",SUM(F5:K5)-H5+MAX(H5,L5),SUM(F5:L5)),POLICY_APPROVAL!$B$10)) -> 0 | N5: =IF($A5="","",IFERROR(INDEX(BONUS_RULES!$J$5:$J$10,MATCH(MIN(MAX(AGENT_INPUT!K5,0),5),BONUS_RULES!$I$5:$I$10,0)),1)) -> 0 | O5: =IF(M5="","",MAX(0,IF(POLICY_APPROVAL!$B$5="Percentage points",M5-N5,M5*(1-N5)))) -> 0 | P5: =IF(D5<>"READY","",IF(AGENT_INPUT!O5>0,AGENT_INPUT!O5,AGENT_INPUT!M5*AGENT_INPUT!N5/IF(POLICY_APPROVAL!$B$7="Annual",12,1))) | Q5: =IF(D5<>"READY","",MIN(1,AGENT_INPUT!P5/AGENT_INPUT!Q5)) | R5: =IF(D5<>"READY","",ROUND(P5*Q5*O5,IF(POLICY_APPROVAL!$B$11="Whole MAD",0,2))) | S5: =IF(AND(SETUP!$B$9="READY",T5="READY"),R5,"") | T5: =IF($A5="","",IF(D5<>"READY","BLOCKED - INPUT",IF(E5<>"ELIGIBLE","BLOCKED - ELIGIBILITY",IF(AGENT_INPUT!S5<>"VALIDATED","BLOCKED - DATA",IF(SETUP!$B$9<>"READY","BLOCKED - POLICY","READY"))))) -> BLOCKED - INPUT | U5: =IF($A5="","",IF(COUNTIFS(AGENT_INPUT!$A$5:$A$254,$A5,AGENT_INPUT!$D$5:$D$254,AGENT_INPUT!D5)>1,"DUPLICATE AGENT + PERIOD",IF(D5<>"READY","INPUT OR CONFIG REVIEW",IF(T5<>"READY",T5,"")))) -> Missing, invalid, or unconfigured required input
A6: =IF(AGENT_INPUT!A6="","",AGENT_INPUT!A6) -> 204342 | B6: =IF($A6="","",AGENT_INPUT!B6) -> Zekhnini Mustapha | C6: =IF($A6="","",AGENT_INPUT!C6) -> Ford GER | D6: =IF($A6="","",IF(AND(COUNT(AGENT_INPUT!E6:J6)=6,COUNT(AGENT_INPUT!K6)=1,COUNTIF(BONUS_RULES!$A$5:$A$46,AGENT_INPUT!C6)>0,OR(AGENT_INPUT!O6>0,AND(AGENT_INPUT!M6>0,AGENT_INPUT!N6>0)),AGENT_INPUT!P6>=0,AGENT_INPUT!Q6>0,AGENT_INPUT!P6<=AGENT_INPUT!Q6,AGENT_INPUT!H6>=0,AGENT_INPUT!H6<=1,AGENT_INPUT!I6>=0,AGENT_INPUT!I6<=1,AGENT_INPUT!J6>=0,AGENT_INPUT!J6<=1),"READY","BLOCKED")) -> BLOCKED | E6: =IF($A6="","",IF(AGENT_INPUT!R6<>"Active","REVIEW",IF(OR(POLICY_APPROVAL!$B$9="Eligibility only",POLICY_APPROVAL!$B$9="Both"),IF(AGENT_INPUT!J6<=SUMIFS(BONUS_RULES!$E$5:$E$46,BONUS_RULES!$A$5:$A$46,$C6,BONUS_RULES!$B$5:$B$46,"Abs%"),"ELIGIBLE","INELIGIBLE ABS"),"ELIGIBLE"))) | F6: =IF(OR($A6="",$D6<>"READY"),"",IF(AGENT_INPUT!E6<=SUMIFS(BONUS_RULES!$E$5:$E$46,BONUS_RULES!$A$5:$A$46,$C6,BONUS_RULES!$B$5:$B$46,"AHT"),SUMIFS(BONUS_RULES!$D$5:$D$46,BONUS_RULES!$A$5:$A$46,$C6,BONUS_RULES!$B$5:$B$46,"AHT"),IF(AGENT_INPUT!E6<=SUMIFS(BONUS_RULES!$G$5:$G$46,BONUS_RULES!$A$5:$A$46,$C6,BONUS_RULES!$B$5:$B$46,"AHT"),SUMIFS(BONUS_RULES!$F$5:$F$46,BONUS_RULES!$A$5:$A$46,$C6,BONUS_RULES!$B$5:$B$46,"AHT"),0))) | G6: =IF(OR($A6="",$D6<>"READY"),"",IF(AGENT_INPUT!F6>=SUMIFS(BONUS_RULES!$E$5:$E$46,BONUS_RULES!$A$5:$A$46,$C6,BONUS_RULES!$B$5:$B$46,"Productivity"),SUMIFS(BONUS_RULES!$D$5:$D$46,BONUS_RULES!$A$5:$A$46,$C6,BONUS_RULES!$B$5:$B$46,"Productivity"),IF(AGENT_INPUT!F6>=SUMIFS(BONUS_RULES!$G$5:$G$46,BONUS_RULES!$A$5:$A$46,$C6,BONUS_RULES!$B$5:$B$46,"Productivity"),SUMIFS(BONUS_RULES!$F$5:$F$46,BONUS_RULES!$A$5:$A$46,$C6,BONUS_RULES!$B$5:$B$46,"Productivity"),0))) | H6: =IF(OR($A6="",$D6<>"READY"),"",IF(AGENT_INPUT!G6>=SUMIFS(BONUS_RULES!$E$5:$E$46,BONUS_RULES!$A$5:$A$46,$C6,BONUS_RULES!$B$5:$B$46,"PCS Score"),SUMIFS(BONUS_RULES!$D$5:$D$46,BONUS_RULES!$A$5:$A$46,$C6,BONUS_RULES!$B$5:$B$46,"PCS Score"),IF(AGENT_INPUT!G6>=SUMIFS(BONUS_RULES!$G$5:$G$46,BONUS_RULES!$A$5:$A$46,$C6,BONUS_RULES!$B$5:$B$46,"PCS Score"),SUMIFS(BONUS_RULES!$F$5:$F$46,BONUS_RULES!$A$5:$A$46,$C6,BONUS_RULES!$B$5:$B$46,"PCS Score"),0))) | I6: =IF(OR($A6="",$D6<>"READY"),"",IF(AGENT_INPUT!H6>=SUMIFS(BONUS_RULES!$E$5:$E$46,BONUS_RULES!$A$5:$A$46,$C6,BONUS_RULES!$B$5:$B$46,"PCS % (Participation)"),SUMIFS(BONUS_RULES!$D$5:$D$46,BONUS_RULES!$A$5:$A$46,$C6,BONUS_RULES!$B$5:$B$46,"PCS % (Participation)"),IF(AGENT_INPUT!H6>=SUMIFS(BONUS_RULES!$G$5:$G$46,BONUS_RULES!$A$5:$A$46,$C6,BONUS_RULES!$B$5:$B$46,"PCS % (Participation)"),SUMIFS(BONUS_RULES!$F$5:$F$46,BONUS_RULES!$A$5:$A$46,$C6,BONUS_RULES!$B$5:$B$46,"PCS % (Participation)"),0))) | J6: =IF(OR($A6="",$D6<>"READY"),"",IF(AGENT_INPUT!I6>=SUMIFS(BONUS_RULES!$E$5:$E$46,BONUS_RULES!$A$5:$A$46,$C6,BONUS_RULES!$B$5:$B$46,"QM"),SUMIFS(BONUS_RULES!$D$5:$D$46,BONUS_RULES!$A$5:$A$46,$C6,BONUS_RULES!$B$5:$B$46,"QM"),IF(AGENT_INPUT!I6>=SUMIFS(BONUS_RULES!$G$5:$G$46,BONUS_RULES!$A$5:$A$46,$C6,BONUS_RULES!$B$5:$B$46,"QM"),SUMIFS(BONUS_RULES!$F$5:$F$46,BONUS_RULES!$A$5:$A$46,$C6,BONUS_RULES!$B$5:$B$46,"QM"),0))) | K6: =IF(POLICY_APPROVAL!$B$9="Eligibility only",0,IF(OR($A6="",$D6<>"READY"),"",IF(AGENT_INPUT!J6<=SUMIFS(BONUS_RULES!$E$5:$E$46,BONUS_RULES!$A$5:$A$46,$C6,BONUS_RULES!$B$5:$B$46,"Abs%"),SUMIFS(BONUS_RULES!$D$5:$D$46,BONUS_RULES!$A$5:$A$46,$C6,BONUS_RULES!$B$5:$B$46,"Abs%"),IF(AGENT_INPUT!J6<=SUMIFS(BONUS_RULES!$G$5:$G$46,BONUS_RULES!$A$5:$A$46,$C6,BONUS_RULES!$B$5:$B$46,"Abs%"),SUMIFS(BONUS_RULES!$F$5:$F$46,BONUS_RULES!$A$5:$A$46,$C6,BONUS_RULES!$B$5:$B$46,"Abs%"),0)))) | L6: =IF(OR($A6="",$D6<>"READY"),"",IF(AGENT_INPUT!G6>=SUMIFS(BONUS_RULES!$E$5:$E$46,BONUS_RULES!$A$5:$A$46,$C6,BONUS_RULES!$B$5:$B$46,"Extra Bonus (PCS Score)"),SUMIFS(BONUS_RULES!$D$5:$D$46,BONUS_RULES!$A$5:$A$46,$C6,BONUS_RULES!$B$5:$B$46,"Extra Bonus (PCS Score)"),IF(AGENT_INPUT!G6>=SUMIFS(BONUS_RULES!$G$5:$G$46,BONUS_RULES!$A$5:$A$46,$C6,BONUS_RULES!$B$5:$B$46,"Extra Bonus (PCS Score)"),SUMIFS(BONUS_RULES!$F$5:$F$46,BONUS_RULES!$A$5:$A$46,$C6,BONUS_RULES!$B$5:$B$46,"Extra Bonus (PCS Score)"),0))) | M6: =IF($A6="","",MIN(IF(POLICY_APPROVAL!$B$6="Replacement",SUM(F6:K6)-H6+MAX(H6,L6),SUM(F6:L6)),POLICY_APPROVAL!$B$10)) -> 0 | N6: =IF($A6="","",IFERROR(INDEX(BONUS_RULES!$J$5:$J$10,MATCH(MIN(MAX(AGENT_INPUT!K6,0),5),BONUS_RULES!$I$5:$I$10,0)),1)) -> 0 | O6: =IF(M6="","",MAX(0,IF(POLICY_APPROVAL!$B$5="Percentage points",M6-N6,M6*(1-N6)))) -> 0 | P6: =IF(D6<>"READY","",IF(AGENT_INPUT!O6>0,AGENT_INPUT!O6,AGENT_INPUT!M6*AGENT_INPUT!N6/IF(POLICY_APPROVAL!$B$7="Annual",12,1))) | Q6: =IF(D6<>"READY","",MIN(1,AGENT_INPUT!P6/AGENT_INPUT!Q6)) | R6: =IF(D6<>"READY","",ROUND(P6*Q6*O6,IF(POLICY_APPROVAL!$B$11="Whole MAD",0,2))) | S6: =IF(AND(SETUP!$B$9="READY",T6="READY"),R6,"") | T6: =IF($A6="","",IF(D6<>"READY","BLOCKED - INPUT",IF(E6<>"ELIGIBLE","BLOCKED - ELIGIBILITY",IF(AGENT_INPUT!S6<>"VALIDATED","BLOCKED - DATA",IF(SETUP!$B$9<>"READY","BLOCKED - POLICY","READY"))))) -> BLOCKED - INPUT | U6: =IF($A6="","",IF(COUNTIFS(AGENT_INPUT!$A$5:$A$254,$A6,AGENT_INPUT!$D$5:$D$254,AGENT_INPUT!D6)>1,"DUPLICATE AGENT + PERIOD",IF(D6<>"READY","INPUT OR CONFIG REVIEW",IF(T6<>"READY",T6,"")))) -> Missing, invalid, or unconfigured required input
A7: =IF(AGENT_INPUT!A7="","",AGENT_INPUT!A7) -> 204343 | B7: =IF($A7="","",AGENT_INPUT!B7) -> Talhajit Abdellah | C7: =IF($A7="","",AGENT_INPUT!C7) -> Ford GER | D7: =IF($A7="","",IF(AND(COUNT(AGENT_INPUT!E7:J7)=6,COUNT(AGENT_INPUT!K7)=1,COUNTIF(BONUS_RULES!$A$5:$A$46,AGENT_INPUT!C7)>0,OR(AGENT_INPUT!O7>0,AND(AGENT_INPUT!M7>0,AGENT_INPUT!N7>0)),AGENT_INPUT!P7>=0,AGENT_INPUT!Q7>0,AGENT_INPUT!P7<=AGENT_INPUT!Q7,AGENT_INPUT!H7>=0,AGENT_INPUT!H7<=1,AGENT_INPUT!I7>=0,AGENT_INPUT!I7<=1,AGENT_INPUT!J7>=0,AGENT_INPUT!J7<=1),"READY","BLOCKED")) -> BLOCKED | E7: =IF($A7="","",IF(AGENT_INPUT!R7<>"Active","REVIEW",IF(OR(POLICY_APPROVAL!$B$9="Eligibility only",POLICY_APPROVAL!$B$9="Both"),IF(AGENT_INPUT!J7<=SUMIFS(BONUS_RULES!$E$5:$E$46,BONUS_RULES!$A$5:$A$46,$C7,BONUS_RULES!$B$5:$B$46,"Abs%"),"ELIGIBLE","INELIGIBLE ABS"),"ELIGIBLE"))) | F7: =IF(OR($A7="",$D7<>"READY"),"",IF(AGENT_INPUT!E7<=SUMIFS(BONUS_RULES!$E$5:$E$46,BONUS_RULES!$A$5:$A$46,$C7,BONUS_RULES!$B$5:$B$46,"AHT"),SUMIFS(BONUS_RULES!$D$5:$D$46,BONUS_RULES!$A$5:$A$46,$C7,BONUS_RULES!$B$5:$B$46,"AHT"),IF(AGENT_INPUT!E7<=SUMIFS(BONUS_RULES!$G$5:$G$46,BONUS_RULES!$A$5:$A$46,$C7,BONUS_RULES!$B$5:$B$46,"AHT"),SUMIFS(BONUS_RULES!$F$5:$F$46,BONUS_RULES!$A$5:$A$46,$C7,BONUS_RULES!$B$5:$B$46,"AHT"),0))) | G7: =IF(OR($A7="",$D7<>"READY"),"",IF(AGENT_INPUT!F7>=SUMIFS(BONUS_RULES!$E$5:$E$46,BONUS_RULES!$A$5:$A$46,$C7,BONUS_RULES!$B$5:$B$46,"Productivity"),SUMIFS(BONUS_RULES!$D$5:$D$46,BONUS_RULES!$A$5:$A$46,$C7,BONUS_RULES!$B$5:$B$46,"Productivity"),IF(AGENT_INPUT!F7>=SUMIFS(BONUS_RULES!$G$5:$G$46,BONUS_RULES!$A$5:$A$46,$C7,BONUS_RULES!$B$5:$B$46,"Productivity"),SUMIFS(BONUS_RULES!$F$5:$F$46,BONUS_RULES!$A$5:$A$46,$C7,BONUS_RULES!$B$5:$B$46,"Productivity"),0))) | H7: =IF(OR($A7="",$D7<>"READY"),"",IF(AGENT_INPUT!G7>=SUMIFS(BONUS_RULES!$E$5:$E$46,BONUS_RULES!$A$5:$A$46,$C7,BONUS_RULES!$B$5:$B$46,"PCS Score"),SUMIFS(BONUS_RULES!$D$5:$D$46,BONUS_RULES!$A$5:$A$46,$C7,BONUS_RULES!$B$5:$B$46,"PCS Score"),IF(AGENT_INPUT!G7>=SUMIFS(BONUS_RULES!$G$5:$G$46,BONUS_RULES!$A$5:$A$46,$C7,BONUS_RULES!$B$5:$B$46,"PCS Score"),SUMIFS(BONUS_RULES!$F$5:$F$46,BONUS_RULES!$A$5:$A$46,$C7,BONUS_RULES!$B$5:$B$46,"PCS Score"),0))) | I7: =IF(OR($A7="",$D7<>"READY"),"",IF(AGENT_INPUT!H7>=SUMIFS(BONUS_RULES!$E$5:$E$46,BONUS_RULES!$A$5:$A$46,$C7,BONUS_RULES!$B$5:$B$46,"PCS % (Participation)"),SUMIFS(BONUS_RULES!$D$5:$D$46,BONUS_RULES!$A$5:$A$46,$C7,BONUS_RULES!$B$5:$B$46,"PCS % (Participation)"),IF(AGENT_INPUT!H7>=SUMIFS(BONUS_RULES!$G$5:$G$46,BONUS_RULES!$A$5:$A$46,$C7,BONUS_RULES!$B$5:$B$46,"PCS % (Participation)"),SUMIFS(BONUS_RULES!$F$5:$F$46,BONUS_RULES!$A$5:$A$46,$C7,BONUS_RULES!$B$5:$B$46,"PCS % (Participation)"),0))) | J7: =IF(OR($A7="",$D7<>"READY"),"",IF(AGENT_INPUT!I7>=SUMIFS(BONUS_RULES!$E$5:$E$46,BONUS_RULES!$A$5:$A$46,$C7,BONUS_RULES!$B$5:$B$46,"QM"),SUMIFS(BONUS_RULES!$D$5:$D$46,BONUS_RULES!$A$5:$A$46,$C7,BONUS_RULES!$B$5:$B$46,"QM"),IF(AGENT_INPUT!I7>=SUMIFS(BONUS_RULES!$G$5:$G$46,BONUS_RULES!$A$5:$A$46,$C7,BONUS_RULES!$B$5:$B$46,"QM"),SUMIFS(BONUS_RULES!$F$5:$F$46,BONUS_RULES!$A$5:$A$46,$C7,BONUS_RULES!$B$5:$B$46,"QM"),0))) | K7: =IF(POLICY_APPROVAL!$B$9="Eligibility only",0,IF(OR($A7="",$D7<>"READY"),"",IF(AGENT_INPUT!J7<=SUMIFS(BONUS_RULES!$E$5:$E$46,BONUS_RULES!$A$5:$A$46,$C7,BONUS_RULES!$B$5:$B$46,"Abs%"),SUMIFS(BONUS_RULES!$D$5:$D$46,BONUS_RULES!$A$5:$A$46,$C7,BONUS_RULES!$B$5:$B$46,"Abs%"),IF(AGENT_INPUT!J7<=SUMIFS(BONUS_RULES!$G$5:$G$46,BONUS_RULES!$A$5:$A$46,$C7,BONUS_RULES!$B$5:$B$46,"Abs%"),SUMIFS(BONUS_RULES!$F$5:$F$46,BONUS_RULES!$A$5:$A$46,$C7,BONUS_RULES!$B$5:$B$46,"Abs%"),0)))) | L7: =IF(OR($A7="",$D7<>"READY"),"",IF(AGENT_INPUT!G7>=SUMIFS(BONUS_RULES!$E$5:$E$46,BONUS_RULES!$A$5:$A$46,$C7,BONUS_RULES!$B$5:$B$46,"Extra Bonus (PCS Score)"),SUMIFS(BONUS_RULES!$D$5:$D$46,BONUS_RULES!$A$5:$A$46,$C7,BONUS_RULES!$B$5:$B$46,"Extra Bonus (PCS Score)"),IF(AGENT_INPUT!G7>=SUMIFS(BONUS_RULES!$G$5:$G$46,BONUS_RULES!$A$5:$A$46,$C7,BONUS_RULES!$B$5:$B$46,"Extra Bonus (PCS Score)"),SUMIFS(BONUS_RULES!$F$5:$F$46,BONUS_RULES!$A$5:$A$46,$C7,BONUS_RULES!$B$5:$B$46,"Extra Bonus (PCS Score)"),0))) | M7: =IF($A7="","",MIN(IF(POLICY_APPROVAL!$B$6="Replacement",SUM(F7:K7)-H7+MAX(H7,L7),SUM(F7:L7)),POLICY_APPROVAL!$B$10)) -> 0 | N7: =IF($A7="","",IFERROR(INDEX(BONUS_RULES!$J$5:$J$10,MATCH(MIN(MAX(AGENT_INPUT!K7,0),5),BONUS_RULES!$I$5:$I$10,0)),1)) -> 0 | O7: =IF(M7="","",MAX(0,IF(POLICY_APPROVAL!$B$5="Percentage points",M7-N7,M7*(1-N7)))) -> 0 | P7: =IF(D7<>"READY","",IF(AGENT_INPUT!O7>0,AGENT_INPUT!O7,AGENT_INPUT!M7*AGENT_INPUT!N7/IF(POLICY_APPROVAL!$B$7="Annual",12,1))) | Q7: =IF(D7<>"READY","",MIN(1,AGENT_INPUT!P7/AGENT_INPUT!Q7)) | R7: =IF(D7<>"READY","",ROUND(P7*Q7*O7,IF(POLICY_APPROVAL!$B$11="Whole MAD",0,2))) | S7: =IF(AND(SETUP!$B$9="READY",T7="READY"),R7,"") | T7: =IF($A7="","",IF(D7<>"READY","BLOCKED - INPUT",IF(E7<>"ELIGIBLE","BLOCKED - ELIGIBILITY",IF(AGENT_INPUT!S7<>"VALIDATED","BLOCKED - DATA",IF(SETUP!$B$9<>"READY","BLOCKED - POLICY","READY"))))) -> BLOCKED - INPUT | U7: =IF($A7="","",IF(COUNTIFS(AGENT_INPUT!$A$5:$A$254,$A7,AGENT_INPUT!$D$5:$D$254,AGENT_INPUT!D7)>1,"DUPLICATE AGENT + PERIOD",IF(D7<>"READY","INPUT OR CONFIG REVIEW",IF(T7<>"READY",T7,"")))) -> Missing, invalid, or unconfigured required input
A8: =IF(AGENT_INPUT!A8="","",AGENT_INPUT!A8) -> 204344 | B8: =IF($A8="","",AGENT_INPUT!B8) -> AYMAZ Abdelhay | C8: =IF($A8="","",AGENT_INPUT!C8) -> Ford GER | D8: =IF($A8="","",IF(AND(COUNT(AGENT_INPUT!E8:J8)=6,COUNT(AGENT_INPUT!K8)=1,COUNTIF(BONUS_RULES!$A$5:$A$46,AGENT_INPUT!C8)>0,OR(AGENT_INPUT!O8>0,AND(AGENT_INPUT!M8>0,AGENT_INPUT!N8>0)),AGENT_INPUT!P8>=0,AGENT_INPUT!Q8>0,AGENT_INPUT!P8<=AGENT_INPUT!Q8,AGENT_INPUT!H8>=0,AGENT_INPUT!H8<=1,AGENT_INPUT!I8>=0,AGENT_INPUT!I8<=1,AGENT_INPUT!J8>=0,AGENT_INPUT!J8<=1),"READY","BLOCKED")) -> BLOCKED | E8: =IF($A8="","",IF(AGENT_INPUT!R8<>"Active","REVIEW",IF(OR(POLICY_APPROVAL!$B$9="Eligibility only",POLICY_APPROVAL!$B$9="Both"),IF(AGENT_INPUT!J8<=SUMIFS(BONUS_RULES!$E$5:$E$46,BONUS_RULES!$A$5:$A$46,$C8,BONUS_RULES!$B$5:$B$46,"Abs%"),"ELIGIBLE","INELIGIBLE ABS"),"ELIGIBLE"))) | F8: =IF(OR($A8="",$D8<>"READY"),"",IF(AGENT_INPUT!E8<=SUMIFS(BONUS_RULES!$E$5:$E$46,BONUS_RULES!$A$5:$A$46,$C8,BONUS_RULES!$B$5:$B$46,"AHT"),SUMIFS(BONUS_RULES!$D$5:$D$46,BONUS_RULES!$A$5:$A$46,$C8,BONUS_RULES!$B$5:$B$46,"AHT"),IF(AGENT_INPUT!E8<=SUMIFS(BONUS_RULES!$G$5:$G$46,BONUS_RULES!$A$5:$A$46,$C8,BONUS_RULES!$B$5:$B$46,"AHT"),SUMIFS(BONUS_RULES!$F$5:$F$46,BONUS_RULES!$A$5:$A$46,$C8,BONUS_RULES!$B$5:$B$46,"AHT"),0))) | G8: =IF(OR($A8="",$D8<>"READY"),"",IF(AGENT_INPUT!F8>=SUMIFS(BONUS_RULES!$E$5:$E$46,BONUS_RULES!$A$5:$A$46,$C8,BONUS_RULES!$B$5:$B$46,"Productivity"),SUMIFS(BONUS_RULES!$D$5:$D$46,BONUS_RULES!$A$5:$A$46,$C8,BONUS_RULES!$B$5:$B$46,"Productivity"),IF(AGENT_INPUT!F8>=SUMIFS(BONUS_RULES!$G$5:$G$46,BONUS_RULES!$A$5:$A$46,$C8,BONUS_RULES!$B$5:$B$46,"Productivity"),SUMIFS(BONUS_RULES!$F$5:$F$46,BONUS_RULES!$A$5:$A$46,$C8,BONUS_RULES!$B$5:$B$46,"Productivity"),0))) | H8: =IF(OR($A8="",$D8<>"READY"),"",IF(AGENT_INPUT!G8>=SUMIFS(BONUS_RULES!$E$5:$E$46,BONUS_RULES!$A$5:$A$46,$C8,BONUS_RULES!$B$5:$B$46,"PCS Score"),SUMIFS(BONUS_RULES!$D$5:$D$46,BONUS_RULES!$A$5:$A$46,$C8,BONUS_RULES!$B$5:$B$46,"PCS Score"),IF(AGENT_INPUT!G8>=SUMIFS(BONUS_RULES!$G$5:$G$46,BONUS_RULES!$A$5:$A$46,$C8,BONUS_RULES!$B$5:$B$46,"PCS Score"),SUMIFS(BONUS_RULES!$F$5:$F$46,BONUS_RULES!$A$5:$A$46,$C8,BONUS_RULES!$B$5:$B$46,"PCS Score"),0))) | I8: =IF(OR($A8="",$D8<>"READY"),"",IF(AGENT_INPUT!H8>=SUMIFS(BONUS_RULES!$E$5:$E$46,BONUS_RULES!$A$5:$A$46,$C8,BONUS_RULES!$B$5:$B$46,"PCS % (Participation)"),SUMIFS(BONUS_RULES!$D$5:$D$46,BONUS_RULES!$A$5:$A$46,$C8,BONUS_RULES!$B$5:$B$46,"PCS % (Participation)"),IF(AGENT_INPUT!H8>=SUMIFS(BONUS_RULES!$G$5:$G$46,BONUS_RULES!$A$5:$A$46,$C8,BONUS_RULES!$B$5:$B$46,"PCS % (Participation)"),SUMIFS(BONUS_RULES!$F$5:$F$46,BONUS_RULES!$A$5:$A$46,$C8,BONUS_RULES!$B$5:$B$46,"PCS % (Participation)"),0))) | J8: =IF(OR($A8="",$D8<>"READY"),"",IF(AGENT_INPUT!I8>=SUMIFS(BONUS_RULES!$E$5:$E$46,BONUS_RULES!$A$5:$A$46,$C8,BONUS_RULES!$B$5:$B$46,"QM"),SUMIFS(BONUS_RULES!$D$5:$D$46,BONUS_RULES!$A$5:$A$46,$C8,BONUS_RULES!$B$5:$B$46,"QM"),IF(AGENT_INPUT!I8>=SUMIFS(BONUS_RULES!$G$5:$G$46,BONUS_RULES!$A$5:$A$46,$C8,BONUS_RULES!$B$5:$B$46,"QM"),SUMIFS(BONUS_RULES!$F$5:$F$46,BONUS_RULES!$A$5:$A$46,$C8,BONUS_RULES!$B$5:$B$46,"QM"),0))) | K8: =IF(POLICY_APPROVAL!$B$9="Eligibility only",0,IF(OR($A8="",$D8<>"READY"),"",IF(AGENT_INPUT!J8<=SUMIFS(BONUS_RULES!$E$5:$E$46,BONUS_RULES!$A$5:$A$46,$C8,BONUS_RULES!$B$5:$B$46,"Abs%"),SUMIFS(BONUS_RULES!$D$5:$D$46,BONUS_RULES!$A$5:$A$46,$C8,BONUS_RULES!$B$5:$B$46,"Abs%"),IF(AGENT_INPUT!J8<=SUMIFS(BONUS_RULES!$G$5:$G$46,BONUS_RULES!$A$5:$A$46,$C8,BONUS_RULES!$B$5:$B$46,"Abs%"),SUMIFS(BONUS_RULES!$F$5:$F$46,BONUS_RULES!$A$5:$A$46,$C8,BONUS_RULES!$B$5:$B$46,"Abs%"),0)))) | L8: =IF(OR($A8="",$D8<>"READY"),"",IF(AGENT_INPUT!G8>=SUMIFS(BONUS_RULES!$E$5:$E$46,BONUS_RULES!$A$5:$A$46,$C8,BONUS_RULES!$B$5:$B$46,"Extra Bonus (PCS Score)"),SUMIFS(BONUS_RULES!$D$5:$D$46,BONUS_RULES!$A$5:$A$46,$C8,BONUS_RULES!$B$5:$B$46,"Extra Bonus (PCS Score)"),IF(AGENT_INPUT!G8>=SUMIFS(BONUS_RULES!$G$5:$G$46,BONUS_RULES!$A$5:$A$46,$C8,BONUS_RULES!$B$5:$B$46,"Extra Bonus (PCS Score)"),SUMIFS(BONUS_RULES!$F$5:$F$46,BONUS_RULES!$A$5:$A$46,$C8,BONUS_RULES!$B$5:$B$46,"Extra Bonus (PCS Score)"),0))) | M8: =IF($A8="","",MIN(IF(POLICY_APPROVAL!$B$6="Replacement",SUM(F8:K8)-H8+MAX(H8,L8),SUM(F8:L8)),POLICY_APPROVAL!$B$10)) -> 0 | N8: =IF($A8="","",IFERROR(INDEX(BONUS_RULES!$J$5:$J$10,MATCH(MIN(MAX(AGENT_INPUT!K8,0),5),BONUS_RULES!$I$5:$I$10,0)),1)) -> 0 | O8: =IF(M8="","",MAX(0,IF(POLICY_APPROVAL!$B$5="Percentage points",M8-N8,M8*(1-N8)))) -> 0 | P8: =IF(D8<>"READY","",IF(AGENT_INPUT!O8>0,AGENT_INPUT!O8,AGENT_INPUT!M8*AGENT_INPUT!N8/IF(POLICY_APPROVAL!$B$7="Annual",12,1))) | Q8: =IF(D8<>"READY","",MIN(1,AGENT_INPUT!P8/AGENT_INPUT!Q8)) | R8: =IF(D8<>"READY","",ROUND(P8*Q8*O8,IF(POLICY_APPROVAL!$B$11="Whole MAD",0,2))) | S8: =IF(AND(SETUP!$B$9="READY",T8="READY"),R8,"") | T8: =IF($A8="","",IF(D8<>"READY","BLOCKED - INPUT",IF(E8<>"ELIGIBLE","BLOCKED - ELIGIBILITY",IF(AGENT_INPUT!S8<>"VALIDATED","BLOCKED - DATA",IF(SETUP!$B$9<>"READY","BLOCKED - POLICY","READY"))))) -> BLOCKED - INPUT | U8: =IF($A8="","",IF(COUNTIFS(AGENT_INPUT!$A$5:$A$254,$A8,AGENT_INPUT!$D$5:$D$254,AGENT_INPUT!D8)>1,"DUPLICATE AGENT + PERIOD",IF(D8<>"READY","INPUT OR CONFIG REVIEW",IF(T8<>"READY",T8,"")))) -> Missing, invalid, or unconfigured required input
A9: =IF(AGENT_INPUT!A9="","",AGENT_INPUT!A9) -> 204345 | B9: =IF($A9="","",AGENT_INPUT!B9) -> MOUSSA Amjad | C9: =IF($A9="","",AGENT_INPUT!C9) -> Ford GER | D9: =IF($A9="","",IF(AND(COUNT(AGENT_INPUT!E9:J9)=6,COUNT(AGENT_INPUT!K9)=1,COUNTIF(BONUS_RULES!$A$5:$A$46,AGENT_INPUT!C9)>0,OR(AGENT_INPUT!O9>0,AND(AGENT_INPUT!M9>0,AGENT_INPUT!N9>0)),AGENT_INPUT!P9>=0,AGENT_INPUT!Q9>0,AGENT_INPUT!P9<=AGENT_INPUT!Q9,AGENT_INPUT!H9>=0,AGENT_INPUT!H9<=1,AGENT_INPUT!I9>=0,AGENT_INPUT!I9<=1,AGENT_INPUT!J9>=0,AGENT_INPUT!J9<=1),"READY","BLOCKED")) -> BLOCKED | E9: =IF($A9="","",IF(AGENT_INPUT!R9<>"Active","REVIEW",IF(OR(POLICY_APPROVAL!$B$9="Eligibility only",POLICY_APPROVAL!$B$9="Both"),IF(AGENT_INPUT!J9<=SUMIFS(BONUS_RULES!$E$5:$E$46,BONUS_RULES!$A$5:$A$46,$C9,BONUS_RULES!$B$5:$B$46,"Abs%"),"ELIGIBLE","INELIGIBLE ABS"),"ELIGIBLE"))) | F9: =IF(OR($A9="",$D9<>"READY"),"",IF(AGENT_INPUT!E9<=SUMIFS(BONUS_RULES!$E$5:$E$46,BONUS_RULES!$A$5:$A$46,$C9,BONUS_RULES!$B$5:$B$46,"AHT"),SUMIFS(BONUS_RULES!$D$5:$D$46,BONUS_RULES!$A$5:$A$46,$C9,BONUS_RULES!$B$5:$B$46,"AHT"),IF(AGENT_INPUT!E9<=SUMIFS(BONUS_RULES!$G$5:$G$46,BONUS_RULES!$A$5:$A$46,$C9,BONUS_RULES!$B$5:$B$46,"AHT"),SUMIFS(BONUS_RULES!$F$5:$F$46,BONUS_RULES!$A$5:$A$46,$C9,BONUS_RULES!$B$5:$B$46,"AHT"),0))) | G9: =IF(OR($A9="",$D9<>"READY"),"",IF(AGENT_INPUT!F9>=SUMIFS(BONUS_RULES!$E$5:$E$46,BONUS_RULES!$A$5:$A$46,$C9,BONUS_RULES!$B$5:$B$46,"Productivity"),SUMIFS(BONUS_RULES!$D$5:$D$46,BONUS_RULES!$A$5:$A$46,$C9,BONUS_RULES!$B$5:$B$46,"Productivity"),IF(AGENT_INPUT!F9>=SUMIFS(BONUS_RULES!$G$5:$G$46,BONUS_RULES!$A$5:$A$46,$C9,BONUS_RULES!$B$5:$B$46,"Productivity"),SUMIFS(BONUS_RULES!$F$5:$F$46,BONUS_RULES!$A$5:$A$46,$C9,BONUS_RULES!$B$5:$B$46,"Productivity"),0))) | H9: =IF(OR($A9="",$D9<>"READY"),"",IF(AGENT_INPUT!G9>=SUMIFS(BONUS_RULES!$E$5:$E$46,BONUS_RULES!$A$5:$A$46,$C9,BONUS_RULES!$B$5:$B$46,"PCS Score"),SUMIFS(BONUS_RULES!$D$5:$D$46,BONUS_RULES!$A$5:$A$46,$C9,BONUS_RULES!$B$5:$B$46,"PCS Score"),IF(AGENT_INPUT!G9>=SUMIFS(BONUS_RULES!$G$5:$G$46,BONUS_RULES!$A$5:$A$46,$C9,BONUS_RULES!$B$5:$B$46,"PCS Score"),SUMIFS(BONUS_RULES!$F$5:$F$46,BONUS_RULES!$A$5:$A$46,$C9,BONUS_RULES!$B$5:$B$46,"PCS Score"),0))) | I9: =IF(OR($A9="",$D9<>"READY"),"",IF(AGENT_INPUT!H9>=SUMIFS(BONUS_RULES!$E$5:$E$46,BONUS_RULES!$A$5:$A$46,$C9,BONUS_RULES!$B$5:$B$46,"PCS % (Participation)"),SUMIFS(BONUS_RULES!$D$5:$D$46,BONUS_RULES!$A$5:$A$46,$C9,BONUS_RULES!$B$5:$B$46,"PCS % (Participation)"),IF(AGENT_INPUT!H9>=SUMIFS(BONUS_RULES!$G$5:$G$46,BONUS_RULES!$A$5:$A$46,$C9,BONUS_RULES!$B$5:$B$46,"PCS % (Participation)"),SUMIFS(BONUS_RULES!$F$5:$F$46,BONUS_RULES!$A$5:$A$46,$C9,BONUS_RULES!$B$5:$B$46,"PCS % (Participation)"),0))) | J9: =IF(OR($A9="",$D9<>"READY"),"",IF(AGENT_INPUT!I9>=SUMIFS(BONUS_RULES!$E$5:$E$46,BONUS_RULES!$A$5:$A$46,$C9,BONUS_RULES!$B$5:$B$46,"QM"),SUMIFS(BONUS_RULES!$D$5:$D$46,BONUS_RULES!$A$5:$A$46,$C9,BONUS_RULES!$B$5:$B$46,"QM"),IF(AGENT_INPUT!I9>=SUMIFS(BONUS_RULES!$G$5:$G$46,BONUS_RULES!$A$5:$A$46,$C9,BONUS_RULES!$B$5:$B$46,"QM"),SUMIFS(BONUS_RULES!$F$5:$F$46,BONUS_RULES!$A$5:$A$46,$C9,BONUS_RULES!$B$5:$B$46,"QM"),0))) | K9: =IF(POLICY_APPROVAL!$B$9="Eligibility only",0,IF(OR($A9="",$D9<>"READY"),"",IF(AGENT_INPUT!J9<=SUMIFS(BONUS_RULES!$E$5:$E$46,BONUS_RULES!$A$5:$A$46,$C9,BONUS_RULES!$B$5:$B$46,"Abs%"),SUMIFS(BONUS_RULES!$D$5:$D$46,BONUS_RULES!$A$5:$A$46,$C9,BONUS_RULES!$B$5:$B$46,"Abs%"),IF(AGENT_INPUT!J9<=SUMIFS(BONUS_RULES!$G$5:$G$46,BONUS_RULES!$A$5:$A$46,$C9,BONUS_RULES!$B$5:$B$46,"Abs%"),SUMIFS(BONUS_RULES!$F$5:$F$46,BONUS_RULES!$A$5:$A$46,$C9,BONUS_RULES!$B$5:$B$46,"Abs%"),0)))) | L9: =IF(OR($A9="",$D9<>"READY"),"",IF(AGENT_INPUT!G9>=SUMIFS(BONUS_RULES!$E$5:$E$46,BONUS_RULES!$A$5:$A$46,$C9,BONUS_RULES!$B$5:$B$46,"Extra Bonus (PCS Score)"),SUMIFS(BONUS_RULES!$D$5:$D$46,BONUS_RULES!$A$5:$A$46,$C9,BONUS_RULES!$B$5:$B$46,"Extra Bonus (PCS Score)"),IF(AGENT_INPUT!G9>=SUMIFS(BONUS_RULES!$G$5:$G$46,BONUS_RULES!$A$5:$A$46,$C9,BONUS_RULES!$B$5:$B$46,"Extra Bonus (PCS Score)"),SUMIFS(BONUS_RULES!$F$5:$F$46,BONUS_RULES!$A$5:$A$46,$C9,BONUS_RULES!$B$5:$B$46,"Extra Bonus (PCS Score)"),0))) | M9: =IF($A9="","",MIN(IF(POLICY_APPROVAL!$B$6="Replacement",SUM(F9:K9)-H9+MAX(H9,L9),SUM(F9:L9)),POLICY_APPROVAL!$B$10)) -> 0 | N9: =IF($A9="","",IFERROR(INDEX(BONUS_RULES!$J$5:$J$10,MATCH(MIN(MAX(AGENT_INPUT!K9,0),5),BONUS_RULES!$I$5:$I$10,0)),1)) -> 0 | O9: =IF(M9="","",MAX(0,IF(POLICY_APPROVAL!$B$5="Percentage points",M9-N9,M9*(1-N9)))) -> 0 | P9: =IF(D9<>"READY","",IF(AGENT_INPUT!O9>0,AGENT_INPUT!O9,AGENT_INPUT!M9*AGENT_INPUT!N9/IF(POLICY_APPROVAL!$B$7="Annual",12,1))) | Q9: =IF(D9<>"READY","",MIN(1,AGENT_INPUT!P9/AGENT_INPUT!Q9)) | R9: =IF(D9<>"READY","",ROUND(P9*Q9*O9,IF(POLICY_APPROVAL!$B$11="Whole MAD",0,2))) | S9: =IF(AND(SETUP!$B$9="READY",T9="READY"),R9,"") | T9: =IF($A9="","",IF(D9<>"READY","BLOCKED - INPUT",IF(E9<>"ELIGIBLE","BLOCKED - ELIGIBILITY",IF(AGENT_INPUT!S9<>"VALIDATED","BLOCKED - DATA",IF(SETUP!$B$9<>"READY","BLOCKED - POLICY","READY"))))) -> BLOCKED - INPUT | U9: =IF($A9="","",IF(COUNTIFS(AGENT_INPUT!$A$5:$A$254,$A9,AGENT_INPUT!$D$5:$D$254,AGENT_INPUT!D9)>1,"DUPLICATE AGENT + PERIOD",IF(D9<>"READY","INPUT OR CONFIG REVIEW",IF(T9<>"READY",T9,"")))) -> Missing, invalid, or unconfigured required input
A10: =IF(AGENT_INPUT!A10="","",AGENT_INPUT!A10) -> 204602 | B10: =IF($A10="","",AGENT_INPUT!B10) -> DRISSI Sidi Youssef | C10: =IF($A10="","",AGENT_INPUT!C10) -> Ford GER | D10: =IF($A10="","",IF(AND(COUNT(AGENT_INPUT!E10:J10)=6,COUNT(AGENT_INPUT!K10)=1,COUNTIF(BONUS_RULES!$A$5:$A$46,AGENT_INPUT!C10)>0,OR(AGENT_INPUT!O10>0,AND(AGENT_INPUT!M10>0,AGENT_INPUT!N10>0)),AGENT_INPUT!P10>=0,AGENT_INPUT!Q10>0,AGENT_INPUT!P10<=AGENT_INPUT!Q10,AGENT_INPUT!H10>=0,AGENT_INPUT!H10<=1,AGENT_INPUT!I10>=0,AGENT_INPUT!I10<=1,AGENT_INPUT!J10>=0,AGENT_INPUT!J10<=1),"READY","BLOCKED")) -> BLOCKED | E10: =IF($A10="","",IF(AGENT_INPUT!R10<>"Active","REVIEW",IF(OR(POLICY_APPROVAL!$B$9="Eligibility only",POLICY_APPROVAL!$B$9="Both"),IF(AGENT_INPUT!J10<=SUMIFS(BONUS_RULES!$E$5:$E$46,BONUS_RULES!$A$5:$A$46,$C10,BONUS_RULES!$B$5:$B$46,"Abs%"),"ELIGIBLE","INELIGIBLE ABS"),"ELIGIBLE"))) | F10: =IF(OR($A10="",$D10<>"READY"),"",IF(AGENT_INPUT!E10<=SUMIFS(BONUS_RULES!$E$5:$E$46,BONUS_RULES!$A$5:$A$46,$C10,BONUS_RULES!$B$5:$B$46,"AHT"),SUMIFS(BONUS_RULES!$D$5:$D$46,BONUS_RULES!$A$5:$A$46,$C10,BONUS_RULES!$B$5:$B$46,"AHT"),IF(AGENT_INPUT!E10<=SUMIFS(BONUS_RULES!$G$5:$G$46,BONUS_RULES!$A$5:$A$46,$C10,BONUS_RULES!$B$5:$B$46,"AHT"),SUMIFS(BONUS_RULES!$F$5:$F$46,BONUS_RULES!$A$5:$A$46,$C10,BONUS_RULES!$B$5:$B$46,"AHT"),0))) | G10: =IF(OR($A10="",$D10<>"READY"),"",IF(AGENT_INPUT!F10>=SUMIFS(BONUS_RULES!$E$5:$E$46,BONUS_RULES!$A$5:$A$46,$C10,BONUS_RULES!$B$5:$B$46,"Productivity"),SUMIFS(BONUS_RULES!$D$5:$D$46,BONUS_RULES!$A$5:$A$46,$C10,BONUS_RULES!$B$5:$B$46,"Productivity"),IF(AGENT_INPUT!F10>=SUMIFS(BONUS_RULES!$G$5:$G$46,BONUS_RULES!$A$5:$A$46,$C10,BONUS_RULES!$B$5:$B$46,"Productivity"),SUMIFS(BONUS_RULES!$F$5:$F$46,BONUS_RULES!$A$5:$A$46,$C10,BONUS_RULES!$B$5:$B$46,"Productivity"),0))) | H10: =IF(OR($A10="",$D10<>"READY"),"",IF(AGENT_INPUT!G10>=SUMIFS(BONUS_RULES!$E$5:$E$46,BONUS_RULES!$A$5:$A$46,$C10,BONUS_RULES!$B$5:$B$46,"PCS Score"),SUMIFS(BONUS_RULES!$D$5:$D$46,BONUS_RULES!$A$5:$A$46,$C10,BONUS_RULES!$B$5:$B$46,"PCS Score"),IF(AGENT_INPUT!G10>=SUMIFS(BONUS_RULES!$G$5:$G$46,BONUS_RULES!$A$5:$A$46,$C10,BONUS_RULES!$B$5:$B$46,"PCS Score"),SUMIFS(BONUS_RULES!$F$5:$F$46,BONUS_RULES!$A$5:$A$46,$C10,BONUS_RULES!$B$5:$B$46,"PCS Score"),0))) | I10: =IF(OR($A10="",$D10<>"READY"),"",IF(AGENT_INPUT!H10>=SUMIFS(BONUS_RULES!$E$5:$E$46,BONUS_RULES!$A$5:$A$46,$C10,BONUS_RULES!$B$5:$B$46,"PCS % (Participation)"),SUMIFS(BONUS_RULES!$D$5:$D$46,BONUS_RULES!$A$5:$A$46,$C10,BONUS_RULES!$B$5:$B$46,"PCS % (Participation)"),IF(AGENT_INPUT!H10>=SUMIFS(BONUS_RULES!$G$5:$G$46,BONUS_RULES!$A$5:$A$46,$C10,BONUS_RULES!$B$5:$B$46,"PCS % (Participation)"),SUMIFS(BONUS_RULES!$F$5:$F$46,BONUS_RULES!$A$5:$A$46,$C10,BONUS_RULES!$B$5:$B$46,"PCS % (Participation)"),0))) | J10: =IF(OR($A10="",$D10<>"READY"),"",IF(AGENT_INPUT!I10>=SUMIFS(BONUS_RULES!$E$5:$E$46,BONUS_RULES!$A$5:$A$46,$C10,BONUS_RULES!$B$5:$B$46,"QM"),SUMIFS(BONUS_RULES!$D$5:$D$46,BONUS_RULES!$A$5:$A$46,$C10,BONUS_RULES!$B$5:$B$46,"QM"),IF(AGENT_INPUT!I10>=SUMIFS(BONUS_RULES!$G$5:$G$46,BONUS_RULES!$A$5:$A$46,$C10,BONUS_RULES!$B$5:$B$46,"QM"),SUMIFS(BONUS_RULES!$F$5:$F$46,BONUS_RULES!$A$5:$A$46,$C10,BONUS_RULES!$B$5:$B$46,"QM"),0))) | K10: =IF(POLICY_APPROVAL!$B$9="Eligibility only",0,IF(OR($A10="",$D10<>"READY"),"",IF(AGENT_INPUT!J10<=SUMIFS(BONUS_RULES!$E$5:$E$46,BONUS_RULES!$A$5:$A$46,$C10,BONUS_RULES!$B$5:$B$46,"Abs%"),SUMIFS(BONUS_RULES!$D$5:$D$46,BONUS_RULES!$A$5:$A$46,$C10,BONUS_RULES!$B$5:$B$46,"Abs%"),IF(AGENT_INPUT!J10<=SUMIFS(BONUS_RULES!$G$5:$G$46,BONUS_RULES!$A$5:$A$46,$C10,BONUS_RULES!$B$5:$B$46,"Abs%"),SUMIFS(BONUS_RULES!$F$5:$F$46,BONUS_RULES!$A$5:$A$46,$C10,BONUS_RULES!$B$5:$B$46,"Abs%"),0)))) | L10: =IF(OR($A10="",$D10<>"READY"),"",IF(AGENT_INPUT!G10>=SUMIFS(BONUS_RULES!$E$5:$E$46,BONUS_RULES!$A$5:$A$46,$C10,BONUS_RULES!$B$5:$B$46,"Extra Bonus (PCS Score)"),SUMIFS(BONUS_RULES!$D$5:$D$46,BONUS_RULES!$A$5:$A$46,$C10,BONUS_RULES!$B$5:$B$46,"Extra Bonus (PCS Score)"),IF(AGENT_INPUT!G10>=SUMIFS(BONUS_RULES!$G$5:$G$46,BONUS_RULES!$A$5:$A$46,$C10,BONUS_RULES!$B$5:$B$46,"Extra Bonus (PCS Score)"),SUMIFS(BONUS_RULES!$F$5:$F$46,BONUS_RULES!$A$5:$A$46,$C10,BONUS_RULES!$B$5:$B$46,"Extra Bonus (PCS Score)"),0))) | M10: =IF($A10="","",MIN(IF(POLICY_APPROVAL!$B$6="Replacement",SUM(F10:K10)-H10+MAX(H10,L10),SUM(F10:L10)),POLICY_APPROVAL!$B$10)) -> 0 | N10: =IF($A10="","",IFERROR(INDEX(BONUS_RULES!$J$5:$J$10,MATCH(MIN(MAX(AGENT_INPUT!K10,0),5),BONUS_RULES!$I$5:$I$10,0)),1)) -> 0 | O10: =IF(M10="","",MAX(0,IF(POLICY_APPROVAL!$B$5="Percentage points",M10-N10,M10*(1-N10)))) -> 0 | P10: =IF(D10<>"READY","",IF(AGENT_INPUT!O10>0,AGENT_INPUT!O10,AGENT_INPUT!M10*AGENT_INPUT!N10/IF(POLICY_APPROVAL!$B$7="Annual",12,1))) | Q10: =IF(D10<>"READY","",MIN(1,AGENT_INPUT!P10/AGENT_INPUT!Q10)) | R10: =IF(D10<>"READY","",ROUND(P10*Q10*O10,IF(POLICY_APPROVAL!$B$11="Whole MAD",0,2))) | S10: =IF(AND(SETUP!$B$9="READY",T10="READY"),R10,"") | T10: =IF($A10="","",IF(D10<>"READY","BLOCKED - INPUT",IF(E10<>"ELIGIBLE","BLOCKED - ELIGIBILITY",IF(AGENT_INPUT!S10<>"VALIDATED","BLOCKED - DATA",IF(SETUP!$B$9<>"READY","BLOCKED - POLICY","READY"))))) -> BLOCKED - INPUT | U10: =IF($A10="","",IF(COUNTIFS(AGENT_INPUT!$A$5:$A$254,$A10,AGENT_INPUT!$D$5:$D$254,AGENT_INPUT!D10)>1,"DUPLICATE AGENT + PERIOD",IF(D10<>"READY","INPUT OR CONFIG REVIEW",IF(T10<>"READY",T10,"")))) -> Missing, invalid, or unconfigured required input
A11: =IF(AGENT_INPUT!A11="","",AGENT_INPUT!A11) -> 204349 | B11: =IF($A11="","",AGENT_INPUT!B11) -> NABACH Lara | C11: =IF($A11="","",AGENT_INPUT!C11) -> Ford GER | D11: =IF($A11="","",IF(AND(COUNT(AGENT_INPUT!E11:J11)=6,COUNT(AGENT_INPUT!K11)=1,COUNTIF(BONUS_RULES!$A$5:$A$46,AGENT_INPUT!C11)>0,OR(AGENT_INPUT!O11>0,AND(AGENT_INPUT!M11>0,AGENT_INPUT!N11>0)),AGENT_INPUT!P11>=0,AGENT_INPUT!Q11>0,AGENT_INPUT!P11<=AGENT_INPUT!Q11,AGENT_INPUT!H11>=0,AGENT_INPUT!H11<=1,AGENT_INPUT!I11>=0,AGENT_INPUT!I11<=1,AGENT_INPUT!J11>=0,AGENT_INPUT!J11<=1),"READY","BLOCKED")) -> BLOCKED | E11: =IF($A11="","",IF(AGENT_INPUT!R11<>"Active","REVIEW",IF(OR(POLICY_APPROVAL!$B$9="Eligibility only",POLICY_APPROVAL!$B$9="Both"),IF(AGENT_INPUT!J11<=SUMIFS(BONUS_RULES!$E$5:$E$46,BONUS_RULES!$A$5:$A$46,$C11,BONUS_RULES!$B$5:$B$46,"Abs%"),"ELIGIBLE","INELIGIBLE ABS"),"ELIGIBLE"))) | F11: =IF(OR($A11="",$D11<>"READY"),"",IF(AGENT_INPUT!E11<=SUMIFS(BONUS_RULES!$E$5:$E$46,BONUS_RULES!$A$5:$A$46,$C11,BONUS_RULES!$B$5:$B$46,"AHT"),SUMIFS(BONUS_RULES!$D$5:$D$46,BONUS_RULES!$A$5:$A$46,$C11,BONUS_RULES!$B$5:$B$46,"AHT"),IF(AGENT_INPUT!E11<=SUMIFS(BONUS_RULES!$G$5:$G$46,BONUS_RULES!$A$5:$A$46,$C11,BONUS_RULES!$B$5:$B$46,"AHT"),SUMIFS(BONUS_RULES!$F$5:$F$46,BONUS_RULES!$A$5:$A$46,$C11,BONUS_RULES!$B$5:$B$46,"AHT"),0))) | G11: =IF(OR($A11="",$D11<>"READY"),"",IF(AGENT_INPUT!F11>=SUMIFS(BONUS_RULES!$E$5:$E$46,BONUS_RULES!$A$5:$A$46,$C11,BONUS_RULES!$B$5:$B$46,"Productivity"),SUMIFS(BONUS_RULES!$D$5:$D$46,BONUS_RULES!$A$5:$A$46,$C11,BONUS_RULES!$B$5:$B$46,"Productivity"),IF(AGENT_INPUT!F11>=SUMIFS(BONUS_RULES!$G$5:$G$46,BONUS_RULES!$A$5:$A$46,$C11,BONUS_RULES!$B$5:$B$46,"Productivity"),SUMIFS(BONUS_RULES!$F$5:$F$46,BONUS_RULES!$A$5:$A$46,$C11,BONUS_RULES!$B$5:$B$46,"Productivity"),0))) | H11: =IF(OR($A11="",$D11<>"READY"),"",IF(AGENT_INPUT!G11>=SUMIFS(BONUS_RULES!$E$5:$E$46,BONUS_RULES!$A$5:$A$46,$C11,BONUS_RULES!$B$5:$B$46,"PCS Score"),SUMIFS(BONUS_RULES!$D$5:$D$46,BONUS_RULES!$A$5:$A$46,$C11,BONUS_RULES!$B$5:$B$46,"PCS Score"),IF(AGENT_INPUT!G11>=SUMIFS(BONUS_RULES!$G$5:$G$46,BONUS_RULES!$A$5:$A$46,$C11,BONUS_RULES!$B$5:$B$46,"PCS Score"),SUMIFS(BONUS_RULES!$F$5:$F$46,BONUS_RULES!$A$5:$A$46,$C11,BONUS_RULES!$B$5:$B$46,"PCS Score"),0))) | I11: =IF(OR($A11="",$D11<>"READY"),"",IF(AGENT_INPUT!H11>=SUMIFS(BONUS_RULES!$E$5:$E$46,BONUS_RULES!$A$5:$A$46,$C11,BONUS_RULES!$B$5:$B$46,"PCS % (Participation)"),SUMIFS(BONUS_RULES!$D$5:$D$46,BONUS_RULES!$A$5:$A$46,$C11,BONUS_RULES!$B$5:$B$46,"PCS % (Participation)"),IF(AGENT_INPUT!H11>=SUMIFS(BONUS_RULES!$G$5:$G$46,BONUS_RULES!$A$5:$A$46,$C11,BONUS_RULES!$B$5:$B$46,"PCS % (Participation)"),SUMIFS(BONUS_RULES!$F$5:$F$46,BONUS_RULES!$A$5:$A$46,$C11,BONUS_RULES!$B$5:$B$46,"PCS % (Participation)"),0))) | J11: =IF(OR($A11="",$D11<>"READY"),"",IF(AGENT_INPUT!I11>=SUMIFS(BONUS_RULES!$E$5:$E$46,BONUS_RULES!$A$5:$A$46,$C11,BONUS_RULES!$B$5:$B$46,"QM"),SUMIFS(BONUS_RULES!$D$5:$D$46,BONUS_RULES!$A$5:$A$46,$C11,BONUS_RULES!$B$5:$B$46,"QM"),IF(AGENT_INPUT!I11>=SUMIFS(BONUS_RULES!$G$5:$G$46,BONUS_RULES!$A$5:$A$46,$C11,BONUS_RULES!$B$5:$B$46,"QM"),SUMIFS(BONUS_RULES!$F$5:$F$46,BONUS_RULES!$A$5:$A$46,$C11,BONUS_RULES!$B$5:$B$46,"QM"),0))) | K11: =IF(POLICY_APPROVAL!$B$9="Eligibility only",0,IF(OR($A11="",$D11<>"READY"),"",IF(AGENT_INPUT!J11<=SUMIFS(BONUS_RULES!$E$5:$E$46,BONUS_RULES!$A$5:$A$46,$C11,BONUS_RULES!$B$5:$B$46,"Abs%"),SUMIFS(BONUS_RULES!$D$5:$D$46,BONUS_RULES!$A$5:$A$46,$C11,BONUS_RULES!$B$5:$B$46,"Abs%"),IF(AGENT_INPUT!J11<=SUMIFS(BONUS_RULES!$G$5:$G$46,BONUS_RULES!$A$5:$A$46,$C11,BONUS_RULES!$B$5:$B$46,"Abs%"),SUMIFS(BONUS_RULES!$F$5:$F$46,BONUS_RULES!$A$5:$A$46,$C11,BONUS_RULES!$B$5:$B$46,"Abs%"),0)))) | L11: =IF(OR($A11="",$D11<>"READY"),"",IF(AGENT_INPUT!G11>=SUMIFS(BONUS_RULES!$E$5:$E$46,BONUS_RULES!$A$5:$A$46,$C11,BONUS_RULES!$B$5:$B$46,"Extra Bonus (PCS Score)"),SUMIFS(BONUS_RULES!$D$5:$D$46,BONUS_RULES!$A$5:$A$46,$C11,BONUS_RULES!$B$5:$B$46,"Extra Bonus (PCS Score)"),IF(AGENT_INPUT!G11>=SUMIFS(BONUS_RULES!$G$5:$G$46,BONUS_RULES!$A$5:$A$46,$C11,BONUS_RULES!$B$5:$B$46,"Extra Bonus (PCS Score)"),SUMIFS(BONUS_RULES!$F$5:$F$46,BONUS_RULES!$A$5:$A$46,$C11,BONUS_RULES!$B$5:$B$46,"Extra Bonus (PCS Score)"),0))) | M11: =IF($A11="","",MIN(IF(POLICY_APPROVAL!$B$6="Replacement",SUM(F11:K11)-H11+MAX(H11,L11),SUM(F11:L11)),POLICY_APPROVAL!$B$10)) -> 0 | N11: =IF($A11="","",IFERROR(INDEX(BONUS_RULES!$J$5:$J$10,MATCH(MIN(MAX(AGENT_INPUT!K11,0),5),BONUS_RULES!$I$5:$I$10,0)),1)) -> 0 | O11: =IF(M11="","",MAX(0,IF(POLICY_APPROVAL!$B$5="Percentage points",M11-N11,M11*(1-N11)))) -> 0 | P11: =IF(D11<>"READY","",IF(AGENT_INPUT!O11>0,AGENT_INPUT!O11,AGENT_INPUT!M11*AGENT_INPUT!N11/IF(POLICY_APPROVAL!$B$7="Annual",12,1))) | Q11: =IF(D11<>"READY","",MIN(1,AGENT_INPUT!P11/AGENT_INPUT!Q11)) | R11: =IF(D11<>"READY","",ROUND(P11*Q11*O11,IF(POLICY_APPROVAL!$B$11="Whole MAD",0,2))) | S11: =IF(AND(SETUP!$B$9="READY",T11="READY"),R11,"") | T11: =IF($A11="","",IF(D11<>"READY","BLOCKED - INPUT",IF(E11<>"ELIGIBLE","BLOCKED - ELIGIBILITY",IF(AGENT_INPUT!S11<>"VALIDATED","BLOCKED - DATA",IF(SETUP!$B$9<>"READY","BLOCKED - POLICY","READY"))))) -> BLOCKED - INPUT | U11: =IF($A11="","",IF(COUNTIFS(AGENT_INPUT!$A$5:$A$254,$A11,AGENT_INPUT!$D$5:$D$254,AGENT_INPUT!D11)>1,"DUPLICATE AGENT + PERIOD",IF(D11<>"READY","INPUT OR CONFIG REVIEW",IF(T11<>"READY",T11,"")))) -> Missing, invalid, or unconfigured required input
A12: =IF(AGENT_INPUT!A12="","",AGENT_INPUT!A12) -> 228205 | B12: =IF($A12="","",AGENT_INPUT!B12) -> Mohamed Amine MERSAK | C12: =IF($A12="","",AGENT_INPUT!C12) -> OEM FR | D12: =IF($A12="","",IF(AND(COUNT(AGENT_INPUT!E12:J12)=6,COUNT(AGENT_INPUT!K12)=1,COUNTIF(BONUS_RULES!$A$5:$A$46,AGENT_INPUT!C12)>0,OR(AGENT_INPUT!O12>0,AND(AGENT_INPUT!M12>0,AGENT_INPUT!N12>0)),AGENT_INPUT!P12>=0,AGENT_INPUT!Q12>0,AGENT_INPUT!P12<=AGENT_INPUT!Q12,AGENT_INPUT!H12>=0,AGENT_INPUT!H12<=1,AGENT_INPUT!I12>=0,AGENT_INPUT!I12<=1,AGENT_INPUT!J12>=0,AGENT_INPUT!J12<=1),"READY","BLOCKED")) -> BLOCKED | E12: =IF($A12="","",IF(AGENT_INPUT!R12<>"Active","REVIEW",IF(OR(POLICY_APPROVAL!$B$9="Eligibility only",POLICY_APPROVAL!$B$9="Both"),IF(AGENT_INPUT!J12<=SUMIFS(BONUS_RULES!$E$5:$E$46,BONUS_RULES!$A$5:$A$46,$C12,BONUS_RULES!$B$5:$B$46,"Abs%"),"ELIGIBLE","INELIGIBLE ABS"),"ELIGIBLE"))) | F12: =IF(OR($A12="",$D12<>"READY"),"",IF(AGENT_INPUT!E12<=SUMIFS(BONUS_RULES!$E$5:$E$46,BONUS_RULES!$A$5:$A$46,$C12,BONUS_RULES!$B$5:$B$46,"AHT"),SUMIFS(BONUS_RULES!$D$5:$D$46,BONUS_RULES!$A$5:$A$46,$C12,BONUS_RULES!$B$5:$B$46,"AHT"),IF(AGENT_INPUT!E12<=SUMIFS(BONUS_RULES!$G$5:$G$46,BONUS_RULES!$A$5:$A$46,$C12,BONUS_RULES!$B$5:$B$46,"AHT"),SUMIFS(BONUS_RULES!$F$5:$F$46,BONUS_RULES!$A$5:$A$46,$C12,BONUS_RULES!$B$5:$B$46,"AHT"),0))) | G12: =IF(OR($A12="",$D12<>"READY"),"",IF(AGENT_INPUT!F12>=SUMIFS(BONUS_RULES!$E$5:$E$46,BONUS_RULES!$A$5:$A$46,$C12,BONUS_RULES!$B$5:$B$46,"Productivity"),SUMIFS(BONUS_RULES!$D$5:$D$46,BONUS_RULES!$A$5:$A$46,$C12,BONUS_RULES!$B$5:$B$46,"Productivity"),IF(AGENT_INPUT!F12>=SUMIFS(BONUS_RULES!$G$5:$G$46,BONUS_RULES!$A$5:$A$46,$C12,BONUS_RULES!$B$5:$B$46,"Productivity"),SUMIFS(BONUS_RULES!$F$5:$F$46,BONUS_RULES!$A$5:$A$46,$C12,BONUS_RULES!$B$5:$B$46,"Productivity"),0))) | H12: =IF(OR($A12="",$D12<>"READY"),"",IF(AGENT_INPUT!G12>=SUMIFS(BONUS_RULES!$E$5:$E$46,BONUS_RULES!$A$5:$A$46,$C12,BONUS_RULES!$B$5:$B$46,"PCS Score"),SUMIFS(BONUS_RULES!$D$5:$D$46,BONUS_RULES!$A$5:$A$46,$C12,BONUS_RULES!$B$5:$B$46,"PCS Score"),IF(AGENT_INPUT!G12>=SUMIFS(BONUS_RULES!$G$5:$G$46,BONUS_RULES!$A$5:$A$46,$C12,BONUS_RULES!$B$5:$B$46,"PCS Score"),SUMIFS(BONUS_RULES!$F$5:$F$46,BONUS_RULES!$A$5:$A$46,$C12,BONUS_RULES!$B$5:$B$46,"PCS Score"),0))) | I12: =IF(OR($A12="",$D12<>"READY"),"",IF(AGENT_INPUT!H12>=SUMIFS(BONUS_RULES!$E$5:$E$46,BONUS_RULES!$A$5:$A$46,$C12,BONUS_RULES!$B$5:$B$46,"PCS % (Participation)"),SUMIFS(BONUS_RULES!$D$5:$D$46,BONUS_RULES!$A$5:$A$46,$C12,BONUS_RULES!$B$5:$B$46,"PCS % (Participation)"),IF(AGENT_INPUT!H12>=SUMIFS(BONUS_RULES!$G$5:$G$46,BONUS_RULES!$A$5:$A$46,$C12,BONUS_RULES!$B$5:$B$46,"PCS % (Participation)"),SUMIFS(BONUS_RULES!$F$5:$F$46,BONUS_RULES!$A$5:$A$46,$C12,BONUS_RULES!$B$5:$B$46,"PCS % (Participation)"),0))) | J12: =IF(OR($A12="",$D12<>"READY"),"",IF(AGENT_INPUT!I12>=SUMIFS(BONUS_RULES!$E$5:$E$46,BONUS_RULES!$A$5:$A$46,$C12,BONUS_RULES!$B$5:$B$46,"QM"),SUMIFS(BONUS_RULES!$D$5:$D$46,BONUS_RULES!$A$5:$A$46,$C12,BONUS_RULES!$B$5:$B$46,"QM"),IF(AGENT_INPUT!I12>=SUMIFS(BONUS_RULES!$G$5:$G$46,BONUS_RULES!$A$5:$A$46,$C12,BONUS_RULES!$B$5:$B$46,"QM"),SUMIFS(BONUS_RULES!$F$5:$F$46,BONUS_RULES!$A$5:$A$46,$C12,BONUS_RULES!$B$5:$B$46,"QM"),0))) | K12: =IF(POLICY_APPROVAL!$B$9="Eligibility only",0,IF(OR($A12="",$D12<>"READY"),"",IF(AGENT_INPUT!J12<=SUMIFS(BONUS_RULES!$E$5:$E$46,BONUS_RULES!$A$5:$A$46,$C12,BONUS_RULES!$B$5:$B$46,"Abs%"),SUMIFS(BONUS_RULES!$D$5:$D$46,BONUS_RULES!$A$5:$A$46,$C12,BONUS_RULES!$B$5:$B$46,"Abs%"),IF(AGENT_INPUT!J12<=SUMIFS(BONUS_RULES!$G$5:$G$46,BONUS_RULES!$A$5:$A$46,$C12,BONUS_RULES!$B$5:$B$46,"Abs%"),SUMIFS(BONUS_RULES!$F$5:$F$46,BONUS_RULES!$A$5:$A$46,$C12,BONUS_RULES!$B$5:$B$46,"Abs%"),0)))) | L12: =IF(OR($A12="",$D12<>"READY"),"",IF(AGENT_INPUT!G12>=SUMIFS(BONUS_RULES!$E$5:$E$46,BONUS_RULES!$A$5:$A$46,$C12,BONUS_RULES!$B$5:$B$46,"Extra Bonus (PCS Score)"),SUMIFS(BONUS_RULES!$D$5:$D$46,BONUS_RULES!$A$5:$A$46,$C12,BONUS_RULES!$B$5:$B$46,"Extra Bonus (PCS Score)"),IF(AGENT_INPUT!G12>=SUMIFS(BONUS_RULES!$G$5:$G$46,BONUS_RULES!$A$5:$A$46,$C12,BONUS_RULES!$B$5:$B$46,"Extra Bonus (PCS Score)"),SUMIFS(BONUS_RULES!$F$5:$F$46,BONUS_RULES!$A$5:$A$46,$C12,BONUS_RULES!$B$5:$B$46,"Extra Bonus (PCS Score)"),0))) | M12: =IF($A12="","",MIN(IF(POLICY_APPROVAL!$B$6="Replacement",SUM(F12:K12)-H12+MAX(H12,L12),SUM(F12:L12)),POLICY_APPROVAL!$B$10)) -> 0 | N12: =IF($A12="","",IFERROR(INDEX(BONUS_RULES!$J$5:$J$10,MATCH(MIN(MAX(AGENT_INPUT!K12,0),5),BONUS_RULES!$I$5:$I$10,0)),1)) -> 0 | O12: =IF(M12="","",MAX(0,IF(POLICY_APPROVAL!$B$5="Percentage points",M12-N12,M12*(1-N12)))) -> 0 | P12: =IF(D12<>"READY","",IF(AGENT_INPUT!O12>0,AGENT_INPUT!O12,AGENT_INPUT!M12*AGENT_INPUT!N12/IF(POLICY_APPROVAL!$B$7="Annual",12,1))) | Q12: =IF(D12<>"READY","",MIN(1,AGENT_INPUT!P12/AGENT_INPUT!Q12)) | R12: =IF(D12<>"READY","",ROUND(P12*Q12*O12,IF(POLICY_APPROVAL!$B$11="Whole MAD",0,2))) | S12: =IF(AND(SETUP!$B$9="READY",T12="READY"),R12,"") | T12: =IF($A12="","",IF(D12<>"READY","BLOCKED - INPUT",IF(E12<>"ELIGIBLE","BLOCKED - ELIGIBILITY",IF(AGENT_INPUT!S12<>"VALIDATED","BLOCKED - DATA",IF(SETUP!$B$9<>"READY","BLOCKED - POLICY","READY"))))) -> BLOCKED - INPUT | U12: =IF($A12="","",IF(COUNTIFS(AGENT_INPUT!$A$5:$A$254,$A12,AGENT_INPUT!$D$5:$D$254,AGENT_INPUT!D12)>1,"DUPLICATE AGENT + PERIOD",IF(D12<>"READY","INPUT OR CONFIG REVIEW",IF(T12<>"READY",T12,"")))) -> Missing, invalid, or unconfigured required input
A13: =IF(AGENT_INPUT!A13="","",AGENT_INPUT!A13) -> 204018 | B13: =IF($A13="","",AGENT_INPUT!B13) -> Mejhed Asmaa | C13: =IF($A13="","",AGENT_INPUT!C13) -> Ford Dutch | D13: =IF($A13="","",IF(AND(COUNT(AGENT_INPUT!E13:J13)=6,COUNT(AGENT_INPUT!K13)=1,COUNTIF(BONUS_RULES!$A$5:$A$46,AGENT_INPUT!C13)>0,OR(AGENT_INPUT!O13>0,AND(AGENT_INPUT!M13>0,AGENT_INPUT!N13>0)),AGENT_INPUT!P13>=0,AGENT_INPUT!Q13>0,AGENT_INPUT!P13<=AGENT_INPUT!Q13,AGENT_INPUT!H13>=0,AGENT_INPUT!H13<=1,AGENT_INPUT!I13>=0,AGENT_INPUT!I13<=1,AGENT_INPUT!J13>=0,AGENT_INPUT!J13<=1),"READY","BLOCKED")) -> BLOCKED | E13: =IF($A13="","",IF(AGENT_INPUT!R13<>"Active","REVIEW",IF(OR(POLICY_APPROVAL!$B$9="Eligibility only",POLICY_APPROVAL!$B$9="Both"),IF(AGENT_INPUT!J13<=SUMIFS(BONUS_RULES!$E$5:$E$46,BONUS_RULES!$A$5:$A$46,$C13,BONUS_RULES!$B$5:$B$46,"Abs%"),"ELIGIBLE","INELIGIBLE ABS"),"ELIGIBLE"))) | F13: =IF(OR($A13="",$D13<>"READY"),"",IF(AGENT_INPUT!E13<=SUMIFS(BONUS_RULES!$E$5:$E$46,BONUS_RULES!$A$5:$A$46,$C13,BONUS_RULES!$B$5:$B$46,"AHT"),SUMIFS(BONUS_RULES!$D$5:$D$46,BONUS_RULES!$A$5:$A$46,$C13,BONUS_RULES!$B$5:$B$46,"AHT"),IF(AGENT_INPUT!E13<=SUMIFS(BONUS_RULES!$G$5:$G$46,BONUS_RULES!$A$5:$A$46,$C13,BONUS_RULES!$B$5:$B$46,"AHT"),SUMIFS(BONUS_RULES!$F$5:$F$46,BONUS_RULES!$A$5:$A$46,$C13,BONUS_RULES!$B$5:$B$46,"AHT"),0))) | G13: =IF(OR($A13="",$D13<>"READY"),"",IF(AGENT_INPUT!F13>=SUMIFS(BONUS_RULES!$E$5:$E$46,BONUS_RULES!$A$5:$A$46,$C13,BONUS_RULES!$B$5:$B$46,"Productivity"),SUMIFS(BONUS_RULES!$D$5:$D$46,BONUS_RULES!$A$5:$A$46,$C13,BONUS_RULES!$B$5:$B$46,"Productivity"),IF(AGENT_INPUT!F13>=SUMIFS(BONUS_RULES!$G$5:$G$46,BONUS_RULES!$A$5:$A$46,$C13,BONUS_RULES!$B$5:$B$46,"Productivity"),SUMIFS(BONUS_RULES!$F$5:$F$46,BONUS_RULES!$A$5:$A$46,$C13,BONUS_RULES!$B$5:$B$46,"Productivity"),0))) | H13: =IF(OR($A13="",$D13<>"READY"),"",IF(AGENT_INPUT!G13>=SUMIFS(BONUS_RULES!$E$5:$E$46,BONUS_RULES!$A$5:$A$46,$C13,BONUS_RULES!$B$5:$B$46,"PCS Score"),SUMIFS(BONUS_RULES!$D$5:$D$46,BONUS_RULES!$A$5:$A$46,$C13,BONUS_RULES!$B$5:$B$46,"PCS Score"),IF(AGENT_INPUT!G13>=SUMIFS(BONUS_RULES!$G$5:$G$46,BONUS_RULES!$A$5:$A$46,$C13,BONUS_RULES!$B$5:$B$46,"PCS Score"),SUMIFS(BONUS_RULES!$F$5:$F$46,BONUS_RULES!$A$5:$A$46,$C13,BONUS_RULES!$B$5:$B$46,"PCS Score"),0))) | I13: =IF(OR($A13="",$D13<>"READY"),"",IF(AGENT_INPUT!H13>=SUMIFS(BONUS_RULES!$E$5:$E$46,BONUS_RULES!$A$5:$A$46,$C13,BONUS_RULES!$B$5:$B$46,"PCS % (Participation)"),SUMIFS(BONUS_RULES!$D$5:$D$46,BONUS_RULES!$A$5:$A$46,$C13,BONUS_RULES!$B$5:$B$46,"PCS % (Participation)"),IF(AGENT_INPUT!H13>=SUMIFS(BONUS_RULES!$G$5:$G$46,BONUS_RULES!$A$5:$A$46,$C13,BONUS_RULES!$B$5:$B$46,"PCS % (Participation)"),SUMIFS(BONUS_RULES!$F$5:$F$46,BONUS_RULES!$A$5:$A$46,$C13,BONUS_RULES!$B$5:$B$46,"PCS % (Participation)"),0))) | J13: =IF(OR($A13="",$D13<>"READY"),"",IF(AGENT_INPUT!I13>=SUMIFS(BONUS_RULES!$E$5:$E$46,BONUS_RULES!$A$5:$A$46,$C13,BONUS_RULES!$B$5:$B$46,"QM"),SUMIFS(BONUS_RULES!$D$5:$D$46,BONUS_RULES!$A$5:$A$46,$C13,BONUS_RULES!$B$5:$B$46,"QM"),IF(AGENT_INPUT!I13>=SUMIFS(BONUS_RULES!$G$5:$G$46,BONUS_RULES!$A$5:$A$46,$C13,BONUS_RULES!$B$5:$B$46,"QM"),SUMIFS(BONUS_RULES!$F$5:$F$46,BONUS_RULES!$A$5:$A$46,$C13,BONUS_RULES!$B$5:$B$46,"QM"),0))) | K13: =IF(POLICY_APPROVAL!$B$9="Eligibility only",0,IF(OR($A13="",$D13<>"READY"),"",IF(AGENT_INPUT!J13<=SUMIFS(BONUS_RULES!$E$5:$E$46,BONUS_RULES!$A$5:$A$46,$C13,BONUS_RULES!$B$5:$B$46,"Abs%"),SUMIFS(BONUS_RULES!$D$5:$D$46,BONUS_RULES!$A$5:$A$46,$C13,BONUS_RULES!$B$5:$B$46,"Abs%"),IF(AGENT_INPUT!J13<=SUMIFS(BONUS_RULES!$G$5:$G$46,BONUS_RULES!$A$5:$A$46,$C13,BONUS_RULES!$B$5:$B$46,"Abs%"),SUMIFS(BONUS_RULES!$F$5:$F$46,BONUS_RULES!$A$5:$A$46,$C13,BONUS_RULES!$B$5:$B$46,"Abs%"),0)))) | L13: =IF(OR($A13="",$D13<>"READY"),"",IF(AGENT_INPUT!G13>=SUMIFS(BONUS_RULES!$E$5:$E$46,BONUS_RULES!$A$5:$A$46,$C13,BONUS_RULES!$B$5:$B$46,"Extra Bonus (PCS Score)"),SUMIFS(BONUS_RULES!$D$5:$D$46,BONUS_RULES!$A$5:$A$46,$C13,BONUS_RULES!$B$5:$B$46,"Extra Bonus (PCS Score)"),IF(AGENT_INPUT!G13>=SUMIFS(BONUS_RULES!$G$5:$G$46,BONUS_RULES!$A$5:$A$46,$C13,BONUS_RULES!$B$5:$B$46,"Extra Bonus (PCS Score)"),SUMIFS(BONUS_RULES!$F$5:$F$46,BONUS_RULES!$A$5:$A$46,$C13,BONUS_RULES!$B$5:$B$46,"Extra Bonus (PCS Score)"),0))) | M13: =IF($A13="","",MIN(IF(POLICY_APPROVAL!$B$6="Replacement",SUM(F13:K13)-H13+MAX(H13,L13),SUM(F13:L13)),POLICY_APPROVAL!$B$10)) -> 0 | N13: =IF($A13="","",IFERROR(INDEX(BONUS_RULES!$J$5:$J$10,MATCH(MIN(MAX(AGENT_INPUT!K13,0),5),BONUS_RULES!$I$5:$I$10,0)),1)) -> 0 | O13: =IF(M13="","",MAX(0,IF(POLICY_APPROVAL!$B$5="Percentage points",M13-N13,M13*(1-N13)))) -> 0 | P13: =IF(D13<>"READY","",IF(AGENT_INPUT!O13>0,AGENT_INPUT!O13,AGENT_INPUT!M13*AGENT_INPUT!N13/IF(POLICY_APPROVAL!$B$7="Annual",12,1))) | Q13: =IF(D13<>"READY","",MIN(1,AGENT_INPUT!P13/AGENT_INPUT!Q13)) | R13: =IF(D13<>"READY","",ROUND(P13*Q13*O13,IF(POLICY_APPROVAL!$B$11="Whole MAD",0,2))) | S13: =IF(AND(SETUP!$B$9="READY",T13="READY"),R13,"") | T13: =IF($A13="","",IF(D13<>"READY","BLOCKED - INPUT",IF(E13<>"ELIGIBLE","BLOCKED - ELIGIBILITY",IF(AGENT_INPUT!S13<>"VALIDATED","BLOCKED - DATA",IF(SETUP!$B$9<>"READY","BLOCKED - POLICY","READY"))))) -> BLOCKED - INPUT | U13: =IF($A13="","",IF(COUNTIFS(AGENT_INPUT!$A$5:$A$254,$A13,AGENT_INPUT!$D$5:$D$254,AGENT_INPUT!D13)>1,"DUPLICATE AGENT + PERIOD",IF(D13<>"READY","INPUT OR CONFIG REVIEW",IF(T13<>"READY",T13,"")))) -> Missing, invalid, or unconfigured required input
A14: =IF(AGENT_INPUT!A14="","",AGENT_INPUT!A14) -> 250749 | B14: =IF($A14="","",AGENT_INPUT!B14) -> Achraf ENNAJAH | C14: =IF($A14="","",AGENT_INPUT!C14) -> OEM FR | D14: =IF($A14="","",IF(AND(COUNT(AGENT_INPUT!E14:J14)=6,COUNT(AGENT_INPUT!K14)=1,COUNTIF(BONUS_RULES!$A$5:$A$46,AGENT_INPUT!C14)>0,OR(AGENT_INPUT!O14>0,AND(AGENT_INPUT!M14>0,AGENT_INPUT!N14>0)),AGENT_INPUT!P14>=0,AGENT_INPUT!Q14>0,AGENT_INPUT!P14<=AGENT_INPUT!Q14,AGENT_INPUT!H14>=0,AGENT_INPUT!H14<=1,AGENT_INPUT!I14>=0,AGENT_INPUT!I14<=1,AGENT_INPUT!J14>=0,AGENT_INPUT!J14<=1),"READY","BLOCKED")) -> BLOCKED | E14: =IF($A14="","",IF(AGENT_INPUT!R14<>"Active","REVIEW",IF(OR(POLICY_APPROVAL!$B$9="Eligibility only",POLICY_APPROVAL!$B$9="Both"),IF(AGENT_INPUT!J14<=SUMIFS(BONUS_RULES!$E$5:$E$46,BONUS_RULES!$A$5:$A$46,$C14,BONUS_RULES!$B$5:$B$46,"Abs%"),"ELIGIBLE","INELIGIBLE ABS"),"ELIGIBLE"))) | F14: =IF(OR($A14="",$D14<>"READY"),"",IF(AGENT_INPUT!E14<=SUMIFS(BONUS_RULES!$E$5:$E$46,BONUS_RULES!$A$5:$A$46,$C14,BONUS_RULES!$B$5:$B$46,"AHT"),SUMIFS(BONUS_RULES!$D$5:$D$46,BONUS_RULES!$A$5:$A$46,$C14,BONUS_RULES!$B$5:$B$46,"AHT"),IF(AGENT_INPUT!E14<=SUMIFS(BONUS_RULES!$G$5:$G$46,BONUS_RULES!$A$5:$A$46,$C14,BONUS_RULES!$B$5:$B$46,"AHT"),SUMIFS(BONUS_RULES!$F$5:$F$46,BONUS_RULES!$A$5:$A$46,$C14,BONUS_RULES!$B$5:$B$46,"AHT"),0))) | G14: =IF(OR($A14="",$D14<>"READY"),"",IF(AGENT_INPUT!F14>=SUMIFS(BONUS_RULES!$E$5:$E$46,BONUS_RULES!$A$5:$A$46,$C14,BONUS_RULES!$B$5:$B$46,"Productivity"),SUMIFS(BONUS_RULES!$D$5:$D$46,BONUS_RULES!$A$5:$A$46,$C14,BONUS_RULES!$B$5:$B$46,"Productivity"),IF(AGENT_INPUT!F14>=SUMIFS(BONUS_RULES!$G$5:$G$46,BONUS_RULES!$A$5:$A$46,$C14,BONUS_RULES!$B$5:$B$46,"Productivity"),SUMIFS(BONUS_RULES!$F$5:$F$46,BONUS_RULES!$A$5:$A$46,$C14,BONUS_RULES!$B$5:$B$46,"Productivity"),0))) | H14: =IF(OR($A14="",$D14<>"READY"),"",IF(AGENT_INPUT!G14>=SUMIFS(BONUS_RULES!$E$5:$E$46,BONUS_RULES!$A$5:$A$46,$C14,BONUS_RULES!$B$5:$B$46,"PCS Score"),SUMIFS(BONUS_RULES!$D$5:$D$46,BONUS_RULES!$A$5:$A$46,$C14,BONUS_RULES!$B$5:$B$46,"PCS Score"),IF(AGENT_INPUT!G14>=SUMIFS(BONUS_RULES!$G$5:$G$46,BONUS_RULES!$A$5:$A$46,$C14,BONUS_RULES!$B$5:$B$46,"PCS Score"),SUMIFS(BONUS_RULES!$F$5:$F$46,BONUS_RULES!$A$5:$A$46,$C14,BONUS_RULES!$B$5:$B$46,"PCS Score"),0))) | I14: =IF(OR($A14="",$D14<>"READY"),"",IF(AGENT_INPUT!H14>=SUMIFS(BONUS_RULES!$E$5:$E$46,BONUS_RULES!$A$5:$A$46,$C14,BONUS_RULES!$B$5:$B$46,"PCS % (Participation)"),SUMIFS(BONUS_RULES!$D$5:$D$46,BONUS_RULES!$A$5:$A$46,$C14,BONUS_RULES!$B$5:$B$46,"PCS % (Participation)"),IF(AGENT_INPUT!H14>=SUMIFS(BONUS_RULES!$G$5:$G$46,BONUS_RULES!$A$5:$A$46,$C14,BONUS_RULES!$B$5:$B$46,"PCS % (Participation)"),SUMIFS(BONUS_RULES!$F$5:$F$46,BONUS_RULES!$A$5:$A$46,$C14,BONUS_RULES!$B$5:$B$46,"PCS % (Participation)"),0))) | J14: =IF(OR($A14="",$D14<>"READY"),"",IF(AGENT_INPUT!I14>=SUMIFS(BONUS_RULES!$E$5:$E$46,BONUS_RULES!$A$5:$A$46,$C14,BONUS_RULES!$B$5:$B$46,"QM"),SUMIFS(BONUS_RULES!$D$5:$D$46,BONUS_RULES!$A$5:$A$46,$C14,BONUS_RULES!$B$5:$B$46,"QM"),IF(AGENT_INPUT!I14>=SUMIFS(BONUS_RULES!$G$5:$G$46,BONUS_RULES!$A$5:$A$46,$C14,BONUS_RULES!$B$5:$B$46,"QM"),SUMIFS(BONUS_RULES!$F$5:$F$46,BONUS_RULES!$A$5:$A$46,$C14,BONUS_RULES!$B$5:$B$46,"QM"),0))) | K14: =IF(POLICY_APPROVAL!$B$9="Eligibility only",0,IF(OR($A14="",$D14<>"READY"),"",IF(AGENT_INPUT!J14<=SUMIFS(BONUS_RULES!$E$5:$E$46,BONUS_RULES!$A$5:$A$46,$C14,BONUS_RULES!$B$5:$B$46,"Abs%"),SUMIFS(BONUS_RULES!$D$5:$D$46,BONUS_RULES!$A$5:$A$46,$C14,BONUS_RULES!$B$5:$B$46,"Abs%"),IF(AGENT_INPUT!J14<=SUMIFS(BONUS_RULES!$G$5:$G$46,BONUS_RULES!$A$5:$A$46,$C14,BONUS_RULES!$B$5:$B$46,"Abs%"),SUMIFS(BONUS_RULES!$F$5:$F$46,BONUS_RULES!$A$5:$A$46,$C14,BONUS_RULES!$B$5:$B$46,"Abs%"),0)))) | L14: =IF(OR($A14="",$D14<>"READY"),"",IF(AGENT_INPUT!G14>=SUMIFS(BONUS_RULES!$E$5:$E$46,BONUS_RULES!$A$5:$A$46,$C14,BONUS_RULES!$B$5:$B$46,"Extra Bonus (PCS Score)"),SUMIFS(BONUS_RULES!$D$5:$D$46,BONUS_RULES!$A$5:$A$46,$C14,BONUS_RULES!$B$5:$B$46,"Extra Bonus (PCS Score)"),IF(AGENT_INPUT!G14>=SUMIFS(BONUS_RULES!$G$5:$G$46,BONUS_RULES!$A$5:$A$46,$C14,BONUS_RULES!$B$5:$B$46,"Extra Bonus (PCS Score)"),SUMIFS(BONUS_RULES!$F$5:$F$46,BONUS_RULES!$A$5:$A$46,$C14,BONUS_RULES!$B$5:$B$46,"Extra Bonus (PCS Score)"),0))) | M14: =IF($A14="","",MIN(IF(POLICY_APPROVAL!$B$6="Replacement",SUM(F14:K14)-H14+MAX(H14,L14),SUM(F14:L14)),POLICY_APPROVAL!$B$10)) -> 0 | N14: =IF($A14="","",IFERROR(INDEX(BONUS_RULES!$J$5:$J$10,MATCH(MIN(MAX(AGENT_INPUT!K14,0),5),BONUS_RULES!$I$5:$I$10,0)),1)) -> 0 | O14: =IF(M14="","",MAX(0,IF(POLICY_APPROVAL!$B$5="Percentage points",M14-N14,M14*(1-N14)))) -> 0 | P14: =IF(D14<>"READY","",IF(AGENT_INPUT!O14>0,AGENT_INPUT!O14,AGENT_INPUT!M14*AGENT_INPUT!N14/IF(POLICY_APPROVAL!$B$7="Annual",12,1))) | Q14: =IF(D14<>"READY","",MIN(1,AGENT_INPUT!P14/AGENT_INPUT!Q14)) | R14: =IF(D14<>"READY","",ROUND(P14*Q14*O14,IF(POLICY_APPROVAL!$B$11="Whole MAD",0,2))) | S14: =IF(AND(SETUP!$B$9="READY",T14="READY"),R14,"") | T14: =IF($A14="","",IF(D14<>"READY","BLOCKED - INPUT",IF(E14<>"ELIGIBLE","BLOCKED - ELIGIBILITY",IF(AGENT_INPUT!S14<>"VALIDATED","BLOCKED - DATA",IF(SETUP!$B$9<>"READY","BLOCKED - POLICY","READY"))))) -> BLOCKED - INPUT | U14: =IF($A14="","",IF(COUNTIFS(AGENT_INPUT!$A$5:$A$254,$A14,AGENT_INPUT!$D$5:$D$254,AGENT_INPUT!D14)>1,"DUPLICATE AGENT + PERIOD",IF(D14<>"READY","INPUT OR CONFIG REVIEW",IF(T14<>"READY",T14,"")))) -> Missing, invalid, or unconfigured required input
A15: =IF(AGENT_INPUT!A15="","",AGENT_INPUT!A15) -> 250750 | B15: =IF($A15="","",AGENT_INPUT!B15) -> Ayoub EL ADRAOUI | C15: =IF($A15="","",AGENT_INPUT!C15) -> OEM FR | D15: =IF($A15="","",IF(AND(COUNT(AGENT_INPUT!E15:J15)=6,COUNT(AGENT_INPUT!K15)=1,COUNTIF(BONUS_RULES!$A$5:$A$46,AGENT_INPUT!C15)>0,OR(AGENT_INPUT!O15>0,AND(AGENT_INPUT!M15>0,AGENT_INPUT!N15>0)),AGENT_INPUT!P15>=0,AGENT_INPUT!Q15>0,AGENT_INPUT!P15<=AGENT_INPUT!Q15,AGENT_INPUT!H15>=0,AGENT_INPUT!H15<=1,AGENT_INPUT!I15>=0,AGENT_INPUT!I15<=1,AGENT_INPUT!J15>=0,AGENT_INPUT!J15<=1),"READY","BLOCKED")) -> BLOCKED | E15: =IF($A15="","",IF(AGENT_INPUT!R15<>"Active","REVIEW",IF(OR(POLICY_APPROVAL!$B$9="Eligibility only",POLICY_APPROVAL!$B$9="Both"),IF(AGENT_INPUT!J15<=SUMIFS(BONUS_RULES!$E$5:$E$46,BONUS_RULES!$A$5:$A$46,$C15,BONUS_RULES!$B$5:$B$46,"Abs%"),"ELIGIBLE","INELIGIBLE ABS"),"ELIGIBLE"))) | F15: =IF(OR($A15="",$D15<>"READY"),"",IF(AGENT_INPUT!E15<=SUMIFS(BONUS_RULES!$E$5:$E$46,BONUS_RULES!$A$5:$A$46,$C15,BONUS_RULES!$B$5:$B$46,"AHT"),SUMIFS(BONUS_RULES!$D$5:$D$46,BONUS_RULES!$A$5:$A$46,$C15,BONUS_RULES!$B$5:$B$46,"AHT"),IF(AGENT_INPUT!E15<=SUMIFS(BONUS_RULES!$G$5:$G$46,BONUS_RULES!$A$5:$A$46,$C15,BONUS_RULES!$B$5:$B$46,"AHT"),SUMIFS(BONUS_RULES!$F$5:$F$46,BONUS_RULES!$A$5:$A$46,$C15,BONUS_RULES!$B$5:$B$46,"AHT"),0))) | G15: =IF(OR($A15="",$D15<>"READY"),"",IF(AGENT_INPUT!F15>=SUMIFS(BONUS_RULES!$E$5:$E$46,BONUS_RULES!$A$5:$A$46,$C15,BONUS_RULES!$B$5:$B$46,"Productivity"),SUMIFS(BONUS_RULES!$D$5:$D$46,BONUS_RULES!$A$5:$A$46,$C15,BONUS_RULES!$B$5:$B$46,"Productivity"),IF(AGENT_INPUT!F15>=SUMIFS(BONUS_RULES!$G$5:$G$46,BONUS_RULES!$A$5:$A$46,$C15,BONUS_RULES!$B$5:$B$46,"Productivity"),SUMIFS(BONUS_RULES!$F$5:$F$46,BONUS_RULES!$A$5:$A$46,$C15,BONUS_RULES!$B$5:$B$46,"Productivity"),0))) | H15: =IF(OR($A15="",$D15<>"READY"),"",IF(AGENT_INPUT!G15>=SUMIFS(BONUS_RULES!$E$5:$E$46,BONUS_RULES!$A$5:$A$46,$C15,BONUS_RULES!$B$5:$B$46,"PCS Score"),SUMIFS(BONUS_RULES!$D$5:$D$46,BONUS_RULES!$A$5:$A$46,$C15,BONUS_RULES!$B$5:$B$46,"PCS Score"),IF(AGENT_INPUT!G15>=SUMIFS(BONUS_RULES!$G$5:$G$46,BONUS_RULES!$A$5:$A$46,$C15,BONUS_RULES!$B$5:$B$46,"PCS Score"),SUMIFS(BONUS_RULES!$F$5:$F$46,BONUS_RULES!$A$5:$A$46,$C15,BONUS_RULES!$B$5:$B$46,"PCS Score"),0))) | I15: =IF(OR($A15="",$D15<>"READY"),"",IF(AGENT_INPUT!H15>=SUMIFS(BONUS_RULES!$E$5:$E$46,BONUS_RULES!$A$5:$A$46,$C15,BONUS_RULES!$B$5:$B$46,"PCS % (Participation)"),SUMIFS(BONUS_RULES!$D$5:$D$46,BONUS_RULES!$A$5:$A$46,$C15,BONUS_RULES!$B$5:$B$46,"PCS % (Participation)"),IF(AGENT_INPUT!H15>=SUMIFS(BONUS_RULES!$G$5:$G$46,BONUS_RULES!$A$5:$A$46,$C15,BONUS_RULES!$B$5:$B$46,"PCS % (Participation)"),SUMIFS(BONUS_RULES!$F$5:$F$46,BONUS_RULES!$A$5:$A$46,$C15,BONUS_RULES!$B$5:$B$46,"PCS % (Participation)"),0))) | J15: =IF(OR($A15="",$D15<>"READY"),"",IF(AGENT_INPUT!I15>=SUMIFS(BONUS_RULES!$E$5:$E$46,BONUS_RULES!$A$5:$A$46,$C15,BONUS_RULES!$B$5:$B$46,"QM"),SUMIFS(BONUS_RULES!$D$5:$D$46,BONUS_RULES!$A$5:$A$46,$C15,BONUS_RULES!$B$5:$B$46,"QM"),IF(AGENT_INPUT!I15>=SUMIFS(BONUS_RULES!$G$5:$G$46,BONUS_RULES!$A$5:$A$46,$C15,BONUS_RULES!$B$5:$B$46,"QM"),SUMIFS(BONUS_RULES!$F$5:$F$46,BONUS_RULES!$A$5:$A$46,$C15,BONUS_RULES!$B$5:$B$46,"QM"),0))) | K15: =IF(POLICY_APPROVAL!$B$9="Eligibility only",0,IF(OR($A15="",$D15<>"READY"),"",IF(AGENT_INPUT!J15<=SUMIFS(BONUS_RULES!$E$5:$E$46,BONUS_RULES!$A$5:$A$46,$C15,BONUS_RULES!$B$5:$B$46,"Abs%"),SUMIFS(BONUS_RULES!$D$5:$D$46,BONUS_RULES!$A$5:$A$46,$C15,BONUS_RULES!$B$5:$B$46,"Abs%"),IF(AGENT_INPUT!J15<=SUMIFS(BONUS_RULES!$G$5:$G$46,BONUS_RULES!$A$5:$A$46,$C15,BONUS_RULES!$B$5:$B$46,"Abs%"),SUMIFS(BONUS_RULES!$F$5:$F$46,BONUS_RULES!$A$5:$A$46,$C15,BONUS_RULES!$B$5:$B$46,"Abs%"),0)))) | L15: =IF(OR($A15="",$D15<>"READY"),"",IF(AGENT_INPUT!G15>=SUMIFS(BONUS_RULES!$E$5:$E$46,BONUS_RULES!$A$5:$A$46,$C15,BONUS_RULES!$B$5:$B$46,"Extra Bonus (PCS Score)"),SUMIFS(BONUS_RULES!$D$5:$D$46,BONUS_RULES!$A$5:$A$46,$C15,BONUS_RULES!$B$5:$B$46,"Extra Bonus (PCS Score)"),IF(AGENT_INPUT!G15>=SUMIFS(BONUS_RULES!$G$5:$G$46,BONUS_RULES!$A$5:$A$46,$C15,BONUS_RULES!$B$5:$B$46,"Extra Bonus (PCS Score)"),SUMIFS(BONUS_RULES!$F$5:$F$46,BONUS_RULES!$A$5:$A$46,$C15,BONUS_RULES!$B$5:$B$46,"Extra Bonus (PCS Score)"),0))) | M15: =IF($A15="","",MIN(IF(POLICY_APPROVAL!$B$6="Replacement",SUM(F15:K15)-H15+MAX(H15,L15),SUM(F15:L15)),POLICY_APPROVAL!$B$10)) -> 0 | N15: =IF($A15="","",IFERROR(INDEX(BONUS_RULES!$J$5:$J$10,MATCH(MIN(MAX(AGENT_INPUT!K15,0),5),BONUS_RULES!$I$5:$I$10,0)),1)) -> 0 | O15: =IF(M15="","",MAX(0,IF(POLICY_APPROVAL!$B$5="Percentage points",M15-N15,M15*(1-N15)))) -> 0 | P15: =IF(D15<>"READY","",IF(AGENT_INPUT!O15>0,AGENT_INPUT!O15,AGENT_INPUT!M15*AGENT_INPUT!N15/IF(POLICY_APPROVAL!$B$7="Annual",12,1))) | Q15: =IF(D15<>"READY","",MIN(1,AGENT_INPUT!P15/AGENT_INPUT!Q15)) | R15: =IF(D15<>"READY","",ROUND(P15*Q15*O15,IF(POLICY_APPROVAL!$B$11="Whole MAD",0,2))) | S15: =IF(AND(SETUP!$B$9="READY",T15="READY"),R15,"") | T15: =IF($A15="","",IF(D15<>"READY","BLOCKED - INPUT",IF(E15<>"ELIGIBLE","BLOCKED - ELIGIBILITY",IF(AGENT_INPUT!S15<>"VALIDATED","BLOCKED - DATA",IF(SETUP!$B$9<>"READY","BLOCKED - POLICY","READY"))))) -> BLOCKED - INPUT | U15: =IF($A15="","",IF(COUNTIFS(AGENT_INPUT!$A$5:$A$254,$A15,AGENT_INPUT!$D$5:$D$254,AGENT_INPUT!D15)>1,"DUPLICATE AGENT + PERIOD",IF(D15<>"READY","INPUT OR CONFIG REVIEW",IF(T15<>"READY",T15,"")))) -> Missing, invalid, or unconfigured required input
A16: =IF(AGENT_INPUT!A16="","",AGENT_INPUT!A16) -> 266361 | B16: =IF($A16="","",AGENT_INPUT!B16) -> Mohamed Zuljami | C16: =IF($A16="","",AGENT_INPUT!C16) -> RSA VL | D16: =IF($A16="","",IF(AND(COUNT(AGENT_INPUT!E16:J16)=6,COUNT(AGENT_INPUT!K16)=1,COUNTIF(BONUS_RULES!$A$5:$A$46,AGENT_INPUT!C16)>0,OR(AGENT_INPUT!O16>0,AND(AGENT_INPUT!M16>0,AGENT_INPUT!N16>0)),AGENT_INPUT!P16>=0,AGENT_INPUT!Q16>0,AGENT_INPUT!P16<=AGENT_INPUT!Q16,AGENT_INPUT!H16>=0,AGENT_INPUT!H16<=1,AGENT_INPUT!I16>=0,AGENT_INPUT!I16<=1,AGENT_INPUT!J16>=0,AGENT_INPUT!J16<=1),"READY","BLOCKED")) -> BLOCKED | E16: =IF($A16="","",IF(AGENT_INPUT!R16<>"Active","REVIEW",IF(OR(POLICY_APPROVAL!$B$9="Eligibility only",POLICY_APPROVAL!$B$9="Both"),IF(AGENT_INPUT!J16<=SUMIFS(BONUS_RULES!$E$5:$E$46,BONUS_RULES!$A$5:$A$46,$C16,BONUS_RULES!$B$5:$B$46,"Abs%"),"ELIGIBLE","INELIGIBLE ABS"),"ELIGIBLE"))) | F16: =IF(OR($A16="",$D16<>"READY"),"",IF(AGENT_INPUT!E16<=SUMIFS(BONUS_RULES!$E$5:$E$46,BONUS_RULES!$A$5:$A$46,$C16,BONUS_RULES!$B$5:$B$46,"AHT"),SUMIFS(BONUS_RULES!$D$5:$D$46,BONUS_RULES!$A$5:$A$46,$C16,BONUS_RULES!$B$5:$B$46,"AHT"),IF(AGENT_INPUT!E16<=SUMIFS(BONUS_RULES!$G$5:$G$46,BONUS_RULES!$A$5:$A$46,$C16,BONUS_RULES!$B$5:$B$46,"AHT"),SUMIFS(BONUS_RULES!$F$5:$F$46,BONUS_RULES!$A$5:$A$46,$C16,BONUS_RULES!$B$5:$B$46,"AHT"),0))) | G16: =IF(OR($A16="",$D16<>"READY"),"",IF(AGENT_INPUT!F16>=SUMIFS(BONUS_RULES!$E$5:$E$46,BONUS_RULES!$A$5:$A$46,$C16,BONUS_RULES!$B$5:$B$46,"Productivity"),SUMIFS(BONUS_RULES!$D$5:$D$46,BONUS_RULES!$A$5:$A$46,$C16,BONUS_RULES!$B$5:$B$46,"Productivity"),IF(AGENT_INPUT!F16>=SUMIFS(BONUS_RULES!$G$5:$G$46,BONUS_RULES!$A$5:$A$46,$C16,BONUS_RULES!$B$5:$B$46,"Productivity"),SUMIFS(BONUS_RULES!$F$5:$F$46,BONUS_RULES!$A$5:$A$46,$C16,BONUS_RULES!$B$5:$B$46,"Productivity"),0))) | H16: =IF(OR($A16="",$D16<>"READY"),"",IF(AGENT_INPUT!G16>=SUMIFS(BONUS_RULES!$E$5:$E$46,BONUS_RULES!$A$5:$A$46,$C16,BONUS_RULES!$B$5:$B$46,"PCS Score"),SUMIFS(BONUS_RULES!$D$5:$D$46,BONUS_RULES!$A$5:$A$46,$C16,BONUS_RULES!$B$5:$B$46,"PCS Score"),IF(AGENT_INPUT!G16>=SUMIFS(BONUS_RULES!$G$5:$G$46,BONUS_RULES!$A$5:$A$46,$C16,BONUS_RULES!$B$5:$B$46,"PCS Score"),SUMIFS(BONUS_RULES!$F$5:$F$46,BONUS_RULES!$A$5:$A$46,$C16,BONUS_RULES!$B$5:$B$46,"PCS Score"),0))) | I16: =IF(OR($A16="",$D16<>"READY"),"",IF(AGENT_INPUT!H16>=SUMIFS(BONUS_RULES!$E$5:$E$46,BONUS_RULES!$A$5:$A$46,$C16,BONUS_RULES!$B$5:$B$46,"PCS % (Participation)"),SUMIFS(BONUS_RULES!$D$5:$D$46,BONUS_RULES!$A$5:$A$46,$C16,BONUS_RULES!$B$5:$B$46,"PCS % (Participation)"),IF(AGENT_INPUT!H16>=SUMIFS(BONUS_RULES!$G$5:$G$46,BONUS_RULES!$A$5:$A$46,$C16,BONUS_RULES!$B$5:$B$46,"PCS % (Participation)"),SUMIFS(BONUS_RULES!$F$5:$F$46,BONUS_RULES!$A$5:$A$46,$C16,BONUS_RULES!$B$5:$B$46,"PCS % (Participation)"),0))) | J16: =IF(OR($A16="",$D16<>"READY"),"",IF(AGENT_INPUT!I16>=SUMIFS(BONUS_RULES!$E$5:$E$46,BONUS_RULES!$A$5:$A$46,$C16,BONUS_RULES!$B$5:$B$46,"QM"),SUMIFS(BONUS_RULES!$D$5:$D$46,BONUS_RULES!$A$5:$A$46,$C16,BONUS_RULES!$B$5:$B$46,"QM"),IF(AGENT_INPUT!I16>=SUMIFS(BONUS_RULES!$G$5:$G$46,BONUS_RULES!$A$5:$A$46,$C16,BONUS_RULES!$B$5:$B$46,"QM"),SUMIFS(BONUS_RULES!$F$5:$F$46,BONUS_RULES!$A$5:$A$46,$C16,BONUS_RULES!$B$5:$B$46,"QM"),0))) | K16: =IF(POLICY_APPROVAL!$B$9="Eligibility only",0,IF(OR($A16="",$D16<>"READY"),"",IF(AGENT_INPUT!J16<=SUMIFS(BONUS_RULES!$E$5:$E$46,BONUS_RULES!$A$5:$A$46,$C16,BONUS_RULES!$B$5:$B$46,"Abs%"),SUMIFS(BONUS_RULES!$D$5:$D$46,BONUS_RULES!$A$5:$A$46,$C16,BONUS_RULES!$B$5:$B$46,"Abs%"),IF(AGENT_INPUT!J16<=SUMIFS(BONUS_RULES!$G$5:$G$46,BONUS_RULES!$A$5:$A$46,$C16,BONUS_RULES!$B$5:$B$46,"Abs%"),SUMIFS(BONUS_RULES!$F$5:$F$46,BONUS_RULES!$A$5:$A$46,$C16,BONUS_RULES!$B$5:$B$46,"Abs%"),0)))) | L16: =IF(OR($A16="",$D16<>"READY"),"",IF(AGENT_INPUT!G16>=SUMIFS(BONUS_RULES!$E$5:$E$46,BONUS_RULES!$A$5:$A$46,$C16,BONUS_RULES!$B$5:$B$46,"Extra Bonus (PCS Score)"),SUMIFS(BONUS_RULES!$D$5:$D$46,BONUS_RULES!$A$5:$A$46,$C16,BONUS_RULES!$B$5:$B$46,"Extra Bonus (PCS Score)"),IF(AGENT_INPUT!G16>=SUMIFS(BONUS_RULES!$G$5:$G$46,BONUS_RULES!$A$5:$A$46,$C16,BONUS_RULES!$B$5:$B$46,"Extra Bonus (PCS Score)"),SUMIFS(BONUS_RULES!$F$5:$F$46,BONUS_RULES!$A$5:$A$46,$C16,BONUS_RULES!$B$5:$B$46,"Extra Bonus (PCS Score)"),0))) | M16: =IF($A16="","",MIN(IF(POLICY_APPROVAL!$B$6="Replacement",SUM(F16:K16)-H16+MAX(H16,L16),SUM(F16:L16)),POLICY_APPROVAL!$B$10)) -> 0 | N16: =IF($A16="","",IFERROR(INDEX(BONUS_RULES!$J$5:$J$10,MATCH(MIN(MAX(AGENT_INPUT!K16,0),5),BONUS_RULES!$I$5:$I$10,0)),1)) -> 0 | O16: =IF(M16="","",MAX(0,IF(POLICY_APPROVAL!$B$5="Percentage points",M16-N16,M16*(1-N16)))) -> 0 | P16: =IF(D16<>"READY","",IF(AGENT_INPUT!O16>0,AGENT_INPUT!O16,AGENT_INPUT!M16*AGENT_INPUT!N16/IF(POLICY_APPROVAL!$B$7="Annual",12,1))) | Q16: =IF(D16<>"READY","",MIN(1,AGENT_INPUT!P16/AGENT_INPUT!Q16)) | R16: =IF(D16<>"READY","",ROUND(P16*Q16*O16,IF(POLICY_APPROVAL!$B$11="Whole MAD",0,2))) | S16: =IF(AND(SETUP!$B$9="READY",T16="READY"),R16,"") | T16: =IF($A16="","",IF(D16<>"READY","BLOCKED - INPUT",IF(E16<>"ELIGIBLE","BLOCKED - ELIGIBILITY",IF(AGENT_INPUT!S16<>"VALIDATED","BLOCKED - DATA",IF(SETUP!$B$9<>"READY","BLOCKED - POLICY","READY"))))) -> BLOCKED - INPUT | U16: =IF($A16="","",IF(COUNTIFS(AGENT_INPUT!$A$5:$A$254,$A16,AGENT_INPUT!$D$5:$D$254,AGENT_INPUT!D16)>1,"DUPLICATE AGENT + PERIOD",IF(D16<>"READY","INPUT OR CONFIG REVIEW",IF(T16<>"READY",T16,"")))) -> Missing, invalid, or unconfigured required input
... A254: =IF(AGENT_INPUT!A254="","",AGENT_INPUT!A254) | B254: =IF($A254="","",AGENT_INPUT!B254) | C254: =IF($A254="","",AGENT_INPUT!C254) | D254: =IF($A254="","",IF(AND(COUNT(AGENT_INPUT!E254:J254)=6,COUNT(AGENT_INPUT!K254)=1,COUNTIF(BONUS_RULES!$A$5:$A$46,AGENT_INPUT!C254)>0,OR(AGENT_INPUT!O254>0,AND(AGENT_INPUT!M254>0,AGENT_INPUT!N254>0)),AGENT_INPUT!P254>=0,AGENT_INPUT!Q254>0,AGENT_INPUT!P254<=AGENT_INPUT!Q254,AGENT_INPUT!H254>=0,AGENT_INPUT!H254<=1,AGENT_INPUT!I254>=0,AGENT_INPUT!I254<=1,AGENT_INPUT!J254>=0,AGENT_INPUT!J254<=1),"READY","BLOCKED")) | E254: =IF($A254="","",IF(AGENT_INPUT!R254<>"Active","REVIEW",IF(OR(POLICY_APPROVAL!$B$9="Eligibility only",POLICY_APPROVAL!$B$9="Both"),IF(AGENT_INPUT!J254<=SUMIFS(BONUS_RULES!$E$5:$E$46,BONUS_RULES!$A$5:$A$46,$C254,BONUS_RULES!$B$5:$B$46,"Abs%"),"ELIGIBLE","INELIGIBLE ABS"),"ELIGIBLE"))) | F254: =IF(OR($A254="",$D254<>"READY"),"",IF(AGENT_INPUT!E254<=SUMIFS(BONUS_RULES!$E$5:$E$46,BONUS_RULES!$A$5:$A$46,$C254,BONUS_RULES!$B$5:$B$46,"AHT"),SUMIFS(BONUS_RULES!$D$5:$D$46,BONUS_RULES!$A$5:$A$46,$C254,BONUS_RULES!$B$5:$B$46,"AHT"),IF(AGENT_INPUT!E254<=SUMIFS(BONUS_RULES!$G$5:$G$46,BONUS_RULES!$A$5:$A$46,$C254,BONUS_RULES!$B$5:$B$46,"AHT"),SUMIFS(BONUS_RULES!$F$5:$F$46,BONUS_RULES!$A$5:$A$46,$C254,BONUS_RULES!$B$5:$B$46,"AHT"),0))) | G254: =IF(OR($A254="",$D254<>"READY"),"",IF(AGENT_INPUT!F254>=SUMIFS(BONUS_RULES!$E$5:$E$46,BONUS_RULES!$A$5:$A$46,$C254,BONUS_RULES!$B$5:$B$46,"Productivity"),SUMIFS(BONUS_RULES!$D$5:$D$46,BONUS_RULES!$A$5:$A$46,$C254,BONUS_RULES!$B$5:$B$46,"Productivity"),IF(AGENT_INPUT!F254>=SUMIFS(BONUS_RULES!$G$5:$G$46,BONUS_RULES!$A$5:$A$46,$C254,BONUS_RULES!$B$5:$B$46,"Productivity"),SUMIFS(BONUS_RULES!$F$5:$F$46,BONUS_RULES!$A$5:$A$46,$C254,BONUS_RULES!$B$5:$B$46,"Productivity"),0))) | H254: =IF(OR($A254="",$D254<>"READY"),"",IF(AGENT_INPUT!G254>=SUMIFS(BONUS_RULES!$E$5:$E$46,BONUS_RULES!$A$5:$A$46,$C254,BONUS_RULES!$B$5:$B$46,"PCS Score"),SUMIFS(BONUS_RULES!$D$5:$D$46,BONUS_RULES!$A$5:$A$46,$C254,BONUS_RULES!$B$5:$B$46,"PCS Score"),IF(AGENT_INPUT!G254>=SUMIFS(BONUS_RULES!$G$5:$G$46,BONUS_RULES!$A$5:$A$46,$C254,BONUS_RULES!$B$5:$B$46,"PCS Score"),SUMIFS(BONUS_RULES!$F$5:$F$46,BONUS_RULES!$A$5:$A$46,$C254,BONUS_RULES!$B$5:$B$46,"PCS Score"),0))) | I254: =IF(OR($A254="",$D254<>"READY"),"",IF(AGENT_INPUT!H254>=SUMIFS(BONUS_RULES!$E$5:$E$46,BONUS_RULES!$A$5:$A$46,$C254,BONUS_RULES!$B$5:$B$46,"PCS % (Participation)"),SUMIFS(BONUS_RULES!$D$5:$D$46,BONUS_RULES!$A$5:$A$46,$C254,BONUS_RULES!$B$5:$B$46,"PCS % (Participation)"),IF(AGENT_INPUT!H254>=SUMIFS(BONUS_RULES!$G$5:$G$46,BONUS_RULES!$A$5:$A$46,$C254,BONUS_RULES!$B$5:$B$46,"PCS % (Participation)"),SUMIFS(BONUS_RULES!$F$5:$F$46,BONUS_RULES!$A$5:$A$46,$C254,BONUS_RULES!$B$5:$B$46,"PCS % (Participation)"),0))) | J254: =IF(OR($A254="",$D254<>"READY"),"",IF(AGENT_INPUT!I254>=SUMIFS(BONUS_RULES!$E$5:$E$46,BONUS_RULES!$A$5:$A$46,$C254,BONUS_RULES!$B$5:$B$46,"QM"),SUMIFS(BONUS_RULES!$D$5:$D$46,BONUS_RULES!$A$5:$A$46,$C254,BONUS_RULES!$B$5:$B$46,"QM"),IF(AGENT_INPUT!I254>=SUMIFS(BONUS_RULES!$G$5:$G$46,BONUS_RULES!$A$5:$A$46,$C254,BONUS_RULES!$B$5:$B$46,"QM"),SUMIFS(BONUS_RULES!$F$5:$F$46,BONUS_RULES!$A$5:$A$46,$C254,BONUS_RULES!$B$5:$B$46,"QM"),0))) | K254: =IF(POLICY_APPROVAL!$B$9="Eligibility only",0,IF(OR($A254="",$D254<>"READY"),"",IF(AGENT_INPUT!J254<=SUMIFS(BONUS_RULES!$E$5:$E$46,BONUS_RULES!$A$5:$A$46,$C254,BONUS_RULES!$B$5:$B$46,"Abs%"),SUMIFS(BONUS_RULES!$D$5:$D$46,BONUS_RULES!$A$5:$A$46,$C254,BONUS_RULES!$B$5:$B$46,"Abs%"),IF(AGENT_INPUT!J254<=SUMIFS(BONUS_RULES!$G$5:$G$46,BONUS_RULES!$A$5:$A$46,$C254,BONUS_RULES!$B$5:$B$46,"Abs%"),SUMIFS(BONUS_RULES!$F$5:$F$46,BONUS_RULES!$A$5:$A$46,$C254,BONUS_RULES!$B$5:$B$46,"Abs%"),0)))) | L254: =IF(OR($A254="",$D254<>"READY"),"",IF(AGENT_INPUT!G254>=SUMIFS(BONUS_RULES!$E$5:$E$46,BONUS_RULES!$A$5:$A$46,$C254,BONUS_RULES!$B$5:$B$46,"Extra Bonus (PCS Score)"),SUMIFS(BONUS_RULES!$D$5:$D$46,BONUS_RULES!$A$5:$A$46,$C254,BONUS_RULES!$B$5:$B$46,"Extra Bonus (PCS Score)"),IF(AGENT_INPUT!G254>=SUMIFS(BONUS_RULES!$G$5:$G$46,BONUS_RULES!$A$5:$A$46,$C254,BONUS_RULES!$B$5:$B$46,"Extra Bonus (PCS Score)"),SUMIFS(BONUS_RULES!$F$5:$F$46,BONUS_RULES!$A$5:$A$46,$C254,BONUS_RULES!$B$5:$B$46,"Extra Bonus (PCS Score)"),0))) | M254: =IF($A254="","",MIN(IF(POLICY_APPROVAL!$B$6="Replacement",SUM(F254:K254)-H254+MAX(H254,L254),SUM(F254:L254)),POLICY_APPROVAL!$B$10)) | N254: =IF($A254="","",IFERROR(INDEX(BONUS_RULES!$J$5:$J$10,MATCH(MIN(MAX(AGENT_INPUT!K254,0),5),BONUS_RULES!$I$5:$I$10,0)),1)) | O254: =IF(M254="","",MAX(0,IF(POLICY_APPROVAL!$B$5="Percentage points",M254-N254,M254*(1-N254)))) | P254: =IF(D254<>"READY","",IF(AGENT_INPUT!O254>0,AGENT_INPUT!O254,AGENT_INPUT!M254*AGENT_INPUT!N254/IF(POLICY_APPROVAL!$B$7="Annual",12,1))) | Q254: =IF(D254<>"READY","",MIN(1,AGENT_INPUT!P254/AGENT_INPUT!Q254)) | R254: =IF(D254<>"READY","",ROUND(P254*Q254*O254,IF(POLICY_APPROVAL!$B$11="Whole MAD",0,2))) | S254: =IF(AND(SETUP!$B$9="READY",T254="READY"),R254,"") | T254: =IF($A254="","",IF(D254<>"READY","BLOCKED - INPUT",IF(E254<>"ELIGIBLE","BLOCKED - ELIGIBILITY",IF(AGENT_INPUT!S254<>"VALIDATED","BLOCKED - DATA",IF(SETUP!$B$9<>"READY","BLOCKED - POLICY","READY"))))) | U254: =IF($A254="","",IF(COUNTIFS(AGENT_INPUT!$A$5:$A$254,$A254,AGENT_INPUT!$D$5:$D$254,AGENT_INPUT!D254)>1,"DUPLICATE AGENT + PERIOD",IF(D254<>"READY","INPUT OR CONFIG REVIEW",IF(T254<>"READY",T254,""))))

Sheet MANAGEMENT
A1: Bonus management proposal
A2: Period 2026-07 | management scenario | generated 2026-08-31 00:19
A4: ILLUSTRATIVE SCENARIO — BLOCKED FOR PAYROLL UNTIL POLICY AND DATA VALIDATION
A6: MODELED AGENTS | C6: AVG ACHIEVEMENT | E6: GROSS PAYOUT | G6: MALUS DEDUCTION | I6: SCENARIO PAYOUT | K6: RELEASED PAYOUT
A7: =COUNTIF(tblBonusCalc[Agent ID],"<>") -> 167 | C7: =IFERROR(AVERAGE(tblBonusCalc[Final Achievement]),0) -> 0.53719008 | E7: =SUMPRODUCT(tblBonusCalc[Reference Bonus],tblBonusCalc[Proration],tblBonusCalc[Gross Achievement]) -> 130000 | G7: =SUMPRODUCT(tblBonusCalc[Reference Bonus],tblBonusCalc[Proration],tblBonusCalc[Gross Achievement])-SUM(tblBonusCalc[Scenario Payout]) -> 0 | I7: =SUM(tblBonusCalc[Scenario Payout]) -> 130000 | K7: =SUM(tblBonusCalc[Released Payout]) -> 0
A11: Population | B11: Agents | C11: Scenario payout | D11: Average achievement
A12: Ford Dutch | B12: =COUNTIF(tblBonusCalc[Population],A12) -> 24 | C12: =SUMIF(tblBonusCalc[Population],A12,tblBonusCalc[Scenario Payout]) -> 20500 | D12: =IFERROR(AVERAGEIF(tblBonusCalc[Population],A12,tblBonusCalc[Final Achievement]),0) -> 0.46590909
A13: Ford GER | B13: =COUNTIF(tblBonusCalc[Population],A13) -> 7 | C13: =SUMIF(tblBonusCalc[Population],A13,tblBonusCalc[Scenario Payout]) -> 0 | D13: =IFERROR(AVERAGEIF(tblBonusCalc[Population],A13,tblBonusCalc[Final Achievement]),0) -> 0
A14: OEM FR | B14: =COUNTIF(tblBonusCalc[Population],A14) -> 59 | C14: =SUMIF(tblBonusCalc[Population],A14,tblBonusCalc[Scenario Payout]) -> 56700 | D14: =IFERROR(AVERAGEIF(tblBonusCalc[Population],A14,tblBonusCalc[Final Achievement]),0) -> 0.63
A15: RSA FR | B15: =COUNTIF(tblBonusCalc[Population],A15) -> 18 | C15: =SUMIF(tblBonusCalc[Population],A15,tblBonusCalc[Scenario Payout]) -> 12500 | D15: =IFERROR(AVERAGEIF(tblBonusCalc[Population],A15,tblBonusCalc[Final Achievement]),0) -> 0.52083333
A16: RSA NL | B16: =COUNTIF(tblBonusCalc[Population],A16) -> 45 | C16: =SUMIF(tblBonusCalc[Population],A16,tblBonusCalc[Scenario Payout]) -> 28600 | D16: =IFERROR(AVERAGEIF(tblBonusCalc[Population],A16,tblBonusCalc[Final Achievement]),0) -> 0.47666667
A17: RSA VL | B17: =COUNTIF(tblBonusCalc[Population],A17) -> 14 | C17: =SUMIF(tblBonusCalc[Population],A17,tblBonusCalc[Scenario Payout]) -> 11700 | D17: =IFERROR(AVERAGEIF(tblBonusCalc[Population],A17,tblBonusCalc[Final Achievement]),0) -> 0.4875
A18: Decision message
A19: This model makes every threshold, policy, and agent-level calculation visible. The scenario can be discussed now; payroll output remains technically blocked until HR/Compensation owners validate all eight policy decisions and the input rows are marked VALIDATED.

Sheet CONTROLS
A1: Release controls
A2: Resolve every BLOCKED control before treating any payout as operational.
A4: Control | B4: Result
A5: Policies validated | B5: =IF(SETUP!$B$9="READY","PASS","BLOCKED") -> BLOCKED
A6: Validated input rows | B6: =COUNTIFS(tblBonusInput[Agent ID],"<>",tblBonusInput[Data Status],"VALIDATED") -> 0
A7: Synthetic rows | B7: =COUNTIFS(tblBonusInput[Agent ID],"<>",tblBonusInput[Data Status],"SYNTHETIC") -> 0
A8: Blocked core input | B8: =COUNTIF(tblBonusCalc[Core Input],"BLOCKED") -> 46
A9: Eligibility review | B9: =COUNTIF(tblBonusCalc[Eligibility Review],"REVIEW") -> 121
A10: Duplicate agent-period rows | B10: =COUNTIF(tblBonusCalc[Data Issue],"DUPLICATE*") -> 0
A11: Released payout | B11: =SUM(tblBonusCalc[Released Payout]) -> 0

Sheet FORMULA_LOGIC
A1: Bonus formula logic
A2: Plain-language definitions and the exact workbook implementation contract.
A4: Calculation | B4: Definition
A5: Core input gate | B5: All six KPIs, VOC, population config, bonus basis, and valid proration days must be present.
A6: KPI award | B6: Lower-is-better: actual <= target. Higher-is-better: actual >= target. Tier 1 is evaluated before Tier 2.
A7: Extra PCS | B7: Additive sums the extra PCS award; Replacement substitutes the higher of standard PCS and extra PCS.
A8: Gross achievement | B8: Sum of earned KPI weights after absence treatment, then capped by Achievement cap.
A9: VOC malus | B9: 0/1/2/3/4/5+ detractors map to 0%/10%/20%/50%/75%/100%.
A10: Final achievement | B10: Proportional: Gross × (1 − malus). Percentage points: MAX(0, Gross − malus).
A11: Reference bonus | B11: Override when positive; otherwise monthly salary × target rate, divided by 12 only when rate basis is Annual.
A12: Proration | B12: MIN(1, Eligible Days ÷ Scheduled Days). Scheduled Days must follow the selected denominator policy.
A13: Scenario payout | B13: Reference bonus × proration × final achievement, rounded per policy.
A14: Released payout | B14: Scenario payout only when every policy is Validated, data is VALIDATED, core input is ready, and eligibility passes.

Sheet EMAIL_BRIEF
A1: Management email brief
A2: Copy the subject and body below into your email; keep the governance warning.
A4: Subject | B4: Bonus management proposal | 2026-07 | policy validation required
A6: Body | B6: Hello, Please find attached the WFM bonus management proposal for 2026-07. It models 167 illustrative agent records and a scenario payout of 130,000.00 MAD. The model centralizes KPI thresholds, VOC malus, proration, eligibility, and approval controls. It is intentionally blocked for payroll until all policy owners validate their decisions and operational data replaces synthetic records. The MANAGEMENT sheet provides the executive view; POLICY_APPROVAL and CONTROLS show the decisions required for release. Regards, Anass ASSRI
